date-time;year;month;day;hour;Rg;Ta;RH;u;P;smc_065;smc_125;smc_250;smc_500
2013-01-01 00:00:00;2013;1;1;0;-2.271;8.365;91.302;8.053;0.0;0.712;0.689;0.691;0.741
2013-01-01 01:00:00;2013;1;1;1;-2.182;8.269;91.625;7.567;0.0;0.712;0.69;0.691;0.741
2013-01-01 02:00:00;2013;1;1;2;-2.094;8.354;92.01;6.691;0.0;0.713;0.69;0.691;0.74
2013-01-01 03:00:00;2013;1;1;3;-2.012;8.138;92.665;7.058;0.0;0.713;0.689;0.691;0.74
2013-01-01 04:00:00;2013;1;1;4;-1.992;8.179;92.972;6.755;0.0;0.713;0.689;0.691;0.74
2013-01-01 05:00:00;2013;1;1;5;-2.079;8.195;93.388;6.848;0.0;0.713;0.689;0.691;0.74
2013-01-01 06:00:00;2013;1;1;6;-2.37;8.287;92.575;6.405;0.0;0.712;0.69;0.691;0.74
2013-01-01 07:00:00;2013;1;1;7;-2.058;8.318;91.773;6.116;0.0;0.712;0.69;0.691;0.741
2013-01-01 08:00:00;2013;1;1;8;7.365;7.902;92.65;3.685;0.0;0.713;0.689;0.691;0.74
2013-01-01 09:00:00;2013;1;1;9;23.464;7.9;93.882;2.535;0.0;0.712;0.69;0.691;0.74
2013-01-01 10:00:00;2013;1;1;10;22.849;7.08;90.535;6.146;0.0;0.712;0.689;0.691;0.741
2013-01-01 11:00:00;2013;1;1;11;55.835;6.588;88.645;3.998;0.0;0.712;0.689;0.691;0.741
2013-01-01 12:00:00;2013;1;1;12;69.047;6.831;87.532;3.849;0.0;0.712;0.69;0.691;0.741
2013-01-01 13:00:00;2013;1;1;13;105.086;7.013;80.261;5.015;0.0;0.713;0.689;0.692;0.74
2013-01-01 14:00:00;2013;1;1;14;107.791;6.973;74.326;5.576;0.01;0.713;0.69;0.691;0.741
2013-01-01 15:00:00;2013;1;1;15;6.81;5.851;75.787;4.739;0.0;0.712;0.69;0.691;0.741
2013-01-01 16:00:00;2013;1;1;16;-3.984;4.537;82.196;3.339;0.0;0.712;0.689;0.692;0.741
2013-01-01 17:00:00;2013;1;1;17;-3.724;4.364;82.668;4.031;0.0;0.712;0.689;0.692;0.741
2013-01-01 18:00:00;2013;1;1;18;-3.726;4.535;82.963;4.12;0.0;0.712;0.689;0.691;0.741
2013-01-01 19:00:00;2013;1;1;19;-4.11;4.033;86.8;3.596;0.0;0.712;0.689;0.691;0.741
2013-01-01 20:00:00;2013;1;1;20;-3.994;3.677;86.817;3.565;0.01;0.711;0.689;0.69;0.741
2013-01-01 21:00:00;2013;1;1;21;-3.472;4.423;87.072;3.708;0.0;0.711;0.689;0.69;0.741
2013-01-01 22:00:00;2013;1;1;22;-3.451;4.147;88.837;3.408;0.0;0.711;0.689;0.69;0.74
2013-01-01 23:00:00;2013;1;1;23;-3.545;4.827;86.795;4.458;0.0;0.711;0.688;0.69;0.741
2013-01-02 00:00:00;2013;1;2;0;-3.858;5.001;86.658;4.247;0.0;0.71;0.688;0.689;0.741
2013-01-02 01:00:00;2013;1;2;1;-3.694;4.82;87.505;4.268;0.0;0.711;0.688;0.689;0.741
2013-01-02 02:00:00;2013;1;2;2;-4.136;4.385;88.46;4.034;0.01;0.71;0.688;0.689;0.741
2013-01-02 03:00:00;2013;1;2;3;-4.239;3.97;90.535;3.181;0.0;0.71;0.688;0.689;0.741
2013-01-02 04:00:00;2013;1;2;4;-3.921;4.283;91.457;4.145;0.0;0.71;0.688;0.688;0.741
2013-01-02 05:00:00;2013;1;2;5;-4.003;4.262;90.675;4.299;0.0;0.711;0.687;0.689;0.741
2013-01-02 06:00:00;2013;1;2;6;-4.123;3.578;92.01;3.794;0.0;0.711;0.687;0.689;0.741
2013-01-02 07:00:00;2013;1;2;7;-1.513;3.636;92.192;4.263;0.0;0.711;0.687;0.689;0.742
2013-01-02 08:00:00;2013;1;2;8;34.795;3.721;92.893;3.937;0.0;0.71;0.687;0.689;0.742
2013-01-02 09:00:00;2013;1;2;9;112.395;4.798;91.023;3.574;0.0;0.71;0.686;0.689;0.742
2013-01-02 10:00:00;2013;1;2;10;209.17;6.644;85.962;4.131;0.0;0.71;0.686;0.689;0.742
2013-01-02 11:00:00;2013;1;2;11;198.791;7.493;83.728;4.171;0.0;0.71;0.686;0.689;0.742
2013-01-02 12:00:00;2013;1;2;12;167.335;7.713;81.565;4.472;0.0;0.711;0.686;0.689;0.742
2013-01-02 13:00:00;2013;1;2;13;131.226;7.808;81.575;4.182;0.0;0.711;0.686;0.689;0.742
2013-01-02 14:00:00;2013;1;2;14;65.533;7.611;81.361;5.199;0.0;0.711;0.686;0.689;0.742
2013-01-02 15:00:00;2013;1;2;15;3.53;7.393;82.28;5.489;0.0;0.711;0.687;0.689;0.741
2013-01-02 16:00:00;2013;1;2;16;-2.906;7.21;84.095;5.36;0.0;0.712;0.687;0.689;0.742
2013-01-02 17:00:00;2013;1;2;17;-2.789;7.175;85.153;5.033;0.0;0.712;0.687;0.689;0.741
2013-01-02 18:00:00;2013;1;2;18;-2.801;7.231;85.317;5.303;0.0;0.712;0.687;0.689;0.741
2013-01-02 19:00:00;2013;1;2;19;-2.818;6.898;85.688;5.25;0.0;0.712;0.687;0.689;0.742
2013-01-02 20:00:00;2013;1;2;20;-2.778;6.803;86.085;5.303;0.0;0.712;0.687;0.689;0.742
2013-01-02 21:00:00;2013;1;2;21;-2.964;6.704;88.91;6.055;0.0;0.712;0.687;0.689;0.742
2013-01-02 22:00:00;2013;1;2;22;-2.938;6.631;92.307;6.44;0.0;0.712;0.687;0.689;0.741
2013-01-02 23:00:00;2013;1;2;23;-2.754;6.794;94.88;6.884;0.0;0.712;0.687;0.689;0.741
2013-01-03 00:00:00;2013;1;3;0;-2.649;7.13;95.018;7.051;0.0;0.711;0.688;0.689;0.741
2013-01-03 01:00:00;2013;1;3;1;-2.832;7.463;94.892;5.97;0.0;0.712;0.688;0.689;0.742
2013-01-03 02:00:00;2013;1;3;2;-2.724;7.764;95.857;6.078;0.0;0.713;0.688;0.689;0.742
2013-01-03 03:00:00;2013;1;3;3;-2.612;8.269;96.335;5.37;0.0;0.713;0.687;0.69;0.741
2013-01-03 04:00:00;2013;1;3;4;-2.692;8.769;96.645;5.11;0.0;0.713;0.687;0.69;0.741
2013-01-03 05:00:00;2013;1;3;5;-2.794;8.953;96.843;5.126;0.0;0.713;0.688;0.689;0.741
2013-01-03 06:00:00;2013;1;3;6;-2.875;9.156;96.992;6.052;0.0;0.713;0.687;0.69;0.742
2013-01-03 07:00:00;2013;1;3;7;-2.315;9.464;96.237;5.495;0.0;0.713;0.687;0.69;0.742
2013-01-03 08:00:00;2013;1;3;8;3.133;9.717;95.183;5.754;0.0;0.713;0.688;0.69;0.742
2013-01-03 09:00:00;2013;1;3;9;18.325;10.063;93.342;6.018;0.0;0.713;0.688;0.69;0.742
2013-01-03 10:00:00;2013;1;3;10;57.211;10.528;91.682;5.774;0.0;0.713;0.688;0.69;0.742
2013-01-03 11:00:00;2013;1;3;11;38.629;10.645;90.907;5.477;0.0;0.713;0.688;0.691;0.742
2013-01-03 12:00:00;2013;1;3;12;32.219;10.675;90.452;5.235;0.0;0.713;0.688;0.691;0.742
2013-01-03 13:00:00;2013;1;3;13;24.307;10.464;91.998;5.216;0.0;0.713;0.688;0.691;0.742
2013-01-03 14:00:00;2013;1;3;14;16.492;10.559;91.068;5.235;0.0;0.713;0.689;0.691;0.742
2013-01-03 15:00:00;2013;1;3;15;0.665;10.474;90.097;5.613;0.0;0.714;0.689;0.691;0.741
2013-01-03 16:00:00;2013;1;3;16;-2.878;10.217;90.573;5.499;0.0;0.713;0.689;0.692;0.742
2013-01-03 17:00:00;2013;1;3;17;-2.863;10.079;90.372;5.146;0.0;0.713;0.689;0.692;0.742
2013-01-03 18:00:00;2013;1;3;18;-2.893;9.954;90.557;5.224;0.0;0.713;0.689;0.692;0.741
2013-01-03 19:00:00;2013;1;3;19;-2.929;9.96;90.467;5.198;0.0;0.713;0.689;0.692;0.742
2013-01-03 20:00:00;2013;1;3;20;-3.013;9.798;91.937;4.818;0.0;0.713;0.689;0.692;0.742
2013-01-03 21:00:00;2013;1;3;21;-2.878;9.841;92.523;4.331;0.0;0.713;0.689;0.692;0.741
2013-01-03 22:00:00;2013;1;3;22;-2.879;9.888;92.655;3.378;0.0;0.714;0.69;0.692;0.741
2013-01-03 23:00:00;2013;1;3;23;-2.929;9.838;93.187;3.892;0.0;0.714;0.69;0.692;0.741
2013-01-04 00:00:00;2013;1;4;0;-2.887;9.883;93.228;4.491;0.0;0.714;0.69;0.692;0.742
2013-01-04 01:00:00;2013;1;4;1;-2.889;9.824;93.527;4.403;0.0;0.714;0.69;0.692;0.741
2013-01-04 02:00:00;2013;1;4;2;-3.077;9.929;94.035;4.888;0.0;0.714;0.69;0.692;0.741
2013-01-04 03:00:00;2013;1;4;3;-3.104;9.482;95.622;4.452;0.0;0.713;0.691;0.692;0.741
2013-01-04 04:00:00;2013;1;4;4;-2.997;9.503;95.542;4.573;0.0;0.713;0.69;0.692;0.742
2013-01-04 05:00:00;2013;1;4;5;-2.992;9.602;94.35;4.3;0.0;0.713;0.69;0.693;0.742
2013-01-04 06:00:00;2013;1;4;6;-2.885;9.684;93.493;4.245;0.0;0.713;0.69;0.693;0.742
2013-01-04 07:00:00;2013;1;4;7;-2.455;9.545;93.698;4.599;0.0;0.714;0.69;0.693;0.742
2013-01-04 08:00:00;2013;1;4;8;2.637;9.273;94.893;4.931;0.0;0.714;0.69;0.693;0.742
2013-01-04 09:00:00;2013;1;4;9;14.119;9.183;95.275;5.083;0.0;0.713;0.69;0.693;0.742
2013-01-04 10:00:00;2013;1;4;10;19.846;9.198;94.258;5.056;0.0;0.714;0.69;0.693;0.742
2013-01-04 11:00:00;2013;1;4;11;32.404;9.34;93.282;4.68;0.0;0.714;0.69;0.693;0.742
2013-01-04 12:00:00;2013;1;4;12;21.363;9.455;92.017;4.746;0.0;0.714;0.69;0.693;0.742
2013-01-04 13:00:00;2013;1;4;13;22.533;9.544;92.602;4.708;0.0;0.714;0.691;0.693;0.742
2013-01-04 14:00:00;2013;1;4;14;23.348;9.328;93.073;5.255;0.0;0.714;0.691;0.693;0.741
2013-01-04 15:00:00;2013;1;4;15;-0.1;9.155;92.488;4.834;0.0;0.714;0.691;0.693;0.741
2013-01-04 16:00:00;2013;1;4;16;-3.268;8.988;91.752;5.198;0.0;0.714;0.691;0.693;0.742
2013-01-04 17:00:00;2013;1;4;17;-3.344;9.064;91.183;5.214;0.0;0.714;0.691;0.693;0.742
2013-01-04 18:00:00;2013;1;4;18;-3.312;8.635;92.37;4.916;0.0;0.714;0.691;0.693;0.741
2013-01-04 19:00:00;2013;1;4;19;-3.297;8.506;93.125;4.387;0.0;0.713;0.691;0.693;0.742
2013-01-04 20:00:00;2013;1;4;20;-3.172;8.394;94.568;4.35;0.0;0.714;0.691;0.693;0.742
2013-01-04 21:00:00;2013;1;4;21;-3.17;8.352;94.517;4.179;0.0;0.714;0.691;0.693;0.742
2013-01-04 22:00:00;2013;1;4;22;-3.216;8.368;92.695;5.035;0.0;0.713;0.691;0.693;0.742
2013-01-04 23:00:00;2013;1;4;23;-3.321;8.304;91.785;4.125;0.0;0.713;0.691;0.693;0.742
2013-01-05 00:00:00;2013;1;5;0;-3.142;8.134;91.877;4.63;0.0;0.714;0.691;0.693;0.742
2013-01-05 01:00:00;2013;1;5;1;-2.943;8.114;90.988;4.846;0.0;0.713;0.691;0.693;0.741
2013-01-05 02:00:00;2013;1;5;2;-2.994;8.02;90.68;4.789;0.0;0.713;0.691;0.693;0.742
2013-01-05 03:00:00;2013;1;5;3;-3.014;7.891;90.657;4.516;0.0;0.713;0.691;0.693;0.742
2013-01-05 04:00:00;2013;1;5;4;-2.89;7.865;91.243;3.343;0.0;0.713;0.692;0.693;0.741
2013-01-05 05:00:00;2013;1;5;5;-2.869;7.881;91.203;2.987;0.0;0.713;0.691;0.692;0.741
2013-01-05 06:00:00;2013;1;5;6;-2.863;7.907;90.272;2.886;0.0;0.713;0.691;0.693;0.742
2013-01-05 07:00:00;2013;1;5;7;-2.386;7.961;91.708;2.783;0.0;0.713;0.691;0.693;0.742
2013-01-05 08:00:00;2013;1;5;8;4.556;8.045;92.31;2.635;0.0;0.713;0.69;0.693;0.742
2013-01-05 09:00:00;2013;1;5;9;11.759;8.18;92.553;2.958;0.0;0.713;0.69;0.693;0.742
2013-01-05 10:00:00;2013;1;5;10;18.357;8.558;91.995;2.513;0.0;0.713;0.69;0.693;0.742
2013-01-05 11:00:00;2013;1;5;11;18.18;8.537;88.667;3.328;0.0;0.713;0.69;0.693;0.742
2013-01-05 12:00:00;2013;1;5;12;17.496;8.469;88.787;3.217;0.0;0.713;0.691;0.693;0.741
2013-01-05 13:00:00;2013;1;5;13;14.535;8.187;91.66;3.205;0.0;0.713;0.691;0.693;0.742
2013-01-05 14:00:00;2013;1;5;14;6.735;7.833;91.807;4.275;0.0;0.713;0.691;0.693;0.742
2013-01-05 15:00:00;2013;1;5;15;-1.979;7.54;92.887;3.385;0.0;0.713;0.691;0.693;0.742
2013-01-05 16:00:00;2013;1;5;16;-3.624;7.364;93.17;2.135;0.0;0.713;0.691;0.693;0.742
2013-01-05 17:00:00;2013;1;5;17;-4.264;7.245;95.082;1.426;0.0;0.713;0.691;0.693;0.742
2013-01-05 18:00:00;2013;1;5;18;-3.51;7.286;94.673;2.97;0.0;0.713;0.691;0.693;0.742
2013-01-05 19:00:00;2013;1;5;19;-3.521;7.201;94.497;2.293;0.0;0.713;0.691;0.693;0.742
2013-01-05 20:00:00;2013;1;5;20;-3.349;7.281;94.688;3.5;0.0;0.713;0.691;0.693;0.742
2013-01-05 21:00:00;2013;1;5;21;-3.3;7.383;94.622;3.329;0.0;0.713;0.691;0.693;0.742
2013-01-05 22:00:00;2013;1;5;22;-3.189;7.317;95.432;3.268;0.0;0.713;0.691;0.693;0.742
2013-01-05 23:00:00;2013;1;5;23;-3.185;7.448;95.343;3.1;0.0;0.713;0.691;0.693;0.742
2013-01-06 00:00:00;2013;1;6;0;-3.149;7.57;94.972;3.904;0.01;0.713;0.691;0.693;0.741
2013-01-06 01:00:00;2013;1;6;1;-3.092;7.807;93.888;3.121;0.0;0.713;0.691;0.693;0.741
2013-01-06 02:00:00;2013;1;6;2;-2.923;8.092;93.488;3.631;0.0;0.713;0.691;0.693;0.742
2013-01-06 03:00:00;2013;1;6;3;-2.816;8.559;92.424;3.298;0.0;0.713;0.691;0.693;0.742
2013-01-06 04:00:00;2013;1;6;4;-2.786;8.577;90.578;3.479;0.0;0.713;0.691;0.693;0.742
2013-01-06 05:00:00;2013;1;6;5;-2.854;8.388;90.505;3.036;0.0;0.713;0.691;0.692;0.742
2013-01-06 06:00:00;2013;1;6;6;-2.931;8.324;91.338;4.302;0.0;0.712;0.691;0.692;0.742
2013-01-06 07:00:00;2013;1;6;7;-2.164;8.18;91.735;4.412;0.0;0.712;0.691;0.692;0.742
2013-01-06 08:00:00;2013;1;6;8;5.975;8.221;92.035;4.386;0.0;0.712;0.691;0.692;0.742
2013-01-06 09:00:00;2013;1;6;9;29.759;8.601;90.645;4.052;0.0;0.712;0.691;0.692;0.741
2013-01-06 10:00:00;2013;1;6;10;63.915;8.996;89.722;4.453;0.0;0.712;0.691;0.692;0.742
2013-01-06 11:00:00;2013;1;6;11;58.325;9.022;89.993;4.516;0.0;0.712;0.69;0.693;0.742
2013-01-06 12:00:00;2013;1;6;12;83.492;9.274;88.443;3.977;0.0;0.712;0.69;0.693;0.742
2013-01-06 13:00:00;2013;1;6;13;65.764;9.491;85.757;3.283;0.0;0.712;0.691;0.693;0.742
2013-01-06 14:00:00;2013;1;6;14;31.048;9.323;86.12;2.886;0.0;0.712;0.691;0.693;0.742
2013-01-06 15:00:00;2013;1;6;15;5.616;8.301;90.132;2.621;0.0;0.712;0.691;0.693;0.742
2013-01-06 16:00:00;2013;1;6;16;-4.585;7.307;93.157;2.147;0.0;0.712;0.691;0.693;0.742
2013-01-06 17:00:00;2013;1;6;17;-4.105;7.435;94.247;2.999;0.0;0.712;0.691;0.693;0.742
2013-01-06 18:00:00;2013;1;6;18;-3.17;7.436;95.213;3.261;0.0;0.711;0.691;0.693;0.742
2013-01-06 19:00:00;2013;1;6;19;-2.921;7.281;96.147;3.295;0.0;0.711;0.691;0.693;0.741
2013-01-06 20:00:00;2013;1;6;20;-2.979;7.089;96.745;3.926;0.0;0.711;0.691;0.693;0.742
2013-01-06 21:00:00;2013;1;6;21;-2.814;7.271;96.647;2.835;0.0;0.711;0.691;0.693;0.743
2013-01-06 22:00:00;2013;1;6;22;-2.807;7.657;95.268;2.976;0.0;0.71;0.691;0.693;0.742
2013-01-06 23:00:00;2013;1;6;23;-2.934;7.758;95.217;3.767;0.0;0.71;0.691;0.693;0.743
2013-01-07 00:00:00;2013;1;7;0;-3.075;7.44;95.988;3.899;0.0;0.71;0.691;0.692;0.744
2013-01-07 01:00:00;2013;1;7;1;-2.992;7.059;96.277;3.561;0.0;0.71;0.691;0.693;0.743
2013-01-07 02:00:00;2013;1;7;2;-3.01;6.962;96.363;3.581;0.0;0.71;0.691;0.693;0.744
2013-01-07 03:00:00;2013;1;7;3;-3.411;6.967;96.013;1.734;0.0;0.71;0.691;0.693;0.744
2013-01-07 04:00:00;2013;1;7;4;-3.67;7.019;96.177;1.411;0.0;0.709;0.691;0.692;0.744
2013-01-07 05:00:00;2013;1;7;5;-3.396;7.101;96.93;1.815;0.0;0.709;0.691;0.693;0.746
2013-01-07 06:00:00;2013;1;7;6;-3.062;7.416;96.802;2.385;0.0;0.708;0.69;0.693;0.747
2013-01-07 07:00:00;2013;1;7;7;-2.251;7.613;95.783;2.902;0.0;0.708;0.69;0.693;0.747
2013-01-07 08:00:00;2013;1;7;8;8.277;7.769;95.328;2.284;0.0;0.708;0.69;0.693;0.746
2013-01-07 09:00:00;2013;1;7;9;20.097;7.963;94.857;3.313;0.0;0.708;0.69;0.693;0.747
2013-01-07 10:00:00;2013;1;7;10;32.73;8.136;94.272;3.882;0.0;0.708;0.69;0.693;0.747
2013-01-07 11:00:00;2013;1;7;11;15.764;8.175;93.532;2.939;0.0;0.708;0.69;0.693;0.747
2013-01-07 12:00:00;2013;1;7;12;26.061;8.065;93.425;3.251;0.0;0.709;0.69;0.693;0.747
2013-01-07 13:00:00;2013;1;7;13;15.881;8.243;87.453;4.958;0.0;0.709;0.69;0.693;0.746
2013-01-07 14:00:00;2013;1;7;14;4.847;8.307;87.093;3.258;0.0;0.708;0.691;0.693;0.746
2013-01-07 15:00:00;2013;1;7;15;-1.169;7.934;88.552;2.331;0.0;0.707;0.691;0.693;0.747
2013-01-07 16:00:00;2013;1;7;16;-2.835;7.684;87.503;3.827;0.0;0.706;0.691;0.693;0.748
2013-01-07 17:00:00;2013;1;7;17;-2.927;6.974;89.303;3.561;0.0;0.706;0.691;0.693;0.748
2013-01-07 18:00:00;2013;1;7;18;-2.929;6.454;90.555;3.89;0.0;0.706;0.691;0.693;0.748
2013-01-07 19:00:00;2013;1;7;19;-2.965;6.201;91.923;3.647;0.0;0.705;0.691;0.693;0.748
2013-01-07 20:00:00;2013;1;7;20;-2.754;6.253;90.79;3.919;0.0;0.704;0.691;0.693;0.749
2013-01-07 21:00:00;2013;1;7;21;-2.925;6.288;91.325;4.066;0.0;0.702;0.692;0.693;0.75
2013-01-07 22:00:00;2013;1;7;22;-3.214;6.144;93.5;4.243;0.0;0.702;0.691;0.693;0.75
2013-01-07 23:00:00;2013;1;7;23;-3.168;6.239;92.285;4.326;0.0;0.702;0.691;0.693;0.749
2013-01-08 00:00:00;2013;1;8;0;-3.113;6.224;91.682;4.605;0.0;0.7;0.691;0.692;0.751
2013-01-08 01:00:00;2013;1;8;1;-3.283;6.044;92.5;4.433;0.0;0.7;0.691;0.692;0.75
2013-01-08 02:00:00;2013;1;8;2;-3.142;5.815;94.025;4.292;0.01;0.7;0.691;0.692;0.75
2013-01-08 03:00:00;2013;1;8;3;-2.874;5.793;91.943;5.255;0.0;0.699;0.691;0.692;0.75
2013-01-08 04:00:00;2013;1;8;4;-2.681;5.941;90.452;4.756;0.0;0.698;0.691;0.692;0.75
2013-01-08 05:00:00;2013;1;8;5;-2.682;6.006;90.41;5.012;0.0;0.698;0.691;0.692;0.751
2013-01-08 06:00:00;2013;1;8;6;-2.678;6.087;90.04;5.264;0.0;0.696;0.69;0.692;0.752
2013-01-08 07:00:00;2013;1;8;7;-1.48;6.159;89.683;5.805;0.0;0.688;0.689;0.689;0.753
2013-01-08 08:00:00;2013;1;8;8;24.536;6.253;89.61;5.483;0.0;0.688;0.689;0.689;0.753
2013-01-08 09:00:00;2013;1;8;9;66.634;7.296;87.985;5.457;0.0;0.688;0.689;0.689;0.753
2013-01-08 10:00:00;2013;1;8;10;86.58;7.206;86.897;5.184;0.0;0.689;0.689;0.69;0.754
2013-01-08 11:00:00;2013;1;8;11;63.637;7.514;85.808;5.266;0.0;0.689;0.689;0.689;0.754
2013-01-08 12:00:00;2013;1;8;12;51.724;7.663;85.667;4.8;0.0;0.688;0.689;0.689;0.754
2013-01-08 13:00:00;2013;1;8;13;33.751;7.742;85.29;5.379;0.0;0.688;0.689;0.689;0.754
2013-01-08 14:00:00;2013;1;8;14;12.91;7.695;86.12;5.362;0.0;0.688;0.689;0.689;0.754
2013-01-08 15:00:00;2013;1;8;15;-0.308;7.655;86.78;4.682;0.0;0.689;0.689;0.689;0.755
2013-01-08 16:00:00;2013;1;8;16;-2.845;7.559;87.347;4.596;0.0;0.696;0.695;0.691;0.754
2013-01-08 17:00:00;2013;1;8;17;-2.757;7.645;87.398;4.057;0.0;0.696;0.69;0.691;0.754
2013-01-08 18:00:00;2013;1;8;18;-2.813;7.782;86.61;2.955;0.0;0.696;0.691;0.69;0.754
2013-01-08 19:00:00;2013;1;8;19;-2.786;7.654;86.133;4.555;0.0;0.695;0.696;0.69;0.754
2013-01-08 20:00:00;2013;1;8;20;-3.337;7.225;89.638;4.831;0.0;0.695;0.697;0.69;0.754
2013-01-08 21:00:00;2013;1;8;21;-3.209;6.673;94.688;4.282;0.0;0.694;0.696;0.69;0.754
2013-01-08 22:00:00;2013;1;8;22;-2.999;6.484;94.313;4.751;0.0;0.687;0.691;0.688;0.752
2013-01-08 23:00:00;2013;1;8;23;-2.892;6.525;91.018;3.675;0.0;0.687;0.691;0.688;0.752
2013-01-09 00:00:00;2013;1;9;0;-2.686;6.561;88.933;3.957;0.0;0.686;0.692;0.688;0.751
2013-01-09 01:00:00;2013;1;9;1;-3.259;6.249;91.525;4.665;0.0;0.686;0.692;0.689;0.752
2013-01-09 02:00:00;2013;1;9;2;-3.037;5.974;94.57;4.909;0.0;0.686;0.691;0.688;0.751
2013-01-09 03:00:00;2013;1;9;3;-2.806;5.853;95.237;5.222;0.0;0.686;0.691;0.688;0.752
2013-01-09 04:00:00;2013;1;9;4;-2.635;5.791;95.375;5.133;0.0;0.694;0.694;0.69;0.753
2013-01-09 05:00:00;2013;1;9;5;-2.808;5.83;95.363;4.473;0.0;0.691;0.691;0.689;0.752
2013-01-09 06:00:00;2013;1;9;6;-2.737;5.91;95.64;4.914;0.0;0.701;0.691;0.691;0.75
2013-01-09 07:00:00;2013;1;9;7;-2.474;5.877;96.012;5.416;0.0;0.705;0.69;0.692;0.747
2013-01-09 08:00:00;2013;1;9;8;0.818;5.94;95.205;4.095;0.0;0.706;0.69;0.692;0.746
2013-01-09 09:00:00;2013;1;9;9;9.642;6.039;94.73;4.182;0.0;0.707;0.69;0.692;0.746
2013-01-09 10:00:00;2013;1;9;10;17.712;6.182;94.298;5.338;0.0;0.707;0.69;0.692;0.746
2013-01-09 11:00:00;2013;1;9;11;27.745;6.168;94.668;5.946;0.0;0.708;0.69;0.692;0.746
2013-01-09 12:00:00;2013;1;9;12;19.75;6.18;94.767;5.595;0.0;0.708;0.69;0.692;0.746
2013-01-09 13:00:00;2013;1;9;13;18.98;6.329;95.177;4.808;0.0;0.708;0.69;0.692;0.745
2013-01-09 14:00:00;2013;1;9;14;31.027;6.591;95.958;4.013;0.0;0.708;0.69;0.692;0.745
2013-01-09 15:00:00;2013;1;9;15;2.245;6.788;96.27;3.049;0.0;0.709;0.691;0.692;0.744
2013-01-09 16:00:00;2013;1;9;16;-3.463;6.87;92.368;4.804;0.0;0.708;0.691;0.691;0.744
2013-01-09 17:00:00;2013;1;9;17;-3.685;6.354;88.612;3.465;0.0;0.709;0.69;0.692;0.745
2013-01-09 18:00:00;2013;1;9;18;-3.701;5.658;90.445;2.893;0.0;0.709;0.69;0.692;0.745
2013-01-09 19:00:00;2013;1;9;19;-3.065;5.869;89.937;3.478;0.0;0.709;0.69;0.692;0.745
2013-01-09 20:00:00;2013;1;9;20;-3.076;5.926;90.48;2.979;0.0;0.709;0.69;0.692;0.744
2013-01-09 21:00:00;2013;1;9;21;-3.286;5.681;90.898;2.889;0.0;0.709;0.69;0.692;0.744
2013-01-09 22:00:00;2013;1;9;22;-3.259;5.406;90.225;2.373;0.0;0.709;0.69;0.692;0.743
2013-01-09 23:00:00;2013;1;9;23;-3.049;5.704;90.377;2.89;0.0;0.709;0.69;0.691;0.744
2013-01-10 00:00:00;2013;1;10;0;-3.146;5.356;91.035;2.631;0.0;0.709;0.69;0.691;0.743
2013-01-10 01:00:00;2013;1;10;1;-3.039;5.237;90.625;3.368;0.0;0.709;0.69;0.691;0.744
2013-01-10 02:00:00;2013;1;10;2;-3.016;5.204;90.533;3.688;0.0;0.709;0.69;0.691;0.743
2013-01-10 03:00:00;2013;1;10;3;-2.99;5.108;89.912;3.234;0.01;0.709;0.69;0.691;0.743
2013-01-10 04:00:00;2013;1;10;4;-2.976;5.114;88.352;3.867;0.0;0.709;0.69;0.691;0.743
2013-01-10 05:00:00;2013;1;10;5;-3.183;5.033;90.208;2.894;0.0;0.709;0.689;0.691;0.744
2013-01-10 06:00:00;2013;1;10;6;-4.131;4.792;92.518;0.809;0.0;0.709;0.689;0.691;0.744
2013-01-10 07:00:00;2013;1;10;7;-2.347;3.904;90.515;2.352;0.0;0.709;0.689;0.691;0.743
2013-01-10 08:00:00;2013;1;10;8;18.309;3.15;91.497;3.141;0.0;0.709;0.69;0.691;0.743
2013-01-10 09:00:00;2013;1;10;9;104.718;4.478;88.417;3.68;0.0;0.709;0.689;0.691;0.743
2013-01-10 10:00:00;2013;1;10;10;210.187;5.963;82.915;4.23;0.0;0.709;0.689;0.691;0.743
2013-01-10 11:00:00;2013;1;10;11;239.081;6.98;78.538;4.503;0.0;0.709;0.689;0.691;0.743
2013-01-10 12:00:00;2013;1;10;12;144.571;7.075;77.46;4.597;0.0;0.709;0.689;0.691;0.743
2013-01-10 13:00:00;2013;1;10;13;60.621;6.928;79.481;3.641;0.0;0.709;0.689;0.691;0.743
2013-01-10 14:00:00;2013;1;10;14;33.283;6.609;81.222;3.704;0.0;0.709;0.689;0.69;0.743
2013-01-10 15:00:00;2013;1;10;15;7.325;5.751;85.443;3.305;0.0;0.708;0.69;0.69;0.743
2013-01-10 16:00:00;2013;1;10;16;-2.9;6.071;85.74;3.99;0.0;0.709;0.689;0.691;0.744
2013-01-10 17:00:00;2013;1;10;17;-3.282;5.871;87.308;3.572;0.0;0.709;0.689;0.691;0.743
2013-01-10 18:00:00;2013;1;10;18;-3.706;5.565;88.763;3.255;0.0;0.709;0.689;0.691;0.743
2013-01-10 19:00:00;2013;1;10;19;-3.088;5.556;90.702;3.17;0.0;0.709;0.689;0.691;0.742
2013-01-10 20:00:00;2013;1;10;20;-3.242;4.831;91.14;4.091;0.0;0.71;0.69;0.691;0.742
2013-01-10 21:00:00;2013;1;10;21;-3.201;2.807;92.892;4.676;0.0;0.709;0.689;0.691;0.743
2013-01-10 22:00:00;2013;1;10;22;-3.242;0.91;88.485;4.66;0.0;0.71;0.689;0.691;0.743
2013-01-10 23:00:00;2013;1;10;23;-4.165;-0.514;87.022;3.336;0.0;0.709;0.689;0.691;0.743
2013-01-11 00:00:00;2013;1;11;0;-4.965;-1.4;88.0;1.814;0.0;0.709;0.689;0.691;0.743
2013-01-11 01:00:00;2013;1;11;1;-4.919;-1.706;90.093;1.465;0.0;0.709;0.689;0.69;0.743
2013-01-11 02:00:00;2013;1;11;2;-5.048;-2.195;91.302;1.883;0.0;0.707;0.689;0.689;0.741
2013-01-11 03:00:00;2013;1;11;3;-4.904;-2.819;91.978;2.004;0.0;0.706;0.689;0.688;0.741
2013-01-11 04:00:00;2013;1;11;4;-4.215;-2.955;93.11;1.644;0.0;0.705;0.689;0.688;0.743
2013-01-11 05:00:00;2013;1;11;5;-3.873;-2.057;93.73;1.049;0.0;0.707;0.688;0.69;0.744
2013-01-11 06:00:00;2013;1;11;6;-4.089;-1.328;92.512;0.973;0.0;0.707;0.687;0.689;0.744
2013-01-11 07:00:00;2013;1;11;7;-1.094;-0.824;89.708;0.802;0.0;0.706;0.688;0.688;0.743
2013-01-11 08:00:00;2013;1;11;8;25.294;-0.606;86.817;0.782;0.0;0.706;0.688;0.687;0.744
2013-01-11 09:00:00;2013;1;11;9;61.802;-0.044;89.122;1.198;0.0;0.706;0.688;0.687;0.743
2013-01-11 10:00:00;2013;1;11;10;112.717;0.891;79.425;2.122;0.0;0.706;0.688;0.687;0.743
2013-01-11 11:00:00;2013;1;11;11;196.607;2.001;68.154;2.365;0.0;0.707;0.687;0.688;0.744
2013-01-11 12:00:00;2013;1;11;12;241.791;2.734;61.004;1.981;0.0;0.707;0.687;0.688;0.745
2013-01-11 13:00:00;2013;1;11;13;206.13;3.045;60.366;2.354;0.0;0.707;0.686;0.689;0.746
2013-01-11 14:00:00;2013;1;11;14;115.267;2.813;61.94;1.933;0.0;0.707;0.687;0.689;0.746
2013-01-11 15:00:00;2013;1;11;15;16.294;2.062;66.111;1.713;0.0;0.707;0.686;0.689;0.746
2013-01-11 16:00:00;2013;1;11;16;-3.345;1.011;78.29;2.116;0.0;0.707;0.687;0.688;0.746
2013-01-11 17:00:00;2013;1;11;17;-3.715;0.533;82.209;1.681;0.0;0.707;0.687;0.688;0.746
2013-01-11 18:00:00;2013;1;11;18;-4.134;0.57;80.084;0.644;0.0;0.707;0.686;0.688;0.746
2013-01-11 19:00:00;2013;1;11;19;-4.006;0.401;84.271;0.641;0.0;0.707;0.687;0.688;0.744
2013-01-11 20:00:00;2013;1;11;20;-4.409;0.331;88.24;0.462;0.0;0.706;0.687;0.687;0.744
2013-01-11 21:00:00;2013;1;11;21;-4.118;0.319;86.635;0.557;0.0;0.705;0.687;0.686;0.743
2013-01-11 22:00:00;2013;1;11;22;-3.794;0.265;86.292;1.303;0.0;0.705;0.687;0.687;0.744
2013-01-11 23:00:00;2013;1;11;23;-3.679;0.285;80.228;1.062;0.0;0.706;0.687;0.687;0.745
2013-01-12 00:00:00;2013;1;12;0;-3.77;0.006;83.174;1.377;0.0;0.706;0.686;0.687;0.745
2013-01-12 01:00:00;2013;1;12;1;-3.593;0.034;84.475;1.553;0.0;0.706;0.686;0.687;0.745
2013-01-12 02:00:00;2013;1;12;2;-3.255;0.118;84.283;2.117;0.0;0.706;0.686;0.687;0.745
2013-01-12 03:00:00;2013;1;12;3;-3.18;0.194;83.113;1.989;0.0;0.705;0.686;0.687;0.745
2013-01-12 04:00:00;2013;1;12;4;-3.537;0.048;81.359;1.729;0.0;0.705;0.686;0.687;0.745
2013-01-12 05:00:00;2013;1;12;5;-3.18;-0.129;80.629;2.605;0.0;0.705;0.687;0.687;0.745
2013-01-12 06:00:00;2013;1;12;6;-3.145;-0.297;77.368;2.783;0.0;0.703;0.687;0.686;0.745
2013-01-12 07:00:00;2013;1;12;7;2.867;-0.179;74.738;3.39;0.0;0.704;0.686;0.687;0.747
2013-01-12 08:00:00;2013;1;12;8;52.743;0.177;73.949;3.633;0.0;0.704;0.685;0.687;0.748
2013-01-12 09:00:00;2013;1;12;9;171.004;0.758;74.554;4.078;0.0;0.703;0.685;0.687;0.748
2013-01-12 10:00:00;2013;1;12;10;235.895;1.554;69.691;4.359;0.0;0.703;0.685;0.687;0.748
2013-01-12 11:00:00;2013;1;12;11;239.611;1.895;70.875;4.248;0.0;0.702;0.685;0.687;0.749
2013-01-12 12:00:00;2013;1;12;12;223.603;1.992;67.692;4.79;0.0;0.702;0.685;0.687;0.749
2013-01-12 13:00:00;2013;1;12;13;111.71;1.758;66.001;4.336;0.0;0.702;0.685;0.687;0.749
2013-01-12 14:00:00;2013;1;12;14;87.791;1.51;67.404;4.088;0.0;0.701;0.686;0.686;0.748
2013-01-12 15:00:00;2013;1;12;15;20.17;0.682;72.516;3.29;0.0;0.7;0.686;0.686;0.748
2013-01-12 16:00:00;2013;1;12;16;-4.219;-1.238;85.692;3.158;0.0;0.698;0.686;0.686;0.749
2013-01-12 17:00:00;2013;1;12;17;-4.407;-1.983;89.462;3.081;0.0;0.695;0.685;0.686;0.75
2013-01-12 18:00:00;2013;1;12;18;-4.551;-2.184;89.093;2.459;0.0;0.693;0.685;0.685;0.749
2013-01-12 19:00:00;2013;1;12;19;-4.229;-2.386;85.586;2.98;0.0;0.69;0.685;0.684;0.749
2013-01-12 20:00:00;2013;1;12;20;-3.848;-1.435;77.865;3.82;0.0;0.689;0.685;0.684;0.749
2013-01-12 21:00:00;2013;1;12;21;-3.903;-1.518;77.596;3.889;0.0;0.683;0.684;0.682;0.748
2013-01-12 22:00:00;2013;1;12;22;-4.149;-2.897;84.823;3.238;0.0;0.68;0.684;0.682;0.746
2013-01-12 23:00:00;2013;1;12;23;-4.293;-3.341;87.482;2.864;0.0;0.679;0.684;0.681;0.746
2013-01-13 00:00:00;2013;1;13;0;-4.269;-4.379;88.815;3.069;0.0;0.679;0.683;0.681;0.746
2013-01-13 01:00:00;2013;1;13;1;-4.551;-4.701;88.882;2.256;0.0;0.679;0.684;0.681;0.745
2013-01-13 02:00:00;2013;1;13;2;-4.35;-5.226;88.765;2.744;0.0;0.678;0.684;0.68;0.746
2013-01-13 03:00:00;2013;1;13;3;-4.001;-4.759;88.208;3.506;0.0;0.681;0.685;0.683;0.747
2013-01-13 04:00:00;2013;1;13;4;-4.146;-4.406;87.603;2.912;0.0;0.684;0.684;0.685;0.748
2013-01-13 05:00:00;2013;1;13;5;-4.208;-4.483;87.592;2.921;0.0;0.682;0.686;0.685;0.748
2013-01-13 06:00:00;2013;1;13;6;-4.12;-5.465;88.437;2.91;0.0;0.681;0.686;0.684;0.746
2013-01-13 07:00:00;2013;1;13;7;-0.042;-5.657;88.558;2.586;0.0;0.683;0.685;0.684;0.746
2013-01-13 08:00:00;2013;1;13;8;60.952;-5.043;87.122;2.819;0.0;0.681;0.684;0.684;0.746
2013-01-13 09:00:00;2013;1;13;9;156.523;-3.457;83.218;3.717;0.0;0.678;0.683;0.682;0.742
2013-01-13 10:00:00;2013;1;13;10;229.442;-1.668;76.519;4.036;0.0;0.677;0.683;0.682;0.741
2013-01-13 11:00:00;2013;1;13;11;261.603;-0.322;70.255;4.392;0.0;0.679;0.683;0.682;0.742
2013-01-13 12:00:00;2013;1;13;12;232.834;0.085;68.113;4.706;0.0;0.679;0.683;0.682;0.743
2013-01-13 13:00:00;2013;1;13;13;162.148;0.104;71.379;4.583;0.0;0.679;0.683;0.682;0.743
2013-01-13 14:00:00;2013;1;13;14;45.495;-0.709;76.831;4.593;0.0;0.681;0.683;0.683;0.744
2013-01-13 15:00:00;2013;1;13;15;22.069;-0.855;78.522;3.997;0.0;0.681;0.683;0.683;0.744
2013-01-13 16:00:00;2013;1;13;16;-2.404;-0.831;78.759;3.957;0.0;0.681;0.683;0.683;0.744
2013-01-13 17:00:00;2013;1;13;17;-2.749;-1.058;79.88;4.188;0.0;0.681;0.683;0.683;0.744
2013-01-13 18:00:00;2013;1;13;18;-2.97;-1.414;83.035;3.453;0.0;0.679;0.683;0.682;0.744
2013-01-13 19:00:00;2013;1;13;19;-3.034;-1.723;83.065;3.052;0.0;0.676;0.683;0.681;0.74
2013-01-13 20:00:00;2013;1;13;20;-3.113;-1.819;83.655;2.342;0.0;0.672;0.683;0.68;0.739
2013-01-13 21:00:00;2013;1;13;21;-3.627;-2.24;85.867;1.902;0.0;0.672;0.683;0.68;0.737
2013-01-13 22:00:00;2013;1;13;22;-3.526;-2.054;87.603;1.609;0.0;0.672;0.682;0.68;0.737
2013-01-13 23:00:00;2013;1;13;23;-2.64;-1.815;87.828;2.506;0.0;0.671;0.682;0.68;0.737
2013-01-14 00:00:00;2013;1;14;0;-2.867;-1.94;85.893;2.356;0.0;0.671;0.682;0.681;0.737
2013-01-14 01:00:00;2013;1;14;1;-3.844;-3.1;84.628;2.501;0.01;0.666;0.682;0.68;0.736
2013-01-14 02:00:00;2013;1;14;2;-3.434;-3.572;86.81;2.793;0.0;0.665;0.682;0.679;0.736
2013-01-14 03:00:00;2013;1;14;3;-3.115;-3.708;82.987;2.599;0.0;0.664;0.683;0.679;0.735
2013-01-14 04:00:00;2013;1;14;4;-3.509;-4.348;85.295;1.956;0.0;0.664;0.682;0.679;0.736
2013-01-14 05:00:00;2013;1;14;5;-3.779;-3.894;82.364;1.74;0.0;0.667;0.681;0.68;0.737
2013-01-14 06:00:00;2013;1;14;6;-4.574;-5.544;88.678;2.122;0.0;0.666;0.681;0.68;0.736
2013-01-14 07:00:00;2013;1;14;7;-0.599;-5.127;91.762;1.318;0.0;0.665;0.681;0.68;0.735
2013-01-14 08:00:00;2013;1;14;8;48.8;-4.682;89.628;1.216;0.0;0.661;0.682;0.678;0.734
2013-01-14 09:00:00;2013;1;14;9;138.264;-3.384;85.065;1.578;0.0;0.661;0.682;0.679;0.734
2013-01-14 10:00:00;2013;1;14;10;202.057;-2.367;75.201;1.605;0.0;0.661;0.681;0.68;0.734
2013-01-14 11:00:00;2013;1;14;11;261.659;-1.734;70.349;2.142;0.0;0.662;0.681;0.679;0.733
2013-01-14 12:00:00;2013;1;14;12;195.922;-2.124;72.898;3.466;0.0;0.661;0.682;0.679;0.733
2013-01-14 13:00:00;2013;1;14;13;113.212;-2.518;75.205;2.941;0.0;0.659;0.681;0.679;0.733
2013-01-14 14:00:00;2013;1;14;14;55.474;-2.513;75.88;3.731;0.0;0.657;0.681;0.678;0.734
2013-01-14 15:00:00;2013;1;14;15;7.54;-2.766;78.649;3.489;0.0;0.657;0.682;0.678;0.734
2013-01-14 16:00:00;2013;1;14;16;-2.418;-2.834;81.237;3.315;0.0;0.659;0.681;0.679;0.734
2013-01-14 17:00:00;2013;1;14;17;-2.389;-2.508;81.205;3.93;0.0;0.659;0.681;0.679;0.733
2013-01-14 18:00:00;2013;1;14;18;-2.475;-2.345;81.408;4.425;0.0;0.659;0.681;0.679;0.732
2013-01-14 19:00:00;2013;1;14;19;-2.593;-2.315;80.292;5.251;0.0;0.658;0.681;0.679;0.731
2013-01-14 20:00:00;2013;1;14;20;-2.624;-2.404;78.979;5.055;0.0;0.657;0.681;0.679;0.731
2013-01-14 21:00:00;2013;1;14;21;-2.619;-2.462;77.74;4.715;0.0;0.657;0.681;0.678;0.731
2013-01-14 22:00:00;2013;1;14;22;-2.528;-2.651;76.806;5.176;0.0;0.656;0.681;0.677;0.731
2013-01-14 23:00:00;2013;1;14;23;-2.45;-2.483;75.135;4.911;0.0;0.656;0.681;0.678;0.731
2013-01-15 00:00:00;2013;1;15;0;-2.442;-2.322;73.459;4.764;0.0;0.656;0.681;0.678;0.73
2013-01-15 01:00:00;2013;1;15;1;-2.353;-2.359;74.142;5.419;0.0;0.655;0.681;0.678;0.731
2013-01-15 02:00:00;2013;1;15;2;-2.561;-2.991;85.295;6.026;0.22;0.655;0.681;0.678;0.73
2013-01-15 03:00:00;2013;1;15;3;-2.383;-3.087;90.387;5.743;0.82;0.654;0.681;0.677;0.73
2013-01-15 04:00:00;2013;1;15;4;-2.401;-3.107;88.882;5.869;0.27;0.654;0.681;0.677;0.731
2013-01-15 05:00:00;2013;1;15;5;-2.415;-3.104;87.617;5.043;0.15;0.654;0.68;0.676;0.731
2013-01-15 06:00:00;2013;1;15;6;-2.461;-3.042;86.932;4.015;0.09;0.654;0.68;0.677;0.73
2013-01-15 07:00:00;2013;1;15;7;-1.484;-2.994;87.27;3.813;0.05;0.654;0.679;0.678;0.73
2013-01-15 08:00:00;2013;1;15;8;18.746;-3.085;87.61;3.698;0.04;0.654;0.68;0.676;0.73
2013-01-15 09:00:00;2013;1;15;9;46.755;-2.969;86.838;3.539;0.03;0.654;0.68;0.676;0.73
2013-01-15 10:00:00;2013;1;15;10;61.719;-2.849;86.542;3.634;0.09;0.654;0.68;0.676;0.73
2013-01-15 11:00:00;2013;1;15;11;66.174;-2.867;86.295;3.77;0.04;0.655;0.679;0.677;0.729
2013-01-15 12:00:00;2013;1;15;12;64.329;-2.812;85.297;3.561;0.01;0.655;0.68;0.676;0.73
2013-01-15 13:00:00;2013;1;15;13;46.449;-2.607;85.143;3.476;0.01;0.655;0.68;0.676;0.729
2013-01-15 14:00:00;2013;1;15;14;34.071;-2.771;87.01;3.74;0.02;0.655;0.68;0.677;0.73
2013-01-15 15:00:00;2013;1;15;15;9.18;-3.104;89.553;3.617;0.08;0.656;0.679;0.677;0.73
2013-01-15 16:00:00;2013;1;15;16;-2.1;-3.191;90.712;3.474;0.03;0.656;0.679;0.677;0.73
2013-01-15 17:00:00;2013;1;15;17;-2.363;-2.906;90.97;3.492;0.08;0.656;0.679;0.677;0.73
2013-01-15 18:00:00;2013;1;15;18;-2.511;-2.796;86.697;4.743;0.07;0.656;0.679;0.677;0.73
2013-01-15 19:00:00;2013;1;15;19;-2.638;-2.908;87.488;4.092;0.02;0.656;0.679;0.677;0.73
2013-01-15 20:00:00;2013;1;15;20;-2.726;-3.502;83.792;4.128;0.0;0.656;0.679;0.676;0.731
2013-01-15 21:00:00;2013;1;15;21;-3.061;-4.195;80.997;3.289;0.02;0.656;0.68;0.676;0.73
2013-01-15 22:00:00;2013;1;15;22;-2.951;-5.106;82.292;3.367;0.0;0.656;0.679;0.677;0.73
2013-01-15 23:00:00;2013;1;15;23;-3.059;-5.484;83.928;2.983;0.0;0.656;0.679;0.677;0.73
2013-01-16 00:00:00;2013;1;16;0;-3.882;-7.243;86.668;2.991;0.01;0.655;0.68;0.676;0.73
2013-01-16 01:00:00;2013;1;16;1;-3.609;-8.841;89.57;3.45;0.0;0.655;0.679;0.676;0.729
2013-01-16 02:00:00;2013;1;16;2;-3.902;-9.118;90.665;2.652;0.0;0.654;0.68;0.675;0.73
2013-01-16 03:00:00;2013;1;16;3;-3.976;-9.379;91.177;2.322;0.0;0.654;0.679;0.675;0.73
2013-01-16 04:00:00;2013;1;16;4;-3.964;-10.68;90.11;2.941;0.0;0.654;0.679;0.674;0.729
2013-01-16 05:00:00;2013;1;16;5;-4.253;-11.404;90.01;2.035;0.0;0.654;0.679;0.674;0.73
2013-01-16 06:00:00;2013;1;16;6;-4.079;-11.7;89.942;2.731;0.0;0.655;0.678;0.676;0.729
2013-01-16 07:00:00;2013;1;16;7;-0.421;-11.516;90.04;2.435;0.0;0.654;0.678;0.676;0.729
2013-01-16 08:00:00;2013;1;16;8;28.37;-11.215;89.353;2.6;0.0;0.654;0.678;0.676;0.73
2013-01-16 09:00:00;2013;1;16;9;90.606;-9.042;91.352;1.458;0.0;0.654;0.678;0.676;0.731
2013-01-16 10:00:00;2013;1;16;10;131.622;-7.52;92.03;1.885;0.0;0.653;0.678;0.676;0.731
2013-01-16 11:00:00;2013;1;16;11;156.04;-7.111;92.143;2.027;0.0;0.653;0.678;0.675;0.731
2013-01-16 12:00:00;2013;1;16;12;143.404;-6.199;92.335;1.565;0.0;0.653;0.679;0.674;0.731
2013-01-16 13:00:00;2013;1;16;13;99.223;-5.528;92.187;1.376;0.0;0.654;0.678;0.675;0.729
2013-01-16 14:00:00;2013;1;16;14;58.381;-5.062;91.905;2.206;0.0;0.653;0.678;0.675;0.728
2013-01-16 15:00:00;2013;1;16;15;22.687;-4.78;91.693;2.384;0.01;0.654;0.678;0.674;0.728
2013-01-16 16:00:00;2013;1;16;16;-2.279;-5.027;91.768;2.27;0.0;0.652;0.678;0.673;0.729
2013-01-16 17:00:00;2013;1;16;17;-2.498;-5.315;92.332;2.925;0.01;0.653;0.678;0.673;0.729
2013-01-16 18:00:00;2013;1;16;18;-2.524;-5.565;92.517;2.687;0.0;0.654;0.678;0.674;0.728
2013-01-16 19:00:00;2013;1;16;19;-2.68;-5.863;92.652;2.137;0.0;0.653;0.678;0.673;0.728
2013-01-16 20:00:00;2013;1;16;20;-2.66;-6.048;91.698;2.256;0.0;0.653;0.678;0.673;0.728
2013-01-16 21:00:00;2013;1;16;21;-2.72;-6.226;90.94;2.009;0.0;0.653;0.678;0.673;0.728
2013-01-16 22:00:00;2013;1;16;22;-3.043;-6.827;90.742;1.805;0.0;0.653;0.678;0.673;0.728
2013-01-16 23:00:00;2013;1;16;23;-2.511;-6.766;90.862;2.398;0.0;0.654;0.678;0.674;0.728
2013-01-17 00:00:00;2013;1;17;0;-2.557;-6.856;90.308;2.156;0.0;0.653;0.678;0.673;0.729
2013-01-17 01:00:00;2013;1;17;1;-2.945;-6.814;90.468;1.325;0.0;0.653;0.678;0.673;0.728
2013-01-17 02:00:00;2013;1;17;2;-2.62;-6.749;90.443;2.514;0.0;0.654;0.678;0.673;0.728
2013-01-17 03:00:00;2013;1;17;3;-2.496;-6.57;90.202;2.326;0.0;0.654;0.678;0.673;0.729
2013-01-17 04:00:00;2013;1;17;4;-2.655;-6.639;89.352;2.315;0.0;0.652;0.678;0.673;0.728
2013-01-17 05:00:00;2013;1;17;5;-2.575;-6.891;91.032;2.308;0.0;0.653;0.678;0.674;0.728
2013-01-17 06:00:00;2013;1;17;6;-2.649;-6.715;92.532;1.875;0.0;0.653;0.677;0.675;0.728
2013-01-17 07:00:00;2013;1;17;7;-0.66;-6.379;91.918;1.518;0.0;0.653;0.677;0.675;0.728
2013-01-17 08:00:00;2013;1;17;8;18.894;-5.86;90.957;1.314;0.0;0.653;0.677;0.675;0.728
2013-01-17 09:00:00;2013;1;17;9;59.803;-5.455;90.253;1.737;0.0;0.653;0.677;0.675;0.727
2013-01-17 10:00:00;2013;1;17;10;104.053;-4.949;88.952;1.826;0.0;0.653;0.677;0.675;0.727
2013-01-17 11:00:00;2013;1;17;11;139.838;-4.37;87.457;1.804;0.0;0.653;0.677;0.675;0.727
2013-01-17 12:00:00;2013;1;17;12;120.246;-3.892;85.688;1.891;0.01;0.653;0.677;0.675;0.727
2013-01-17 13:00:00;2013;1;17;13;99.114;-3.654;85.16;2.802;0.0;0.653;0.677;0.675;0.727
2013-01-17 14:00:00;2013;1;17;14;58.493;-3.34;84.452;2.693;0.0;0.654;0.677;0.675;0.727
2013-01-17 15:00:00;2013;1;17;15;14.38;-4.64;86.687;2.643;0.021;0.653;0.677;0.674;0.727
2013-01-17 16:00:00;2013;1;17;16;-3.002;-5.427;89.98;2.123;0.005;0.653;0.677;0.675;0.727
2013-01-17 17:00:00;2013;1;17;17;-3.581;-6.125;91.74;2.047;0.0;0.653;0.676;0.676;0.727
2013-01-17 18:00:00;2013;1;17;18;-2.856;-4.919;92.352;2.186;0.0;0.653;0.676;0.676;0.726
2013-01-17 19:00:00;2013;1;17;19;-3.344;-4.198;91.14;1.551;0.0;0.654;0.677;0.675;0.726
2013-01-17 20:00:00;2013;1;17;20;-3.465;-4.017;91.05;1.268;0.0;0.653;0.677;0.675;0.726
2013-01-17 21:00:00;2013;1;17;21;-3.104;-3.307;89.25;1.558;0.0;0.653;0.676;0.677;0.726
2013-01-17 22:00:00;2013;1;17;22;-3.257;-3.256;87.328;1.95;0.0;0.653;0.676;0.677;0.726
2013-01-17 23:00:00;2013;1;17;23;-3.364;-3.459;86.79;1.845;0.0;0.653;0.675;0.677;0.726
2013-01-18 00:00:00;2013;1;18;0;-3.287;-3.119;85.56;1.978;0.001;0.652;0.675;0.677;0.726
2013-01-18 01:00:00;2013;1;18;1;-3.62;-3.053;86.627;1.124;0.0;0.652;0.675;0.676;0.726
2013-01-18 02:00:00;2013;1;18;2;-3.199;-2.659;87.723;1.625;0.0;0.653;0.675;0.677;0.725
2013-01-18 03:00:00;2013;1;18;3;-2.526;-1.831;87.347;3.708;0.001;0.653;0.675;0.677;0.726
2013-01-18 04:00:00;2013;1;18;4;-2.584;-1.746;87.427;3.47;0.0;0.652;0.675;0.676;0.726
2013-01-18 05:00:00;2013;1;18;5;-2.725;-1.82;87.86;4.202;0.0;0.651;0.675;0.676;0.726
2013-01-18 06:00:00;2013;1;18;6;-2.684;-1.853;85.603;4.673;0.0;0.652;0.675;0.677;0.725
2013-01-18 07:00:00;2013;1;18;7;0.355;-1.969;84.945;4.142;0.0;0.652;0.675;0.677;0.725
2013-01-18 08:00:00;2013;1;18;8;31.115;-1.959;84.705;3.772;0.0;0.652;0.675;0.677;0.725
2013-01-18 09:00:00;2013;1;18;9;87.12;-1.677;83.81;4.96;0.0;0.651;0.675;0.676;0.726
2013-01-18 10:00:00;2013;1;18;10;145.07;-1.23;82.457;4.664;0.0;0.652;0.675;0.677;0.725
2013-01-18 11:00:00;2013;1;18;11;225.579;-0.907;79.842;4.762;0.0;0.652;0.674;0.677;0.725
2013-01-18 12:00:00;2013;1;18;12;256.484;-0.503;76.337;5.67;0.0;0.652;0.674;0.677;0.725
2013-01-18 13:00:00;2013;1;18;13;135.33;-0.793;79.772;4.93;0.0;0.652;0.674;0.677;0.725
2013-01-18 14:00:00;2013;1;18;14;29.139;-0.921;81.017;4.434;0.0;0.652;0.675;0.677;0.725
2013-01-18 15:00:00;2013;1;18;15;6.083;-0.965;82.067;4.194;0.0;0.652;0.674;0.677;0.725
2013-01-18 16:00:00;2013;1;18;16;-2.188;-1.031;82.207;4.638;0.0;0.651;0.674;0.677;0.725
2013-01-18 17:00:00;2013;1;18;17;-2.523;-0.986;79.455;4.904;0.0;0.651;0.674;0.677;0.725
2013-01-18 18:00:00;2013;1;18;18;-2.465;-1.009;77.151;5.111;0.0;0.651;0.674;0.677;0.724
2013-01-18 19:00:00;2013;1;18;19;-2.571;-1.261;74.919;5.532;0.0;0.651;0.674;0.677;0.724
2013-01-18 20:00:00;2013;1;18;20;-2.519;-1.593;75.15;5.8;0.0;0.651;0.674;0.677;0.725
2013-01-18 21:00:00;2013;1;18;21;-2.435;-1.958;74.739;6.366;0.0;0.651;0.675;0.676;0.725
2013-01-18 22:00:00;2013;1;18;22;-2.414;-2.206;75.566;5.857;0.0;0.65;0.674;0.676;0.726
2013-01-18 23:00:00;2013;1;18;23;-2.371;-2.357;75.449;5.481;0.0;0.651;0.674;0.676;0.725
2013-01-19 00:00:00;2013;1;19;0;-2.376;-2.531;75.395;5.196;0.001;0.651;0.674;0.677;0.725
2013-01-19 01:00:00;2013;1;19;1;-2.359;-2.685;75.099;5.55;0.0;0.651;0.674;0.676;0.725
2013-01-19 02:00:00;2013;1;19;2;-2.366;-2.838;75.112;5.724;0.0;0.65;0.675;0.676;0.725
2013-01-19 03:00:00;2013;1;19;3;-2.376;-3.16;75.498;6.289;0.0;0.649;0.674;0.676;0.726
2013-01-19 04:00:00;2013;1;19;4;-2.33;-3.591;75.285;5.816;0.0;0.648;0.674;0.676;0.725
2013-01-19 05:00:00;2013;1;19;5;-2.306;-3.689;75.332;5.824;0.0;0.649;0.674;0.675;0.726
2013-01-19 06:00:00;2013;1;19;6;-2.312;-3.746;75.499;6.046;0.0;0.647;0.674;0.675;0.726
2013-01-19 07:00:00;2013;1;19;7;-0.854;-3.746;76.109;6.177;0.0;0.648;0.673;0.677;0.724
2013-01-19 08:00:00;2013;1;19;8;18.178;-3.886;75.329;6.819;0.0;0.648;0.673;0.677;0.723
2013-01-19 09:00:00;2013;1;19;9;37.838;-4.201;73.387;6.818;0.0;0.648;0.673;0.677;0.723
2013-01-19 10:00:00;2013;1;19;10;83.592;-4.745;69.877;6.819;0.0;0.647;0.673;0.676;0.725
2013-01-19 11:00:00;2013;1;19;11;229.851;-4.644;67.989;6.199;0.0;0.647;0.673;0.676;0.726
2013-01-19 12:00:00;2013;1;19;12;268.151;-4.285;66.383;6.984;0.0;0.645;0.673;0.676;0.725
2013-01-19 13:00:00;2013;1;19;13;233.334;-4.278;66.263;6.149;0.0;0.647;0.673;0.676;0.725
2013-01-19 14:00:00;2013;1;19;14;117.724;-4.184;64.188;6.534;0.0;0.645;0.673;0.676;0.726
2013-01-19 15:00:00;2013;1;19;15;34.928;-4.457;67.222;5.863;0.0;0.644;0.673;0.675;0.725
2013-01-19 16:00:00;2013;1;19;16;-2.452;-5.134;71.148;5.886;0.0;0.645;0.673;0.676;0.724
2013-01-19 17:00:00;2013;1;19;17;-2.496;-4.809;71.665;6.114;0.0;0.645;0.673;0.677;0.723
2013-01-19 18:00:00;2013;1;19;18;-2.301;-4.628;69.906;6.332;0.0;0.644;0.673;0.677;0.723
2013-01-19 19:00:00;2013;1;19;19;-2.298;-4.698;69.994;6.409;0.0;0.642;0.673;0.675;0.726
2013-01-19 20:00:00;2013;1;19;20;-2.311;-4.86;70.167;6.371;0.0;0.641;0.673;0.675;0.726
2013-01-19 21:00:00;2013;1;19;21;-2.282;-4.982;71.328;6.56;0.0;0.641;0.673;0.675;0.726
2013-01-19 22:00:00;2013;1;19;22;-2.242;-5.13;72.636;6.941;0.0;0.64;0.672;0.675;0.727
2013-01-19 23:00:00;2013;1;19;23;-2.263;-5.25;73.589;6.152;0.0;0.64;0.673;0.675;0.727
2013-01-20 00:00:00;2013;1;20;0;-2.273;-5.505;74.592;6.378;0.001;0.639;0.673;0.675;0.728
2013-01-20 01:00:00;2013;1;20;1;-2.229;-5.533;76.446;6.635;0.0;0.638;0.673;0.675;0.728
2013-01-20 02:00:00;2013;1;20;2;-2.165;-5.549;77.896;7.936;0.0;0.637;0.673;0.675;0.728
2013-01-20 03:00:00;2013;1;20;3;-2.196;-5.715;77.976;7.256;0.0;0.638;0.673;0.677;0.727
2013-01-20 04:00:00;2013;1;20;4;-2.284;-5.735;77.951;6.264;0.0;0.638;0.674;0.677;0.728
2013-01-20 05:00:00;2013;1;20;5;-2.241;-5.786;77.948;7.031;0.0;0.637;0.674;0.677;0.729
2013-01-20 06:00:00;2013;1;20;6;-2.278;-5.752;79.633;6.26;0.0;0.637;0.674;0.677;0.73
2013-01-20 07:00:00;2013;1;20;7;0.978;-5.872;78.142;6.445;0.0;0.636;0.673;0.677;0.73
2013-01-20 08:00:00;2013;1;20;8;33.361;-5.764;78.661;6.752;0.0;0.635;0.673;0.677;0.732
2013-01-20 09:00:00;2013;1;20;9;49.89;-5.618;78.046;7.208;0.0;0.634;0.674;0.677;0.733
2013-01-20 10:00:00;2013;1;20;10;71.454;-5.45;77.995;7.56;0.0;0.634;0.674;0.677;0.733
2013-01-20 11:00:00;2013;1;20;11;62.374;-4.823;77.214;7.002;0.0;0.633;0.674;0.677;0.733
2013-01-20 12:00:00;2013;1;20;12;68.058;-4.18;80.535;7.189;0.0;0.633;0.674;0.677;0.733
2013-01-20 13:00:00;2013;1;20;13;86.399;-4.288;83.95;6.855;0.172;0.632;0.674;0.677;0.734
2013-01-20 14:00:00;2013;1;20;14;40.666;-4.094;84.122;6.517;0.014;0.631;0.674;0.677;0.734
2013-01-20 15:00:00;2013;1;20;15;9.416;-4.017;83.338;6.325;0.116;0.631;0.673;0.677;0.734
2013-01-20 16:00:00;2013;1;20;16;-1.943;-4.053;83.46;5.77;0.123;0.631;0.673;0.677;0.733
2013-01-20 17:00:00;2013;1;20;17;-2.284;-3.85;82.193;6.433;0.065;0.63;0.673;0.677;0.734
2013-01-20 18:00:00;2013;1;20;18;-2.196;-3.643;82.532;6.485;0.168;0.629;0.673;0.677;0.734
2013-01-20 19:00:00;2013;1;20;19;-2.186;-3.349;83.258;6.328;0.11;0.629;0.673;0.676;0.733
2013-01-20 20:00:00;2013;1;20;20;-2.259;-3.0;84.188;6.596;0.117;0.629;0.672;0.676;0.734
2013-01-20 21:00:00;2013;1;20;21;-2.276;-2.934;86.842;5.981;0.099;0.629;0.672;0.676;0.734
2013-01-20 22:00:00;2013;1;20;22;-2.249;-2.502;83.745;6.175;0.002;0.628;0.672;0.676;0.734
2013-01-20 23:00:00;2013;1;20;23;-2.407;-2.532;88.535;5.186;0.033;0.628;0.672;0.676;0.734
2013-01-21 00:00:00;2013;1;21;0;-2.335;-2.494;89.35;5.749;0.02;0.629;0.672;0.676;0.733
2013-01-21 01:00:00;2013;1;21;1;-2.423;-2.491;90.262;5.016;0.024;0.628;0.673;0.676;0.734
2013-01-21 02:00:00;2013;1;21;2;-2.4;-2.387;89.627;4.884;0.197;0.628;0.672;0.676;0.734
2013-01-21 03:00:00;2013;1;21;3;-2.474;-2.285;89.622;4.9;0.179;0.629;0.672;0.676;0.732
2013-01-21 04:00:00;2013;1;21;4;-2.567;-2.199;89.865;4.203;0.084;0.628;0.671;0.676;0.733
2013-01-21 05:00:00;2013;1;21;5;-2.503;-2.187;89.942;3.988;0.068;0.628;0.672;0.677;0.734
2013-01-21 06:00:00;2013;1;21;6;-2.536;-2.125;90.062;4.183;0.067;0.628;0.673;0.677;0.733
2013-01-21 07:00:00;2013;1;21;7;-0.058;-1.791;89.968;3.94;0.039;0.628;0.673;0.677;0.734
2013-01-21 08:00:00;2013;1;21;8;26.369;-1.667;89.628;3.732;0.028;0.628;0.672;0.677;0.733
2013-01-21 09:00:00;2013;1;21;9;106.305;-1.841;90.303;3.928;0.11;0.628;0.672;0.677;0.734
2013-01-21 10:00:00;2013;1;21;10;92.9;-1.673;88.48;4.29;0.039;0.628;0.672;0.677;0.733
2013-01-21 11:00:00;2013;1;21;11;93.68;-1.476;88.228;3.627;0.016;0.628;0.672;0.677;0.733
2013-01-21 12:00:00;2013;1;21;12;81.054;-1.341;87.855;3.717;0.021;0.628;0.671;0.676;0.732
2013-01-21 13:00:00;2013;1;21;13;54.066;-1.362;88.887;3.259;0.103;0.628;0.669;0.676;0.732
2013-01-21 14:00:00;2013;1;21;14;43.735;-1.517;87.835;3.314;0.032;0.628;0.669;0.676;0.732
2013-01-21 15:00:00;2013;1;21;15;20.662;-1.668;87.967;3.48;0.001;0.628;0.669;0.676;0.732
2013-01-21 16:00:00;2013;1;21;16;-1.697;-1.826;87.338;3.464;0.0;0.628;0.67;0.677;0.732
2013-01-21 17:00:00;2013;1;21;17;-2.473;-1.962;86.358;3.585;0.0;0.628;0.67;0.677;0.732
2013-01-21 18:00:00;2013;1;21;18;-2.578;-2.177;86.065;3.093;0.0;0.629;0.669;0.677;0.731
2013-01-21 19:00:00;2013;1;21;19;-2.761;-2.452;85.737;2.963;0.0;0.628;0.668;0.676;0.731
2013-01-21 20:00:00;2013;1;21;20;-2.699;-2.636;84.742;3.083;0.0;0.629;0.668;0.676;0.731
2013-01-21 21:00:00;2013;1;21;21;-2.635;-2.674;83.385;3.025;0.0;0.629;0.669;0.677;0.731
2013-01-21 22:00:00;2013;1;21;22;-2.647;-2.768;84.045;3.192;0.0;0.629;0.67;0.677;0.731
2013-01-21 23:00:00;2013;1;21;23;-2.654;-2.886;84.713;3.011;0.0;0.629;0.669;0.677;0.731
2013-01-22 00:00:00;2013;1;22;0;-2.707;-3.082;84.912;2.848;0.001;0.629;0.669;0.677;0.73
2013-01-22 01:00:00;2013;1;22;1;-2.683;-3.078;83.972;2.755;0.0;0.629;0.669;0.677;0.731
2013-01-22 02:00:00;2013;1;22;2;-2.983;-3.177;84.013;1.864;0.0;0.629;0.669;0.677;0.731
2013-01-22 03:00:00;2013;1;22;3;-3.069;-3.378;85.175;1.961;0.0;0.629;0.669;0.677;0.73
2013-01-22 04:00:00;2013;1;22;4;-2.815;-3.396;84.76;2.247;0.0;0.629;0.669;0.677;0.73
2013-01-22 05:00:00;2013;1;22;5;-2.589;-3.388;83.953;3.031;0.0;0.629;0.669;0.676;0.73
2013-01-22 06:00:00;2013;1;22;6;-2.576;-3.344;82.522;2.802;0.0;0.629;0.669;0.676;0.73
2013-01-22 07:00:00;2013;1;22;7;0.182;-3.383;82.787;2.214;0.0;0.629;0.669;0.676;0.73
2013-01-22 08:00:00;2013;1;22;8;16.071;-3.542;85.012;2.265;0.0;0.629;0.669;0.676;0.73
2013-01-22 09:00:00;2013;1;22;9;74.82;-3.507;84.837;2.268;0.0;0.629;0.669;0.676;0.73
2013-01-22 10:00:00;2013;1;22;10;158.491;-3.374;82.388;2.123;0.0;0.629;0.668;0.676;0.73
2013-01-22 11:00:00;2013;1;22;11;173.981;-2.809;79.938;1.904;0.0;0.629;0.668;0.676;0.731
2013-01-22 12:00:00;2013;1;22;12;164.11;-2.36;78.094;2.009;0.0;0.629;0.668;0.676;0.73
2013-01-22 13:00:00;2013;1;22;13;169.002;-1.939;76.648;2.005;0.0;0.629;0.668;0.676;0.73
2013-01-22 14:00:00;2013;1;22;14;126.556;-1.83;76.384;2.22;0.0;0.629;0.668;0.676;0.73
2013-01-22 15:00:00;2013;1;22;15;41.476;-3.188;79.541;2.8;0.0;0.63;0.668;0.676;0.73
2013-01-22 16:00:00;2013;1;22;16;-2.915;-5.135;86.352;1.462;0.0;0.629;0.668;0.676;0.729
2013-01-22 17:00:00;2013;1;22;17;-4.638;-7.555;90.73;1.673;0.0;0.629;0.668;0.676;0.729
2013-01-22 18:00:00;2013;1;22;18;-3.92;-9.182;92.47;2.055;0.0;0.629;0.668;0.676;0.73
2013-01-22 19:00:00;2013;1;22;19;-3.942;-8.948;91.19;1.943;0.0;0.629;0.67;0.676;0.731
2013-01-22 20:00:00;2013;1;22;20;-3.887;-9.095;92.367;2.068;0.0;0.628;0.669;0.675;0.731
2013-01-22 21:00:00;2013;1;22;21;-3.813;-8.45;91.755;2.335;0.0;0.628;0.67;0.675;0.732
2013-01-22 22:00:00;2013;1;22;22;-4.35;-9.198;90.007;1.765;0.0;0.628;0.67;0.675;0.733
2013-01-22 23:00:00;2013;1;22;23;-4.163;-10.577;89.427;1.61;0.0;0.628;0.67;0.675;0.733
2013-01-23 00:00:00;2013;1;23;0;-4.003;-11.818;88.67;1.701;0.003;0.627;0.669;0.675;0.734
2013-01-23 01:00:00;2013;1;23;1;-3.848;-11.237;89.69;1.805;0.0;0.627;0.671;0.675;0.734
2013-01-23 02:00:00;2013;1;23;2;-3.879;-10.979;89.593;2.12;0.0;0.627;0.672;0.675;0.735
2013-01-23 03:00:00;2013;1;23;3;-3.973;-10.913;89.898;2.302;0.0;0.627;0.672;0.675;0.735
2013-01-23 04:00:00;2013;1;23;4;-3.196;-11.199;89.17;2.426;0.0;0.626;0.671;0.675;0.735
2013-01-23 05:00:00;2013;1;23;5;-3.141;-10.37;89.293;2.284;0.0;0.626;0.671;0.675;0.736
2013-01-23 06:00:00;2013;1;23;6;-3.025;-8.643;90.222;1.963;0.0;0.626;0.673;0.676;0.736
2013-01-23 07:00:00;2013;1;23;7;0.538;-7.283;90.873;1.196;0.0;0.625;0.674;0.676;0.737
2013-01-23 08:00:00;2013;1;23;8;27.195;-5.534;90.668;2.386;0.0;0.625;0.674;0.676;0.737
2013-01-23 09:00:00;2013;1;23;9;69.951;-4.989;89.55;2.487;0.0;0.626;0.674;0.677;0.737
2013-01-23 10:00:00;2013;1;23;10;117.069;-4.38;88.633;2.348;0.0;0.624;0.675;0.677;0.737
2013-01-23 11:00:00;2013;1;23;11;137.626;-3.91;84.718;2.552;0.0;0.623;0.675;0.677;0.738
2013-01-23 12:00:00;2013;1;23;12;114.117;-3.381;81.44;1.829;0.0;0.622;0.674;0.677;0.738
2013-01-23 13:00:00;2013;1;23;13;94.32;-3.119;78.843;2.25;0.0;0.622;0.674;0.677;0.738
2013-01-23 14:00:00;2013;1;23;14;56.678;-3.177;77.759;2.745;0.0;0.623;0.672;0.676;0.736
2013-01-23 15:00:00;2013;1;23;15;21.289;-3.352;77.984;2.742;0.0;0.623;0.672;0.676;0.737
2013-01-23 16:00:00;2013;1;23;16;-1.564;-3.64;78.765;2.638;0.0;0.622;0.671;0.675;0.737
2013-01-23 17:00:00;2013;1;23;17;-2.787;-3.802;79.558;2.008;0.0;0.622;0.673;0.676;0.737
2013-01-23 18:00:00;2013;1;23;18;-2.445;-3.84;78.429;3.149;0.0;0.621;0.673;0.676;0.736
2013-01-23 19:00:00;2013;1;23;19;-2.729;-4.071;77.163;3.0;0.0;0.621;0.675;0.677;0.738
2013-01-23 20:00:00;2013;1;23;20;-2.759;-4.238;77.337;2.287;0.0;0.621;0.674;0.677;0.737
2013-01-23 21:00:00;2013;1;23;21;-2.495;-3.816;76.051;2.715;0.0;0.621;0.674;0.677;0.737
2013-01-23 22:00:00;2013;1;23;22;-2.449;-3.647;75.599;2.942;0.0;0.621;0.674;0.677;0.737
2013-01-23 23:00:00;2013;1;23;23;-2.455;-3.604;76.08;3.024;0.0;0.622;0.671;0.676;0.736
2013-01-24 00:00:00;2013;1;24;0;-2.468;-3.721;79.208;3.089;0.002;0.621;0.671;0.676;0.736
2013-01-24 01:00:00;2013;1;24;1;-2.586;-3.794;81.81;3.638;0.0;0.621;0.67;0.676;0.736
2013-01-24 02:00:00;2013;1;24;2;-3.524;-5.284;87.485;4.161;0.0;0.619;0.67;0.675;0.736
2013-01-24 03:00:00;2013;1;24;3;-3.045;-5.36;90.363;3.908;0.0;0.619;0.67;0.675;0.735
2013-01-24 04:00:00;2013;1;24;4;-4.175;-5.991;88.733;2.631;0.0;0.619;0.67;0.675;0.734
2013-01-24 05:00:00;2013;1;24;5;-2.755;-5.498;90.303;2.031;0.0;0.619;0.673;0.677;0.735
2013-01-24 06:00:00;2013;1;24;6;-3.324;-4.476;85.685;2.887;0.0;0.619;0.672;0.677;0.734
2013-01-24 07:00:00;2013;1;24;7;3.255;-5.659;88.602;1.832;0.0;0.618;0.669;0.676;0.733
2013-01-24 08:00:00;2013;1;24;8;64.667;-7.049;91.045;1.619;0.0;0.618;0.669;0.675;0.733
2013-01-24 09:00:00;2013;1;24;9;110.496;-4.829;88.427;2.602;0.0;0.618;0.671;0.677;0.734
2013-01-24 10:00:00;2013;1;24;10;176.756;-3.242;80.817;2.32;0.0;0.618;0.67;0.677;0.733
2013-01-24 11:00:00;2013;1;24;11;254.691;-2.0;72.367;2.834;0.0;0.618;0.669;0.677;0.733
2013-01-24 12:00:00;2013;1;24;12;320.027;-1.062;63.202;3.674;0.0;0.618;0.668;0.677;0.732
2013-01-24 13:00:00;2013;1;24;13;257.648;-0.896;60.231;3.177;0.0;0.619;0.666;0.677;0.732
2013-01-24 14:00:00;2013;1;24;14;169.966;-1.065;60.056;3.18;0.0;0.619;0.666;0.677;0.732
2013-01-24 15:00:00;2013;1;24;15;67.716;-1.254;65.221;3.496;0.0;0.618;0.666;0.677;0.732
2013-01-24 16:00:00;2013;1;24;16;-1.039;-2.213;74.546;3.033;0.0;0.617;0.665;0.676;0.732
2013-01-24 17:00:00;2013;1;24;17;-4.426;-4.404;82.161;1.855;0.0;0.617;0.666;0.677;0.732
2013-01-24 18:00:00;2013;1;24;18;-3.217;-5.602;83.203;2.027;0.0;0.618;0.665;0.677;0.732
2013-01-24 19:00:00;2013;1;24;19;-2.803;-4.354;81.247;2.184;0.0;0.617;0.663;0.676;0.732
2013-01-24 20:00:00;2013;1;24;20;-3.012;-3.491;77.666;1.841;0.0;0.617;0.662;0.676;0.732
2013-01-24 21:00:00;2013;1;24;21;-3.293;-3.497;78.003;1.635;0.0;0.617;0.661;0.676;0.732
2013-01-24 22:00:00;2013;1;24;22;-3.14;-3.578;78.901;1.636;0.0;0.617;0.66;0.676;0.732
2013-01-24 23:00:00;2013;1;24;23;-3.273;-3.59;79.032;1.612;0.0;0.618;0.661;0.676;0.731
2013-01-25 00:00:00;2013;1;25;0;-3.256;-3.611;79.885;1.591;0.0;0.617;0.661;0.676;0.731
2013-01-25 01:00:00;2013;1;25;1;-3.314;-4.053;84.038;1.741;0.0;0.617;0.659;0.676;0.732
2013-01-25 02:00:00;2013;1;25;2;-4.241;-4.317;84.775;1.46;0.0;0.617;0.659;0.676;0.731
2013-01-25 03:00:00;2013;1;25;3;-4.829;-6.117;89.202;1.387;0.003;0.616;0.659;0.676;0.731
2013-01-25 04:00:00;2013;1;25;4;-4.241;-7.649;92.922;1.137;0.0;0.615;0.658;0.675;0.731
2013-01-25 05:00:00;2013;1;25;5;-4.845;-10.365;89.997;0.873;0.0;0.615;0.658;0.675;0.732
2013-01-25 06:00:00;2013;1;25;6;-4.39;-11.396;91.825;1.053;0.0;0.615;0.658;0.677;0.732
2013-01-25 07:00:00;2013;1;25;7;3.391;-11.658;90.438;0.921;0.0;0.615;0.658;0.677;0.733
2013-01-25 08:00:00;2013;1;25;8;42.073;-10.368;92.603;0.69;0.0;0.615;0.659;0.677;0.733
2013-01-25 09:00:00;2013;1;25;9;97.808;-6.119;94.347;1.728;0.0;0.614;0.659;0.677;0.733
2013-01-25 10:00:00;2013;1;25;10;142.8;-5.012;94.072;2.246;0.0;0.614;0.66;0.677;0.733
2013-01-25 11:00:00;2013;1;25;11;153.692;-4.973;94.362;2.339;0.0;0.614;0.663;0.677;0.734
2013-01-25 12:00:00;2013;1;25;12;138.325;-4.43;94.137;2.446;0.0;0.613;0.664;0.678;0.734
2013-01-25 13:00:00;2013;1;25;13;114.592;-4.066;92.825;2.833;0.0;0.613;0.665;0.678;0.734
2013-01-25 14:00:00;2013;1;25;14;66.544;-3.687;91.522;2.907;0.0;0.613;0.663;0.677;0.735
2013-01-25 15:00:00;2013;1;25;15;11.023;-3.476;90.405;2.45;0.0;0.613;0.663;0.677;0.735
2013-01-25 16:00:00;2013;1;25;16;-1.973;-3.12;87.807;3.256;0.0;0.613;0.664;0.677;0.734
2013-01-25 17:00:00;2013;1;25;17;-2.375;-2.543;81.979;4.768;0.0;0.613;0.667;0.677;0.735
2013-01-25 18:00:00;2013;1;25;18;-2.288;-2.374;79.399;6.624;0.0;0.613;0.666;0.677;0.735
2013-01-25 19:00:00;2013;1;25;19;-2.19;-2.24;76.92;7.266;0.0;0.612;0.661;0.676;0.734
2013-01-25 20:00:00;2013;1;25;20;-2.194;-2.397;76.761;7.132;0.0;0.612;0.66;0.676;0.734
2013-01-25 21:00:00;2013;1;25;21;-2.195;-2.471;77.013;6.576;0.0;0.612;0.662;0.676;0.735
2013-01-25 22:00:00;2013;1;25;22;-2.227;-2.424;77.288;6.419;0.0;0.613;0.661;0.677;0.734
2013-01-25 23:00:00;2013;1;25;23;-2.314;-2.507;77.36;6.447;0.0;0.612;0.66;0.677;0.734
2013-01-26 00:00:00;2013;1;26;0;-2.429;-2.748;77.253;6.529;0.001;0.612;0.66;0.676;0.734
2013-01-26 01:00:00;2013;1;26;1;-2.82;-3.371;78.918;6.236;0.0;0.612;0.66;0.676;0.735
2013-01-26 02:00:00;2013;1;26;2;-2.822;-3.946;80.372;6.038;0.0;0.611;0.659;0.676;0.736
2013-01-26 03:00:00;2013;1;26;3;-2.693;-3.898;80.631;6.71;0.0;0.611;0.66;0.676;0.735
2013-01-26 04:00:00;2013;1;26;4;-2.724;-3.854;80.554;6.893;0.0;0.611;0.658;0.676;0.735
2013-01-26 05:00:00;2013;1;26;5;-2.906;-3.871;79.907;7.439;0.0;0.611;0.659;0.675;0.736
2013-01-26 06:00:00;2013;1;26;6;-3.04;-4.284;80.586;5.96;0.0;0.612;0.665;0.678;0.735
2013-01-26 07:00:00;2013;1;26;7;7.508;-3.935;79.989;6.325;0.0;0.612;0.666;0.677;0.734
2013-01-26 08:00:00;2013;1;26;8;52.47;-3.545;79.184;6.339;0.0;0.612;0.667;0.678;0.734
2013-01-26 09:00:00;2013;1;26;9;93.464;-2.655;76.716;6.654;0.0;0.612;0.668;0.677;0.733
2013-01-26 10:00:00;2013;1;26;10;61.169;-2.032;74.38;7.293;0.0;0.612;0.666;0.677;0.732
2013-01-26 11:00:00;2013;1;26;11;84.697;-1.7;75.225;7.701;0.0;0.612;0.664;0.677;0.731
2013-01-26 12:00:00;2013;1;26;12;75.785;-1.69;84.011;6.437;0.0;0.612;0.663;0.677;0.731
2013-01-26 13:00:00;2013;1;26;13;85.126;-1.508;90.912;6.028;0.113;0.612;0.66;0.677;0.731
2013-01-26 14:00:00;2013;1;26;14;42.291;-1.11;90.777;5.617;0.142;0.612;0.659;0.677;0.732
2013-01-26 15:00:00;2013;1;26;15;8.631;-0.722;91.812;5.941;0.0;0.612;0.658;0.677;0.731
2013-01-26 16:00:00;2013;1;26;16;-1.692;-0.216;92.007;4.436;0.005;0.611;0.658;0.677;0.731
2013-01-26 17:00:00;2013;1;26;17;-2.553;0.178;91.175;4.587;0.0;0.612;0.659;0.677;0.731
2013-01-26 18:00:00;2013;1;26;18;-2.849;0.189;90.898;3.718;0.0;0.612;0.659;0.677;0.731
2013-01-26 19:00:00;2013;1;26;19;-3.06;0.051;91.277;6.46;0.001;0.611;0.658;0.677;0.731
2013-01-26 20:00:00;2013;1;26;20;-2.539;0.314;91.582;5.927;0.0;0.612;0.656;0.677;0.732
2013-01-26 21:00:00;2013;1;26;21;-2.35;0.919;91.163;5.933;0.023;0.612;0.654;0.677;0.731
2013-01-26 22:00:00;2013;1;26;22;-2.402;1.278;90.32;5.151;0.034;0.611;0.653;0.676;0.732
2013-01-26 23:00:00;2013;1;26;23;-2.409;1.146;90.187;5.751;0.015;0.611;0.652;0.676;0.732
2013-01-27 00:00:00;2013;1;27;0;-2.322;1.374;90.462;6.736;0.0;0.612;0.652;0.677;0.732
2013-01-27 01:00:00;2013;1;27;1;-2.301;1.608;90.917;6.787;0.0;0.612;0.652;0.677;0.732
2013-01-27 02:00:00;2013;1;27;2;-2.254;1.614;90.762;7.242;0.0;0.612;0.652;0.677;0.732
2013-01-27 03:00:00;2013;1;27;3;-2.188;2.022;87.373;7.645;0.0;0.612;0.652;0.677;0.734
2013-01-27 04:00:00;2013;1;27;4;-2.817;2.395;85.367;7.83;0.506;0.613;0.652;0.677;0.734
2013-01-27 05:00:00;2013;1;27;5;-2.508;2.176;87.288;6.652;0.556;0.616;0.651;0.676;0.734
2013-01-27 06:00:00;2013;1;27;6;-2.664;2.32;85.782;7.33;0.15;0.618;0.654;0.677;0.73
2013-01-27 07:00:00;2013;1;27;7;-0.421;2.506;84.087;7.662;0.17;0.622;0.673;0.677;0.727
2013-01-27 08:00:00;2013;1;27;8;9.155;3.007;81.004;8.103;0.66;0.627;0.68;0.677;0.735
2013-01-27 09:00:00;2013;1;27;9;24.307;3.008;83.74;8.137;1.13;0.641;0.663;0.676;0.733
2013-01-27 10:00:00;2013;1;27;10;35.764;3.022;89.04;8.847;0.49;0.665;0.666;0.676;0.727
2013-01-27 11:00:00;2013;1;27;11;36.398;3.603;90.7;8.638;1.05;0.666;0.668;0.676;0.729
2013-01-27 12:00:00;2013;1;27;12;30.83;4.208;91.638;8.478;0.26;0.667;0.668;0.676;0.73
2013-01-27 13:00:00;2013;1;27;13;28.101;4.704;90.2;7.865;0.03;0.669;0.668;0.676;0.731
2013-01-27 14:00:00;2013;1;27;14;37.768;4.865;91.738;6.937;0.23;0.67;0.668;0.676;0.731
2013-01-27 15:00:00;2013;1;27;15;37.949;5.097;90.15;6.76;0.0;0.67;0.668;0.676;0.731
2013-01-27 16:00:00;2013;1;27;16;-0.861;4.576;90.068;5.975;0.01;0.67;0.67;0.676;0.733
2013-01-27 17:00:00;2013;1;27;17;-4.105;4.053;92.262;5.201;0.0;0.672;0.674;0.676;0.736
2013-01-27 18:00:00;2013;1;27;18;-4.095;3.541;93.168;4.299;0.0;0.673;0.67;0.676;0.733
2013-01-27 19:00:00;2013;1;27;19;-3.851;3.294;92.828;4.416;0.0;0.673;0.67;0.676;0.733
2013-01-27 20:00:00;2013;1;27;20;-3.768;3.634;89.607;5.088;0.0;0.673;0.67;0.675;0.734
2013-01-27 21:00:00;2013;1;27;21;-3.657;3.631;87.978;5.094;0.0;0.673;0.67;0.674;0.734
2013-01-27 22:00:00;2013;1;27;22;-3.855;3.135;88.092;4.443;0.0;0.673;0.67;0.674;0.735
2013-01-27 23:00:00;2013;1;27;23;-3.917;3.112;87.632;5.016;0.0;0.673;0.67;0.674;0.735
2013-01-28 00:00:00;2013;1;28;0;-4.055;2.793;88.898;4.662;0.0;0.673;0.67;0.674;0.735
2013-01-28 01:00:00;2013;1;28;1;-3.997;2.532;90.318;4.486;0.0;0.673;0.67;0.675;0.735
2013-01-28 02:00:00;2013;1;28;2;-3.977;2.64;90.643;4.679;0.0;0.674;0.67;0.675;0.736
2013-01-28 03:00:00;2013;1;28;3;-3.963;2.467;91.012;4.59;0.0;0.674;0.669;0.675;0.736
2013-01-28 04:00:00;2013;1;28;4;-3.855;2.845;88.865;5.41;0.01;0.673;0.67;0.675;0.737
2013-01-28 05:00:00;2013;1;28;5;-3.897;2.591;89.893;4.859;0.0;0.674;0.67;0.675;0.736
2013-01-28 06:00:00;2013;1;28;6;-3.558;1.713;92.892;3.579;0.0;0.673;0.67;0.674;0.735
2013-01-28 07:00:00;2013;1;28;7;2.676;2.158;92.533;4.057;0.03;0.673;0.669;0.674;0.735
2013-01-28 08:00:00;2013;1;28;8;65.166;3.063;90.818;4.093;0.13;0.673;0.669;0.674;0.735
2013-01-28 09:00:00;2013;1;28;9;98.686;3.54;88.842;4.721;0.0;0.673;0.67;0.674;0.735
2013-01-28 10:00:00;2013;1;28;10;238.566;4.605;85.338;5.38;0.0;0.67;0.671;0.676;0.734
2013-01-28 11:00:00;2013;1;28;11;241.008;5.5;82.622;5.582;0.0;0.667;0.671;0.677;0.733
2013-01-28 12:00:00;2013;1;28;12;257.107;6.155;80.693;6.128;0.0;0.666;0.67;0.677;0.733
2013-01-28 13:00:00;2013;1;28;13;219.766;6.439;78.034;6.51;0.0;0.666;0.671;0.677;0.733
2013-01-28 14:00:00;2013;1;28;14;93.571;6.055;75.875;5.658;0.0;0.666;0.671;0.677;0.733
2013-01-28 15:00:00;2013;1;28;15;24.462;4.947;78.269;4.867;0.0;0.666;0.671;0.677;0.733
2013-01-28 16:00:00;2013;1;28;16;-1.826;4.404;80.774;5.089;0.0;0.666;0.671;0.677;0.733
2013-01-28 17:00:00;2013;1;28;17;-2.64;4.919;78.067;6.964;0.0;0.667;0.671;0.677;0.733
2013-01-28 18:00:00;2013;1;28;18;-2.737;4.848;81.283;7.294;0.0;0.666;0.671;0.677;0.733
2013-01-28 19:00:00;2013;1;28;19;-2.55;5.125;80.786;9.393;0.0;0.666;0.672;0.677;0.733
2013-01-28 20:00:00;2013;1;28;20;-3.091;5.087;83.849;9.76;0.39;0.667;0.672;0.677;0.734
2013-01-28 21:00:00;2013;1;28;21;-2.625;5.236;88.905;9.402;0.67;0.667;0.671;0.677;0.733
2013-01-28 22:00:00;2013;1;28;22;-2.249;6.153;91.31;10.306;0.65;0.668;0.671;0.678;0.734
2013-01-28 23:00:00;2013;1;28;23;-2.232;6.728;93.46;9.266;1.367;0.669;0.672;0.678;0.734
2013-01-29 00:00:00;2013;1;29;0;-1.851;8.204;87.378;9.196;0.015;0.67;0.672;0.678;0.735
2013-01-29 01:00:00;2013;1;29;1;-2.359;9.288;84.827;8.699;0.0;0.671;0.673;0.678;0.735
2013-01-29 02:00:00;2013;1;29;2;-2.555;8.631;89.435;8.227;0.0;0.669;0.672;0.678;0.734
2013-01-29 03:00:00;2013;1;29;3;-2.444;9.374;87.823;8.38;0.0;0.669;0.671;0.678;0.734
2013-01-29 04:00:00;2013;1;29;4;-2.646;9.87;85.428;7.754;0.0;0.67;0.672;0.678;0.735
2013-01-29 05:00:00;2013;1;29;5;-2.683;10.087;83.023;6.869;0.0;0.676;0.675;0.678;0.74
2013-01-29 06:00:00;2013;1;29;6;-3.035;10.398;81.572;7.456;0.0;0.676;0.675;0.678;0.741
2013-01-29 07:00:00;2013;1;29;7;0.986;9.772;88.975;7.537;0.009;0.677;0.675;0.678;0.741
2013-01-29 08:00:00;2013;1;29;8;27.299;9.901;90.405;7.496;0.007;0.677;0.675;0.678;0.741
2013-01-29 09:00:00;2013;1;29;9;36.016;10.12;90.243;6.958;0.0;0.677;0.675;0.679;0.741
2013-01-29 10:00:00;2013;1;29;10;43.449;10.21;90.242;5.346;0.0;0.677;0.675;0.679;0.742
2013-01-29 11:00:00;2013;1;29;11;51.983;10.393;91.063;6.26;0.204;0.678;0.675;0.679;0.742
2013-01-29 12:00:00;2013;1;29;12;62.864;10.15;95.497;5.077;0.441;0.678;0.675;0.679;0.742
2013-01-29 13:00:00;2013;1;29;13;54.546;10.292;95.588;5.511;0.702;0.678;0.675;0.679;0.742
2013-01-29 14:00:00;2013;1;29;14;32.627;10.465;94.935;5.382;0.623;0.678;0.675;0.679;0.742
2013-01-29 15:00:00;2013;1;29;15;9.586;10.675;95.622;4.97;1.409;0.678;0.675;0.679;0.743
2013-01-29 16:00:00;2013;1;29;16;-1.708;10.689;96.148;4.745;2.23;0.678;0.675;0.679;0.743
2013-01-29 17:00:00;2013;1;29;17;-2.159;11.3;94.255;6.329;0.35;0.678;0.675;0.679;0.743
2013-01-29 18:00:00;2013;1;29;18;-2.457;11.531;92.762;8.121;0.03;0.679;0.676;0.68;0.743
2013-01-29 19:00:00;2013;1;29;19;-2.422;11.729;92.782;8.473;0.68;0.679;0.676;0.68;0.743
2013-01-29 20:00:00;2013;1;29;20;-2.193;12.004;91.193;9.348;0.07;0.679;0.676;0.68;0.743
2013-01-29 21:00:00;2013;1;29;21;-2.584;12.063;91.303;9.096;0.14;0.679;0.676;0.68;0.742
2013-01-29 22:00:00;2013;1;29;22;-2.173;12.626;87.303;9.763;0.0;0.679;0.676;0.68;0.744
2013-01-29 23:00:00;2013;1;29;23;-2.706;12.748;85.982;9.229;0.05;0.679;0.676;0.68;0.744
2013-01-30 00:00:00;2013;1;30;0;-2.629;12.475;88.228;8.861;0.03;0.679;0.676;0.68;0.744
2013-01-30 01:00:00;2013;1;30;1;-2.617;12.781;83.887;9.536;0.0;0.679;0.677;0.68;0.744
2013-01-30 02:00:00;2013;1;30;2;-2.451;12.972;80.68;9.8;0.0;0.679;0.677;0.68;0.743
2013-01-30 03:00:00;2013;1;30;3;-2.992;12.837;82.252;10.4;0.0;0.679;0.677;0.68;0.742
2013-01-30 04:00:00;2013;1;30;4;-2.546;13.166;80.337;10.309;0.0;0.679;0.678;0.68;0.742
2013-01-30 05:00:00;2013;1;30;5;-3.408;13.008;83.637;11.188;0.0;0.678;0.677;0.68;0.741
2013-01-30 06:00:00;2013;1;30;6;-3.033;12.37;89.492;10.874;0.47;0.678;0.677;0.68;0.744
2013-01-30 07:00:00;2013;1;30;7;-0.374;12.076;93.242;9.714;2.949;0.678;0.677;0.679;0.743
2013-01-30 08:00:00;2013;1;30;8;8.538;10.961;91.305;9.265;3.217;0.678;0.677;0.679;0.74
2013-01-30 09:00:00;2013;1;30;9;42.823;9.418;91.098;5.076;0.32;0.679;0.678;0.679;0.74
2013-01-30 10:00:00;2013;1;30;10;130.282;9.906;86.897;6.454;0.01;0.679;0.678;0.68;0.742
2013-01-30 11:00:00;2013;1;30;11;145.321;10.422;82.942;8.714;0.0;0.679;0.678;0.68;0.742
2013-01-30 12:00:00;2013;1;30;12;161.44;10.615;79.537;9.444;0.0;0.679;0.678;0.68;0.742
2013-01-30 13:00:00;2013;1;30;13;75.906;10.351;77.416;8.978;0.4;0.679;0.678;0.68;0.743
2013-01-30 14:00:00;2013;1;30;14;63.779;8.468;78.833;9.068;0.26;0.679;0.678;0.68;0.742
2013-01-30 15:00:00;2013;1;30;15;68.079;9.332;79.037;8.432;0.0;0.68;0.678;0.68;0.742
2013-01-30 16:00:00;2013;1;30;16;2.445;9.193;74.381;9.86;0.0;0.679;0.679;0.68;0.74
2013-01-30 17:00:00;2013;1;30;17;-3.809;8.546;74.504;8.739;0.0;0.68;0.679;0.681;0.744
2013-01-30 18:00:00;2013;1;30;18;-3.585;8.548;70.607;9.996;0.0;0.68;0.679;0.681;0.744
2013-01-30 19:00:00;2013;1;30;19;-3.245;8.521;70.101;10.847;0.0;0.681;0.679;0.682;0.745
2013-01-30 20:00:00;2013;1;30;20;-2.902;8.422;69.002;10.685;0.0;0.682;0.679;0.683;0.742
2013-01-30 21:00:00;2013;1;30;21;-2.862;8.41;69.388;10.705;0.0;0.682;0.68;0.683;0.742
2013-01-30 22:00:00;2013;1;30;22;-3.02;8.531;68.006;9.345;0.0;0.682;0.68;0.683;0.741
2013-01-30 23:00:00;2013;1;30;23;-3.686;7.454;72.021;8.748;0.0;0.683;0.679;0.684;0.742
2013-01-31 00:00:00;2013;1;31;0;-3.606;6.918;74.869;9.377;0.01;0.683;0.68;0.684;0.743
2013-01-31 01:00:00;2013;1;31;1;-3.52;6.752;75.058;9.682;0.0;0.683;0.68;0.685;0.743
2013-01-31 02:00:00;2013;1;31;2;-3.475;6.614;76.202;9.803;0.0;0.683;0.68;0.685;0.744
2013-01-31 03:00:00;2013;1;31;3;-3.207;6.668;76.215;10.19;0.0;0.684;0.68;0.685;0.744
2013-01-31 04:00:00;2013;1;31;4;-2.952;6.694;75.877;8.832;0.0;0.683;0.68;0.684;0.743
2013-01-31 05:00:00;2013;1;31;5;-3.224;6.475;77.663;8.102;0.0;0.683;0.679;0.685;0.746
2013-01-31 06:00:00;2013;1;31;6;-3.146;6.526;78.648;7.572;0.0;0.684;0.679;0.685;0.747
2013-01-31 07:00:00;2013;1;31;7;2.79;6.741;81.477;7.872;0.0;0.684;0.679;0.685;0.747
2013-01-31 08:00:00;2013;1;31;8;22.812;6.997;79.495;8.633;0.0;0.683;0.68;0.684;0.745
2013-01-31 09:00:00;2013;1;31;9;14.888;6.974;78.367;9.917;0.82;0.683;0.679;0.684;0.744
2013-01-31 10:00:00;2013;1;31;10;41.169;6.545;84.127;11.483;0.31;0.683;0.679;0.684;0.743
2013-01-31 11:00:00;2013;1;31;11;25.753;6.877;85.555;9.717;0.27;0.684;0.679;0.685;0.744
2013-01-31 12:00:00;2013;1;31;12;110.439;8.267;79.558;10.895;0.01;0.684;0.679;0.685;0.744
2013-01-31 13:00:00;2013;1;31;13;137.437;9.012;76.839;12.205;0.0;0.684;0.679;0.685;0.744
2013-01-31 14:00:00;2013;1;31;14;107.059;9.189;72.968;11.945;0.0;0.683;0.679;0.685;0.745
2013-01-31 15:00:00;2013;1;31;15;45.382;8.699;69.988;10.1;0.0;0.683;0.679;0.684;0.744
2013-01-31 16:00:00;2013;1;31;16;-0.128;8.366;68.051;8.935;0.0;0.683;0.679;0.684;0.745
2013-01-31 17:00:00;2013;1;31;17;-3.588;7.569;70.779;8.448;0.0;0.683;0.679;0.684;0.747
2013-01-31 18:00:00;2013;1;31;18;-3.647;7.131;72.232;7.698;0.0;0.683;0.679;0.684;0.746
2013-01-31 19:00:00;2013;1;31;19;-3.495;6.92;71.553;7.589;0.0;0.683;0.679;0.684;0.744
2013-01-31 20:00:00;2013;1;31;20;-3.176;7.157;70.808;7.53;0.0;0.683;0.68;0.684;0.745
2013-01-31 21:00:00;2013;1;31;21;-3.018;7.528;70.516;8.246;0.0;0.683;0.68;0.684;0.746
2013-01-31 22:00:00;2013;1;31;22;-3.564;7.127;72.756;7.787;0.0;0.684;0.679;0.685;0.745
2013-01-31 23:00:00;2013;1;31;23;-3.432;6.705;76.388;6.95;0.0;0.684;0.679;0.684;0.746
2013-02-01 00:00:00;2013;2;1;0;-3.337;6.493;78.55;5.926;0.0;0.684;0.679;0.685;0.745
2013-02-01 01:00:00;2013;2;1;1;-3.036;6.7;80.639;6.448;0.0;0.684;0.679;0.685;0.745
2013-02-01 02:00:00;2013;2;1;2;-3.286;6.467;82.582;5.702;0.0;0.684;0.679;0.685;0.745
2013-02-01 03:00:00;2013;2;1;3;-3.107;6.284;84.14;4.982;0.0;0.684;0.679;0.685;0.746
2013-02-01 04:00:00;2013;2;1;4;-3.08;6.334;85.655;4.701;0.0;0.684;0.679;0.685;0.746
2013-02-01 05:00:00;2013;2;1;5;-3.01;6.542;86.398;5.482;0.0;0.683;0.679;0.684;0.745
2013-02-01 06:00:00;2013;2;1;6;-2.799;6.919;85.133;5.157;0.0;0.684;0.679;0.685;0.747
2013-02-01 07:00:00;2013;2;1;7;1.119;6.545;77.9;5.161;0.0;0.684;0.679;0.685;0.747
2013-02-01 08:00:00;2013;2;1;8;21.814;6.327;79.573;5.642;0.0;0.684;0.679;0.685;0.747
2013-02-01 09:00:00;2013;2;1;9;45.658;5.579;86.357;4.938;0.83;0.684;0.679;0.685;0.747
2013-02-01 10:00:00;2013;2;1;10;47.831;5.57;90.0;3.798;0.75;0.684;0.679;0.685;0.746
2013-02-01 11:00:00;2013;2;1;11;76.7;5.338;89.367;4.241;0.83;0.684;0.679;0.685;0.746
2013-02-01 12:00:00;2013;2;1;12;57.944;5.016;89.843;3.515;0.61;0.684;0.679;0.685;0.746
2013-02-01 13:00:00;2013;2;1;13;48.72;4.961;90.613;3.547;0.714;0.684;0.679;0.685;0.746
2013-02-01 14:00:00;2013;2;1;14;33.329;4.93;92.29;1.98;0.307;0.684;0.679;0.685;0.746
2013-02-01 15:00:00;2013;2;1;15;4.53;4.904;92.712;1.228;0.685;0.683;0.679;0.685;0.747
2013-02-01 16:00:00;2013;2;1;16;-1.495;4.163;92.913;4.215;0.865;0.683;0.679;0.685;0.746
2013-02-01 17:00:00;2013;2;1;17;-2.692;3.629;91.837;4.391;0.121;0.683;0.679;0.684;0.745
2013-02-01 18:00:00;2013;2;1;18;-2.872;3.244;91.617;5.071;0.012;0.682;0.679;0.684;0.742
2013-02-01 19:00:00;2013;2;1;19;-3.525;2.739;93.042;3.297;0.007;0.683;0.679;0.684;0.744
2013-02-01 20:00:00;2013;2;1;20;-4.245;1.68;94.47;2.322;0.002;0.682;0.679;0.684;0.743
2013-02-01 21:00:00;2013;2;1;21;-3.992;2.198;94.598;1.779;0.0;0.683;0.679;0.685;0.744
2013-02-01 22:00:00;2013;2;1;22;-3.346;2.607;94.45;2.543;0.102;0.683;0.679;0.685;0.744
2013-02-01 23:00:00;2013;2;1;23;-3.174;2.815;94.392;3.097;0.005;0.683;0.679;0.685;0.744
2013-02-02 00:00:00;2013;2;2;0;-3.405;2.676;94.238;4.056;0.118;0.683;0.679;0.685;0.744
2013-02-02 01:00:00;2013;2;2;1;-3.509;2.75;92.165;2.601;0.0;0.684;0.679;0.685;0.745
2013-02-02 02:00:00;2013;2;2;2;-3.783;2.373;92.788;2.865;0.004;0.684;0.679;0.685;0.746
2013-02-02 03:00:00;2013;2;2;3;-3.039;2.999;93.217;3.843;0.554;0.684;0.678;0.685;0.746
2013-02-02 04:00:00;2013;2;2;4;-2.688;3.441;93.298;3.303;0.52;0.683;0.678;0.684;0.745
2013-02-02 05:00:00;2013;2;2;5;-3.062;3.481;93.902;2.712;0.01;0.683;0.678;0.684;0.744
2013-02-02 06:00:00;2013;2;2;6;-2.773;3.525;92.895;6.288;0.11;0.683;0.678;0.684;0.744
2013-02-02 07:00:00;2013;2;2;7;-0.466;1.083;93.425;6.786;0.58;0.683;0.678;0.684;0.744
2013-02-02 08:00:00;2013;2;2;8;49.265;0.599;95.998;4.213;0.99;0.683;0.678;0.684;0.743
2013-02-02 09:00:00;2013;2;2;9;91.254;1.711;91.517;4.786;0.52;0.684;0.678;0.685;0.744
2013-02-02 10:00:00;2013;2;2;10;257.335;3.811;75.591;7.253;0.13;0.685;0.679;0.685;0.744
2013-02-02 11:00:00;2013;2;2;11;346.958;4.796;65.204;8.715;0.0;0.685;0.679;0.685;0.742
2013-02-02 12:00:00;2013;2;2;12;219.167;4.77;64.308;8.057;0.0;0.685;0.679;0.685;0.742
2013-02-02 13:00:00;2013;2;2;13;279.001;5.108;64.731;7.928;0.0;0.685;0.679;0.685;0.742
2013-02-02 14:00:00;2013;2;2;14;173.782;5.225;67.739;7.931;0.0;0.685;0.679;0.685;0.741
2013-02-02 15:00:00;2013;2;2;15;74.468;4.185;70.912;7.079;0.0;0.686;0.679;0.684;0.742
2013-02-02 16:00:00;2013;2;2;16;6.786;3.49;76.274;6.202;0.0;0.685;0.679;0.684;0.742
2013-02-02 17:00:00;2013;2;2;17;-3.315;2.998;76.845;6.411;0.0;0.686;0.679;0.685;0.745
2013-02-02 18:00:00;2013;2;2;18;-2.827;3.227;77.885;5.325;0.0;0.686;0.679;0.685;0.745
2013-02-02 19:00:00;2013;2;2;19;-3.244;3.648;77.982;6.194;0.0;0.686;0.679;0.685;0.744
2013-02-02 20:00:00;2013;2;2;20;-2.922;3.6;82.593;6.017;0.0;0.686;0.679;0.685;0.743
2013-02-02 21:00:00;2013;2;2;21;-3.403;3.367;85.627;5.314;0.0;0.686;0.679;0.685;0.742
2013-02-02 22:00:00;2013;2;2;22;-4.011;2.63;88.155;4.712;0.0;0.685;0.679;0.684;0.743
2013-02-02 23:00:00;2013;2;2;23;-3.883;2.113;88.86;4.009;0.0;0.686;0.679;0.685;0.741
2013-02-03 00:00:00;2013;2;3;0;-4.022;1.907;90.753;2.496;0.0;0.684;0.68;0.684;0.741
2013-02-03 01:00:00;2013;2;3;1;-3.49;2.081;89.675;3.745;0.0;0.685;0.68;0.684;0.74
2013-02-03 02:00:00;2013;2;3;2;-3.344;2.631;88.163;3.067;0.0;0.685;0.68;0.684;0.741
2013-02-03 03:00:00;2013;2;3;3;-3.81;2.07;86.597;2.764;0.0;0.685;0.679;0.684;0.741
2013-02-03 04:00:00;2013;2;3;4;-3.216;2.332;82.823;3.736;0.0;0.685;0.68;0.684;0.741
2013-02-03 05:00:00;2013;2;3;5;-3.33;2.048;83.862;3.289;0.0;0.685;0.68;0.684;0.741
2013-02-03 06:00:00;2013;2;3;6;-3.186;1.502;87.798;3.681;0.0;0.685;0.679;0.684;0.741
2013-02-03 07:00:00;2013;2;3;7;6.761;1.73;86.395;4.01;0.0;0.687;0.678;0.685;0.744
2013-02-03 08:00:00;2013;2;3;8;52.191;2.531;86.213;4.509;0.0;0.687;0.678;0.685;0.743
2013-02-03 09:00:00;2013;2;3;9;223.824;3.789;84.978;6.498;0.0;0.687;0.678;0.685;0.743
2013-02-03 10:00:00;2013;2;3;10;211.958;4.314;74.32;9.374;0.0;0.687;0.678;0.685;0.743
2013-02-03 11:00:00;2013;2;3;11;174.41;4.118;68.747;9.072;0.0;0.687;0.678;0.684;0.743
2013-02-03 12:00:00;2013;2;3;12;78.044;3.933;69.794;8.202;0.0;0.687;0.678;0.684;0.744
2013-02-03 13:00:00;2013;2;3;13;34.913;3.883;72.445;9.774;0.0;0.687;0.678;0.684;0.744
2013-02-03 14:00:00;2013;2;3;14;17.356;3.571;86.088;9.556;0.2;0.687;0.679;0.684;0.741
2013-02-03 15:00:00;2013;2;3;15;3.551;3.934;92.088;9.254;0.88;0.687;0.679;0.684;0.742
2013-02-03 16:00:00;2013;2;3;16;-1.68;4.453;93.905;7.647;0.76;0.686;0.679;0.683;0.741
2013-02-03 17:00:00;2013;2;3;17;-2.337;5.569;93.223;7.265;0.27;0.687;0.678;0.685;0.743
2013-02-03 18:00:00;2013;2;3;18;-2.426;6.115;92.137;7.711;0.46;0.688;0.678;0.685;0.743
2013-02-03 19:00:00;2013;2;3;19;-2.559;6.361;91.458;7.727;0.21;0.688;0.679;0.685;0.742
2013-02-03 20:00:00;2013;2;3;20;-2.517;6.363;92.565;5.847;1.132;0.687;0.68;0.685;0.742
2013-02-03 21:00:00;2013;2;3;21;-2.543;6.591;91.77;6.494;0.133;0.688;0.679;0.685;0.742
2013-02-03 22:00:00;2013;2;3;22;-2.744;6.573;91.177;6.88;0.009;0.688;0.679;0.684;0.742
2013-02-03 23:00:00;2013;2;3;23;-2.919;6.665;91.905;6.176;0.02;0.687;0.679;0.684;0.741
2013-02-04 00:00:00;2013;2;4;0;-2.8;6.914;92.05;5.641;0.001;0.687;0.679;0.684;0.741
2013-02-04 01:00:00;2013;2;4;1;-2.989;7.246;91.812;5.274;0.041;0.687;0.679;0.684;0.741
2013-02-04 02:00:00;2013;2;4;2;-3.149;7.339;93.178;5.046;0.45;0.687;0.679;0.684;0.742
2013-02-04 03:00:00;2013;2;4;3;-2.964;7.436;92.982;5.933;0.104;0.687;0.679;0.684;0.742
2013-02-04 04:00:00;2013;2;4;4;-3.064;7.533;91.848;6.735;0.068;0.687;0.679;0.684;0.741
2013-02-04 05:00:00;2013;2;4;5;-2.98;7.59;91.36;6.601;0.005;0.687;0.679;0.685;0.742
2013-02-04 06:00:00;2013;2;4;6;-2.862;7.709;91.02;7.089;0.305;0.687;0.679;0.684;0.742
2013-02-04 07:00:00;2013;2;4;7;1.561;7.604;94.197;7.343;1.025;0.687;0.679;0.685;0.742
2013-02-04 08:00:00;2013;2;4;8;23.385;8.068;91.69;7.606;0.001;0.687;0.679;0.685;0.743
2013-02-04 09:00:00;2013;2;4;9;62.824;8.777;87.145;7.898;0.0;0.687;0.679;0.685;0.743
2013-02-04 10:00:00;2013;2;4;10;86.234;8.826;85.277;7.526;0.0;0.688;0.679;0.685;0.743
2013-02-04 11:00:00;2013;2;4;11;314.91;9.464;70.586;9.141;0.0;0.688;0.679;0.685;0.742
2013-02-04 12:00:00;2013;2;4;12;357.559;9.635;59.473;10.113;0.0;0.688;0.68;0.685;0.742
2013-02-04 13:00:00;2013;2;4;13;287.583;9.335;56.47;10.838;0.0;0.688;0.68;0.685;0.742
2013-02-04 14:00:00;2013;2;4;14;198.539;8.817;56.182;9.496;0.0;0.688;0.68;0.685;0.742
2013-02-04 15:00:00;2013;2;4;15;86.902;8.188;60.799;7.648;0.0;0.688;0.68;0.685;0.741
2013-02-04 16:00:00;2013;2;4;16;6.379;7.391;65.122;5.622;0.0;0.687;0.68;0.684;0.743
2013-02-04 17:00:00;2013;2;4;17;-2.77;7.181;67.57;6.5;0.0;0.688;0.68;0.685;0.744
2013-02-04 18:00:00;2013;2;4;18;-2.823;7.04;69.265;6.72;0.0;0.688;0.68;0.685;0.744
2013-02-04 19:00:00;2013;2;4;19;-2.912;6.932;69.939;6.501;0.0;0.688;0.68;0.685;0.743
2013-02-04 20:00:00;2013;2;4;20;-3.282;6.747;68.432;7.141;0.0;0.688;0.681;0.685;0.741
2013-02-04 21:00:00;2013;2;4;21;-3.084;6.57;68.466;7.682;0.0;0.688;0.68;0.685;0.742
2013-02-04 22:00:00;2013;2;4;22;-3.063;6.354;69.288;6.943;0.0;0.688;0.68;0.685;0.742
2013-02-04 23:00:00;2013;2;4;23;-2.909;6.282;70.721;7.68;0.0;0.688;0.68;0.685;0.742
2013-02-05 00:00:00;2013;2;5;0;-2.738;6.175;75.027;8.493;0.001;0.688;0.68;0.685;0.743
2013-02-05 01:00:00;2013;2;5;1;-2.816;6.014;74.67;8.241;0.0;0.688;0.68;0.685;0.742
2013-02-05 02:00:00;2013;2;5;2;-2.762;5.754;75.834;7.803;0.0;0.688;0.68;0.685;0.742
2013-02-05 03:00:00;2013;2;5;3;-2.658;5.817;75.389;8.746;0.0;0.688;0.68;0.685;0.742
2013-02-05 04:00:00;2013;2;5;4;-3.036;5.682;76.885;8.759;0.089;0.688;0.68;0.685;0.743
2013-02-05 05:00:00;2013;2;5;5;-2.566;2.964;89.353;7.874;2.588;0.688;0.68;0.685;0.742
2013-02-05 06:00:00;2013;2;5;6;-2.565;1.995;91.348;6.316;0.0;0.689;0.679;0.686;0.743
2013-02-05 07:00:00;2013;2;5;7;4.586;3.146;88.26;7.035;0.24;0.689;0.68;0.685;0.742
2013-02-05 08:00:00;2013;2;5;8;56.085;3.046;80.153;7.224;0.0;0.688;0.68;0.685;0.741
2013-02-05 09:00:00;2013;2;5;9;221.028;3.485;76.741;7.011;0.04;0.688;0.68;0.685;0.741
2013-02-05 10:00:00;2013;2;5;10;152.899;2.726;81.378;7.7;0.45;0.688;0.681;0.685;0.741
2013-02-05 11:00:00;2013;2;5;11;329.762;4.587;67.224;8.918;0.0;0.688;0.68;0.685;0.742
2013-02-05 12:00:00;2013;2;5;12;196.752;3.578;72.136;8.102;0.1;0.689;0.681;0.685;0.742
2013-02-05 13:00:00;2013;2;5;13;115.167;3.629;69.309;6.951;0.05;0.689;0.68;0.685;0.742
2013-02-05 14:00:00;2013;2;5;14;163.806;3.551;70.788;6.669;0.01;0.689;0.68;0.685;0.741
2013-02-05 15:00:00;2013;2;5;15;101.18;2.941;74.667;6.451;0.0;0.689;0.68;0.685;0.742
2013-02-05 16:00:00;2013;2;5;16;5.398;1.999;80.284;4.784;0.0;0.689;0.68;0.685;0.741
2013-02-05 17:00:00;2013;2;5;17;-3.949;1.403;85.38;3.575;0.18;0.689;0.679;0.686;0.743
2013-02-05 18:00:00;2013;2;5;18;-3.552;1.361;81.453;4.874;0.01;0.689;0.679;0.686;0.743
2013-02-05 19:00:00;2013;2;5;19;-3.488;1.069;83.757;4.244;0.01;0.689;0.68;0.685;0.742
2013-02-05 20:00:00;2013;2;5;20;-3.027;0.866;86.735;4.513;0.01;0.689;0.68;0.685;0.741
2013-02-05 21:00:00;2013;2;5;21;-2.754;1.155;83.355;5.421;0.0;0.689;0.679;0.685;0.742
2013-02-05 22:00:00;2013;2;5;22;-2.59;1.375;81.61;5.228;0.01;0.689;0.679;0.685;0.742
2013-02-05 23:00:00;2013;2;5;23;-2.558;1.457;83.267;5.831;0.0;0.689;0.679;0.685;0.742
2013-02-06 00:00:00;2013;2;6;0;-3.004;1.193;88.252;6.388;0.4;0.689;0.679;0.685;0.741
2013-02-06 01:00:00;2013;2;6;1;-2.399;0.32;95.523;5.714;0.27;0.689;0.68;0.685;0.741
2013-02-06 02:00:00;2013;2;6;2;-2.246;0.276;96.36;5.423;0.77;0.689;0.68;0.685;0.741
2013-02-06 03:00:00;2013;2;6;3;-1.917;0.297;96.023;5.786;0.74;0.689;0.68;0.685;0.74
2013-02-06 04:00:00;2013;2;6;4;-2.12;0.355;95.413;5.759;1.13;0.688;0.679;0.684;0.74
2013-02-06 05:00:00;2013;2;6;5;-2.456;0.512;93.372;6.773;1.468;0.689;0.679;0.685;0.741
2013-02-06 06:00:00;2013;2;6;6;-2.44;0.635;92.258;5.062;1.241;0.689;0.679;0.685;0.742
2013-02-06 07:00:00;2013;2;6;7;9.034;0.684;90.868;5.543;0.887;0.689;0.679;0.685;0.741
2013-02-06 08:00:00;2013;2;6;8;33.072;0.714;88.863;5.261;0.52;0.688;0.679;0.684;0.74
2013-02-06 09:00:00;2013;2;6;9;174.338;0.82;88.723;5.004;0.58;0.688;0.68;0.684;0.74
2013-02-06 10:00:00;2013;2;6;10;347.463;1.315;86.538;3.942;0.34;0.689;0.679;0.685;0.742
2013-02-06 11:00:00;2013;2;6;11;386.89;1.923;84.035;3.714;0.3;0.69;0.679;0.685;0.741
2013-02-06 12:00:00;2013;2;6;12;374.437;2.763;80.944;3.457;0.31;0.691;0.679;0.685;0.741
2013-02-06 13:00:00;2013;2;6;13;310.955;3.566;79.24;4.126;0.1;0.691;0.679;0.685;0.742
2013-02-06 14:00:00;2013;2;6;14;157.831;4.02;75.673;4.616;0.0;0.691;0.679;0.685;0.741
2013-02-06 15:00:00;2013;2;6;15;57.828;3.69;78.239;4.169;0.05;0.691;0.679;0.685;0.741
2013-02-06 16:00:00;2013;2;6;16;2.938;2.206;89.43;2.672;0.06;0.691;0.679;0.684;0.74
2013-02-06 17:00:00;2013;2;6;17;-4.183;1.748;90.117;3.888;0.03;0.691;0.678;0.685;0.742
2013-02-06 18:00:00;2013;2;6;18;-3.622;1.655;90.777;3.829;0.24;0.691;0.678;0.685;0.742
2013-02-06 19:00:00;2013;2;6;19;-3.632;1.56;90.46;4.273;0.0;0.691;0.679;0.684;0.741
2013-02-06 20:00:00;2013;2;6;20;-3.725;1.55;87.548;4.159;0.0;0.691;0.679;0.684;0.741
2013-02-06 21:00:00;2013;2;6;21;-4.08;1.341;90.077;4.289;0.0;0.691;0.679;0.684;0.74
2013-02-06 22:00:00;2013;2;6;22;-3.98;1.165;89.948;4.031;0.0;0.691;0.679;0.684;0.74
2013-02-06 23:00:00;2013;2;6;23;-3.654;1.526;88.088;4.322;0.0;0.692;0.679;0.684;0.741
2013-02-07 00:00:00;2013;2;7;0;-4.114;1.44;87.172;4.505;0.0;0.692;0.679;0.685;0.741
2013-02-07 01:00:00;2013;2;7;1;-3.7;1.294;88.0;4.961;0.37;0.692;0.679;0.685;0.74
2013-02-07 02:00:00;2013;2;7;2;-3.651;1.385;89.602;5.189;0.0;0.692;0.679;0.685;0.74
2013-02-07 03:00:00;2013;2;7;3;-3.882;1.419;90.04;5.667;0.0;0.692;0.679;0.684;0.74
2013-02-07 04:00:00;2013;2;7;4;-3.492;1.463;90.328;5.294;0.13;0.692;0.679;0.684;0.741
2013-02-07 05:00:00;2013;2;7;5;-3.881;1.168;91.015;4.373;0.0;0.692;0.678;0.684;0.741
2013-02-07 06:00:00;2013;2;7;6;-3.999;0.487;92.062;4.03;0.0;0.692;0.678;0.685;0.741
2013-02-07 07:00:00;2013;2;7;7;27.499;0.44;91.908;4.31;0.0;0.692;0.678;0.685;0.741
2013-02-07 08:00:00;2013;2;7;8;162.723;1.364;89.87;3.93;0.0;0.692;0.678;0.685;0.741
2013-02-07 09:00:00;2013;2;7;9;212.274;2.531;85.36;4.218;0.0;0.692;0.678;0.685;0.741
2013-02-07 10:00:00;2013;2;7;10;276.035;3.404;81.547;5.367;0.0;0.692;0.678;0.684;0.741
2013-02-07 11:00:00;2013;2;7;11;160.507;3.167;84.713;4.662;0.42;0.692;0.677;0.684;0.741
2013-02-07 12:00:00;2013;2;7;12;140.725;2.755;88.713;4.772;0.0;0.692;0.677;0.684;0.741
2013-02-07 13:00:00;2013;2;7;13;114.256;3.013;88.635;3.899;0.19;0.692;0.677;0.684;0.741
2013-02-07 14:00:00;2013;2;7;14;45.98;2.233;89.94;4.118;0.0;0.692;0.678;0.684;0.741
2013-02-07 15:00:00;2013;2;7;15;78.917;2.279;88.34;3.648;0.0;0.693;0.678;0.684;0.741
2013-02-07 16:00:00;2013;2;7;16;5.267;1.344;90.518;3.256;0.0;0.693;0.678;0.684;0.741
2013-02-07 17:00:00;2013;2;7;17;-3.724;1.209;91.268;3.13;0.13;0.693;0.678;0.684;0.741
2013-02-07 18:00:00;2013;2;7;18;-5.14;0.274;91.767;1.754;0.01;0.693;0.678;0.684;0.741
2013-02-07 19:00:00;2013;2;7;19;-4.914;-0.104;92.865;1.968;0.0;0.692;0.679;0.684;0.74
2013-02-07 20:00:00;2013;2;7;20;-3.606;0.405;92.878;3.425;0.0;0.692;0.679;0.683;0.74
2013-02-07 21:00:00;2013;2;7;21;-3.063;0.898;92.582;3.514;0.1;0.692;0.678;0.684;0.74
2013-02-07 22:00:00;2013;2;7;22;-3.03;0.881;93.152;3.434;0.39;0.692;0.678;0.684;0.74
2013-02-07 23:00:00;2013;2;7;23;-2.551;0.611;94.445;3.502;0.93;0.691;0.679;0.683;0.74
2013-02-08 00:00:00;2013;2;8;0;-2.467;0.548;94.912;3.394;0.57;0.692;0.678;0.684;0.74
2013-02-08 01:00:00;2013;2;8;1;-2.652;0.718;94.697;3.143;0.1;0.692;0.678;0.684;0.739
2013-02-08 02:00:00;2013;2;8;2;-2.564;0.698;95.203;2.763;0.01;0.693;0.678;0.684;0.74
2013-02-08 03:00:00;2013;2;8;3;-3.04;0.698;95.332;2.003;0.0;0.693;0.678;0.684;0.74
2013-02-08 04:00:00;2013;2;8;4;-3.048;0.71;94.972;2.846;0.0;0.692;0.678;0.684;0.74
2013-02-08 05:00:00;2013;2;8;5;-2.738;0.651;93.045;2.923;0.0;0.692;0.678;0.683;0.74
2013-02-08 06:00:00;2013;2;8;6;-2.429;0.75;92.6;3.376;0.0;0.693;0.677;0.684;0.741
2013-02-08 07:00:00;2013;2;8;7;11.806;0.618;90.94;2.126;0.0;0.693;0.677;0.684;0.741
2013-02-08 08:00:00;2013;2;8;8;64.109;0.463;92.19;1.904;0.0;0.693;0.677;0.684;0.741
2013-02-08 09:00:00;2013;2;8;9;102.779;0.874;88.878;2.716;0.0;0.693;0.677;0.684;0.741
2013-02-08 10:00:00;2013;2;8;10;174.873;1.635;81.447;2.519;0.0;0.693;0.677;0.684;0.741
2013-02-08 11:00:00;2013;2;8;11;165.327;2.249;76.602;2.852;0.0;0.694;0.677;0.684;0.74
2013-02-08 12:00:00;2013;2;8;12;260.752;2.905;69.316;4.536;0.0;0.694;0.677;0.684;0.741
2013-02-08 13:00:00;2013;2;8;13;124.261;2.321;71.008;5.859;0.0;0.694;0.677;0.684;0.741
2013-02-08 14:00:00;2013;2;8;14;172.848;2.199;73.912;6.206;0.0;0.694;0.677;0.684;0.741
2013-02-08 15:00:00;2013;2;8;15;73.456;0.46;83.368;3.669;0.07;0.694;0.677;0.684;0.741
2013-02-08 16:00:00;2013;2;8;16;9.212;0.813;82.375;3.707;0.06;0.694;0.677;0.684;0.741
2013-02-08 17:00:00;2013;2;8;17;-3.363;0.306;82.084;3.53;0.0;0.694;0.678;0.684;0.741
2013-02-08 18:00:00;2013;2;8;18;-4.177;-0.989;89.318;3.078;0.01;0.693;0.678;0.683;0.74
2013-02-08 19:00:00;2013;2;8;19;-4.116;-2.185;90.482;3.415;0.0;0.692;0.679;0.682;0.738
2013-02-08 20:00:00;2013;2;8;20;-3.739;-1.59;90.057;3.046;0.0;0.691;0.679;0.682;0.739
2013-02-08 21:00:00;2013;2;8;21;-3.605;-1.128;89.977;2.328;0.0;0.693;0.678;0.683;0.739
2013-02-08 22:00:00;2013;2;8;22;-4.599;-1.798;91.355;2.251;0.0;0.693;0.678;0.683;0.739
2013-02-08 23:00:00;2013;2;8;23;-3.919;-2.185;93.283;2.582;0.0;0.693;0.678;0.683;0.739
2013-02-09 00:00:00;2013;2;9;0;-4.537;-2.241;94.742;2.171;0.0;0.692;0.678;0.683;0.74
2013-02-09 01:00:00;2013;2;9;1;-3.89;-2.906;94.932;2.472;0.0;0.691;0.678;0.682;0.739
2013-02-09 02:00:00;2013;2;9;2;-4.46;-2.148;94.542;1.794;0.0;0.691;0.679;0.682;0.738
2013-02-09 03:00:00;2013;2;9;3;-5.109;-2.991;94.775;1.304;0.0;0.691;0.678;0.682;0.738
2013-02-09 04:00:00;2013;2;9;4;-4.379;-3.258;95.297;1.794;0.0;0.691;0.678;0.682;0.738
2013-02-09 05:00:00;2013;2;9;5;-3.642;-3.446;95.618;1.225;0.0;0.691;0.678;0.682;0.738
2013-02-09 06:00:00;2013;2;9;6;-3.762;-3.193;95.237;0.733;0.0;0.691;0.678;0.682;0.738
2013-02-09 07:00:00;2013;2;9;7;19.095;-3.325;94.802;0.726;0.0;0.693;0.677;0.684;0.74
2013-02-09 08:00:00;2013;2;9;8;139.745;-1.809;95.753;0.899;0.02;0.693;0.676;0.684;0.74
2013-02-09 09:00:00;2013;2;9;9;98.844;-0.402;95.522;0.538;0.04;0.693;0.676;0.684;0.74
2013-02-09 10:00:00;2013;2;9;10;144.338;-0.05;91.963;1.553;0.04;0.694;0.676;0.684;0.74
2013-02-09 11:00:00;2013;2;9;11;109.432;0.305;86.65;1.803;0.03;0.694;0.676;0.684;0.74
2013-02-09 12:00:00;2013;2;9;12;111.336;0.591;85.08;1.698;0.02;0.694;0.676;0.684;0.74
2013-02-09 13:00:00;2013;2;9;13;100.223;0.862;84.248;2.456;0.0;0.694;0.676;0.684;0.739
2013-02-09 14:00:00;2013;2;9;14;51.821;0.468;87.323;3.449;0.0;0.693;0.677;0.682;0.739
2013-02-09 15:00:00;2013;2;9;15;13.953;-0.216;91.983;3.599;0.19;0.693;0.678;0.682;0.738
2013-02-09 16:00:00;2013;2;9;16;0.475;-0.539;95.812;3.352;0.35;0.693;0.677;0.683;0.739
2013-02-09 17:00:00;2013;2;9;17;-3.027;-0.456;96.163;3.687;0.17;0.695;0.676;0.684;0.74
2013-02-09 18:00:00;2013;2;9;18;-3.042;-0.344;96.677;3.596;0.135;0.695;0.676;0.683;0.739
2013-02-09 19:00:00;2013;2;9;19;-3.243;-0.358;96.433;2.984;0.069;0.694;0.676;0.683;0.739
2013-02-09 20:00:00;2013;2;9;20;-3.169;-0.31;96.283;3.255;0.142;0.694;0.677;0.682;0.739
2013-02-09 21:00:00;2013;2;9;21;-2.781;-0.341;96.327;4.137;0.179;0.694;0.677;0.683;0.738
2013-02-09 22:00:00;2013;2;9;22;-2.694;-0.163;96.487;4.328;0.094;0.695;0.677;0.683;0.738
2013-02-09 23:00:00;2013;2;9;23;-2.678;-0.2;96.647;4.614;0.103;0.695;0.677;0.683;0.739
2013-02-10 00:00:00;2013;2;10;0;-2.503;-0.372;96.19;4.346;0.05;0.695;0.677;0.683;0.739
2013-02-10 01:00:00;2013;2;10;1;-2.393;-0.37;95.518;4.633;0.08;0.694;0.677;0.682;0.738
2013-02-10 02:00:00;2013;2;10;2;-2.453;-0.472;95.112;4.624;0.057;0.694;0.677;0.682;0.738
2013-02-10 03:00:00;2013;2;10;3;-2.492;-0.66;94.138;4.61;0.081;0.694;0.678;0.682;0.738
2013-02-10 04:00:00;2013;2;10;4;-2.587;-0.822;94.498;5.239;0.222;0.694;0.677;0.682;0.738
2013-02-10 05:00:00;2013;2;10;5;-2.686;-0.942;94.602;5.002;0.14;0.694;0.677;0.682;0.737
2013-02-10 06:00:00;2013;2;10;6;-2.241;-1.006;92.458;4.536;0.038;0.693;0.677;0.681;0.738
2013-02-10 07:00:00;2013;2;10;7;21.332;-1.2;89.55;4.163;0.025;0.693;0.677;0.681;0.738
2013-02-10 08:00:00;2013;2;10;8;100.216;-1.214;84.728;4.684;0.004;0.695;0.676;0.683;0.739
2013-02-10 09:00:00;2013;2;10;9;240.24;-0.977;78.923;5.117;0.0;0.695;0.676;0.683;0.739
2013-02-10 10:00:00;2013;2;10;10;366.843;-0.34;72.234;5.562;0.279;0.695;0.676;0.683;0.739
2013-02-10 11:00:00;2013;2;10;11;414.764;0.105;69.995;6.581;0.28;0.695;0.676;0.683;0.739
2013-02-10 12:00:00;2013;2;10;12;332.812;0.331;69.656;6.258;0.028;0.695;0.676;0.683;0.739
2013-02-10 13:00:00;2013;2;10;13;309.836;0.635;68.298;5.527;0.018;0.695;0.676;0.683;0.739
2013-02-10 14:00:00;2013;2;10;14;195.291;0.807;64.916;5.972;0.008;0.695;0.676;0.683;0.739
2013-02-10 15:00:00;2013;2;10;15;102.314;0.633;64.115;6.503;0.002;0.695;0.676;0.683;0.739
2013-02-10 16:00:00;2013;2;10;16;16.754;0.253;65.343;6.707;0.001;0.695;0.676;0.683;0.739
2013-02-10 17:00:00;2013;2;10;17;-3.525;-0.071;64.111;6.792;0.0;0.695;0.676;0.683;0.739
2013-02-10 18:00:00;2013;2;10;18;-3.62;-0.351;64.589;6.896;0.001;0.695;0.676;0.683;0.739
2013-02-10 19:00:00;2013;2;10;19;-3.639;-0.836;64.034;6.714;0.0;0.695;0.676;0.683;0.739
2013-02-10 20:00:00;2013;2;10;20;-3.607;-1.083;63.914;7.203;0.0;0.695;0.676;0.683;0.739
2013-02-10 21:00:00;2013;2;10;21;-3.595;-1.153;62.219;7.653;0.0;0.695;0.677;0.682;0.738
2013-02-10 22:00:00;2013;2;10;22;-3.683;-1.513;63.549;6.456;0.0;0.694;0.677;0.682;0.738
2013-02-10 23:00:00;2013;2;10;23;-3.676;-2.087;66.548;5.933;0.001;0.694;0.678;0.681;0.738
2013-02-11 00:00:00;2013;2;11;0;-3.546;-2.396;66.614;6.477;0.0;0.693;0.678;0.681;0.739
2013-02-11 01:00:00;2013;2;11;1;-3.511;-2.585;65.089;6.811;0.003;0.694;0.677;0.681;0.738
2013-02-11 02:00:00;2013;2;11;2;-3.53;-2.671;63.663;7.055;0.001;0.693;0.678;0.681;0.737
2013-02-11 03:00:00;2013;2;11;3;-3.544;-2.862;65.262;6.691;0.0;0.693;0.677;0.681;0.739
2013-02-11 04:00:00;2013;2;11;4;-3.478;-2.887;65.098;7.034;0.0;0.693;0.678;0.681;0.736
2013-02-11 05:00:00;2013;2;11;5;-3.151;-2.748;63.737;7.428;0.0;0.695;0.676;0.682;0.739
2013-02-11 06:00:00;2013;2;11;6;-2.063;-2.509;63.521;7.32;0.0;0.695;0.677;0.682;0.739
2013-02-11 07:00:00;2013;2;11;7;20.75;-2.432;63.078;7.38;0.0;0.693;0.678;0.68;0.738
2013-02-11 08:00:00;2013;2;11;8;92.084;-2.159;61.495;7.823;0.0;0.694;0.677;0.681;0.738
2013-02-11 09:00:00;2013;2;11;9;182.859;-1.557;59.798;8.529;0.0;0.695;0.676;0.682;0.739
2013-02-11 10:00:00;2013;2;11;10;176.181;-0.916;58.102;8.1;0.007;0.695;0.676;0.682;0.739
2013-02-11 11:00:00;2013;2;11;11;174.116;-0.492;57.089;7.3;0.005;0.695;0.676;0.682;0.739
2013-02-11 12:00:00;2013;2;11;12;147.845;-0.115;56.685;6.575;0.001;0.695;0.677;0.682;0.738
2013-02-11 13:00:00;2013;2;11;13;138.071;0.114;56.915;6.329;0.0;0.696;0.676;0.682;0.738
2013-02-11 14:00:00;2013;2;11;14;79.641;0.361;56.34;6.481;0.0;0.695;0.677;0.682;0.737
2013-02-11 15:00:00;2013;2;11;15;65.44;0.521;55.763;6.463;0.001;0.695;0.677;0.682;0.738
2013-02-11 16:00:00;2013;2;11;16;9.885;0.031;59.695;5.336;0.002;0.694;0.677;0.681;0.738
2013-02-11 17:00:00;2013;2;11;17;-3.4;-0.554;62.27;5.34;0.0;0.695;0.676;0.682;0.739
2013-02-11 18:00:00;2013;2;11;18;-3.523;-0.865;64.267;5.404;0.0;0.695;0.676;0.682;0.739
2013-02-11 19:00:00;2013;2;11;19;-3.588;-1.249;67.216;5.886;0.0;0.695;0.676;0.682;0.739
2013-02-11 20:00:00;2013;2;11;20;-3.591;-1.709;71.513;5.922;0.0;0.694;0.677;0.681;0.738
2013-02-11 21:00:00;2013;2;11;21;-3.58;-2.281;74.571;5.284;0.0;0.693;0.677;0.68;0.737
2013-02-11 22:00:00;2013;2;11;22;-3.602;-2.943;77.129;5.16;0.0;0.693;0.678;0.68;0.737
2013-02-11 23:00:00;2013;2;11;23;-3.63;-3.843;79.792;4.255;0.0;0.692;0.678;0.68;0.738
2013-02-12 00:00:00;2013;2;12;0;-3.706;-4.27;80.384;3.95;0.0;0.692;0.678;0.68;0.738
2013-02-12 01:00:00;2013;2;12;1;-3.941;-4.827;81.215;3.263;0.001;0.691;0.678;0.679;0.737
2013-02-12 02:00:00;2013;2;12;2;-4.152;-5.336;82.862;2.642;0.0;0.691;0.678;0.679;0.738
2013-02-12 03:00:00;2013;2;12;3;-4.148;-5.512;84.327;2.239;0.0;0.69;0.678;0.679;0.738
2013-02-12 04:00:00;2013;2;12;4;-2.479;-3.416;80.022;2.669;0.0;0.691;0.678;0.679;0.738
2013-02-12 05:00:00;2013;2;12;5;-2.375;-1.338;71.437;3.894;0.0;0.693;0.678;0.682;0.744
2013-02-12 06:00:00;2013;2;12;6;-2.023;-1.067;69.744;4.254;0.0;0.693;0.678;0.682;0.744
2013-02-12 07:00:00;2013;2;12;7;15.187;-0.879;67.76;4.267;0.0;0.692;0.678;0.682;0.744
2013-02-12 08:00:00;2013;2;12;8;60.565;-0.674;64.36;5.189;0.0;0.692;0.678;0.682;0.745
2013-02-12 09:00:00;2013;2;12;9;92.961;-0.51;62.719;5.553;0.0;0.692;0.678;0.682;0.745
2013-02-12 10:00:00;2013;2;12;10;104.038;-0.487;64.535;4.779;0.0;0.691;0.678;0.682;0.745
2013-02-12 11:00:00;2013;2;12;11;100.006;-0.547;67.759;3.855;0.0;0.691;0.678;0.682;0.746
2013-02-12 12:00:00;2013;2;12;12;99.084;-0.436;65.326;3.934;0.0;0.691;0.678;0.682;0.746
2013-02-12 13:00:00;2013;2;12;13;97.703;-0.271;61.558;3.741;0.0;0.691;0.678;0.682;0.746
2013-02-12 14:00:00;2013;2;12;14;117.796;-0.481;63.219;3.152;0.0;0.69;0.678;0.681;0.743
2013-02-12 15:00:00;2013;2;12;15;82.387;-0.385;64.932;2.54;0.0;0.69;0.678;0.68;0.743
2013-02-12 16:00:00;2013;2;12;16;6.704;-0.52;67.293;1.701;0.0;0.69;0.678;0.681;0.744
2013-02-12 17:00:00;2013;2;12;17;-3.63;-0.774;68.376;1.037;0.0;0.692;0.678;0.682;0.746
2013-02-12 18:00:00;2013;2;12;18;-3.546;-0.779;72.163;1.587;0.013;0.692;0.678;0.682;0.746
2013-02-12 19:00:00;2013;2;12;19;-3.483;-0.813;76.009;1.94;0.004;0.692;0.678;0.682;0.746
2013-02-12 20:00:00;2013;2;12;20;-3.012;-0.834;78.157;2.384;0.0;0.692;0.678;0.682;0.746
2013-02-12 21:00:00;2013;2;12;21;-3.022;-0.624;81.59;2.261;0.002;0.691;0.678;0.682;0.746
2013-02-12 22:00:00;2013;2;12;22;-2.993;-0.57;84.96;2.443;0.005;0.69;0.677;0.682;0.746
2013-02-12 23:00:00;2013;2;12;23;-3.006;-0.545;85.592;2.219;0.001;0.69;0.678;0.681;0.744
2013-02-13 00:00:00;2013;2;13;0;-2.884;-0.585;84.9;2.486;0.005;0.689;0.678;0.681;0.744
2013-02-13 01:00:00;2013;2;13;1;-3.208;-0.721;83.837;1.902;0.0;0.688;0.678;0.681;0.745
2013-02-13 02:00:00;2013;2;13;2;-3.99;-1.363;84.948;1.507;0.0;0.688;0.679;0.681;0.745
2013-02-13 03:00:00;2013;2;13;3;-3.899;-2.011;86.703;2.171;0.001;0.688;0.679;0.681;0.746
2013-02-13 04:00:00;2013;2;13;4;-3.76;-4.463;92.268;1.85;0.0;0.686;0.679;0.679;0.744
2013-02-13 05:00:00;2013;2;13;5;-3.186;-3.24;92.987;1.097;0.0;0.686;0.678;0.679;0.745
2013-02-13 06:00:00;2013;2;13;6;-3.127;-2.613;90.188;0.628;0.0;0.687;0.678;0.681;0.748
2013-02-13 07:00:00;2013;2;13;7;16.327;-2.146;85.197;1.29;0.0;0.687;0.678;0.681;0.749
2013-02-13 08:00:00;2013;2;13;8;61.794;-1.59;83.874;1.043;0.0;0.686;0.678;0.681;0.749
2013-02-13 09:00:00;2013;2;13;9;115.58;-0.483;74.399;2.551;0.013;0.685;0.678;0.681;0.748
2013-02-13 10:00:00;2013;2;13;10;212.344;0.151;71.885;2.468;0.068;0.684;0.678;0.681;0.749
2013-02-13 11:00:00;2013;2;13;11;245.086;0.815;67.915;2.22;0.072;0.683;0.678;0.681;0.748
2013-02-13 12:00:00;2013;2;13;12;420.705;1.761;57.227;1.802;0.042;0.686;0.678;0.681;0.749
2013-02-13 13:00:00;2013;2;13;13;203.289;1.244;57.987;2.089;0.028;0.691;0.678;0.682;0.747
2013-02-13 14:00:00;2013;2;13;14;129.815;1.124;60.932;2.162;0.024;0.692;0.677;0.681;0.741
2013-02-13 15:00:00;2013;2;13;15;90.09;1.055;62.979;3.08;0.003;0.692;0.678;0.681;0.738
2013-02-13 16:00:00;2013;2;13;16;15.963;0.087;67.974;2.399;0.004;0.692;0.677;0.68;0.738
2013-02-13 17:00:00;2013;2;13;17;-4.094;-1.106;73.354;2.731;0.0;0.693;0.677;0.681;0.739
2013-02-13 18:00:00;2013;2;13;18;-3.983;-1.481;75.973;3.101;0.0;0.693;0.677;0.681;0.739
2013-02-13 19:00:00;2013;2;13;19;-3.972;-2.325;79.338;3.038;0.0;0.692;0.677;0.681;0.739
2013-02-13 20:00:00;2013;2;13;20;-3.948;-2.596;81.613;3.214;0.0;0.691;0.677;0.681;0.739
2013-02-13 21:00:00;2013;2;13;21;-3.777;-2.464;83.345;3.585;0.0;0.689;0.678;0.679;0.737
2013-02-13 22:00:00;2013;2;13;22;-3.458;-1.918;80.866;4.522;0.0;0.689;0.678;0.679;0.737
2013-02-13 23:00:00;2013;2;13;23;-3.36;-1.919;80.67;4.774;0.0;0.688;0.678;0.679;0.738
2013-02-14 00:00:00;2013;2;14;0;-3.404;-2.437;80.876;4.13;0.001;0.687;0.678;0.679;0.74
2013-02-14 01:00:00;2013;2;14;1;-3.339;-2.592;77.609;4.069;0.0;0.684;0.678;0.678;0.742
2013-02-14 02:00:00;2013;2;14;2;-3.247;-2.635;75.145;4.316;0.0;0.683;0.679;0.679;0.741
2013-02-14 03:00:00;2013;2;14;3;-3.039;-2.492;73.008;5.191;0.0;0.681;0.679;0.679;0.741
2013-02-14 04:00:00;2013;2;14;4;-2.885;-2.147;69.468;6.027;0.0;0.681;0.678;0.68;0.745
2013-02-14 05:00:00;2013;2;14;5;-2.762;-2.016;68.726;6.282;0.0;0.679;0.677;0.68;0.747
2013-02-14 06:00:00;2013;2;14;6;-1.068;-1.931;69.407;6.754;0.0;0.678;0.677;0.68;0.747
2013-02-14 07:00:00;2013;2;14;7;14.238;-1.622;69.103;7.436;0.0;0.678;0.677;0.68;0.748
2013-02-14 08:00:00;2013;2;14;8;45.768;-1.295;68.381;8.203;0.0;0.678;0.678;0.68;0.748
2013-02-14 09:00:00;2013;2;14;9;67.071;-1.054;68.14;7.948;0.0;0.675;0.676;0.679;0.743
2013-02-14 10:00:00;2013;2;14;10;78.549;-0.591;66.712;7.804;0.0;0.674;0.676;0.679;0.742
2013-02-14 11:00:00;2013;2;14;11;87.397;-0.233;65.236;8.81;0.0;0.674;0.676;0.679;0.742
2013-02-14 12:00:00;2013;2;14;12;68.166;-0.818;76.273;8.534;0.214;0.674;0.676;0.679;0.742
2013-02-14 13:00:00;2013;2;14;13;66.388;-1.156;86.128;7.963;0.326;0.678;0.677;0.68;0.749
2013-02-14 14:00:00;2013;2;14;14;56.024;-1.024;89.96;7.479;0.825;0.681;0.679;0.682;0.753
2013-02-14 15:00:00;2013;2;14;15;26.769;-0.994;92.342;6.819;0.67;0.68;0.679;0.682;0.752
2013-02-14 16:00:00;2013;2;14;16;9.16;-0.856;92.702;7.005;0.62;0.679;0.68;0.681;0.753
2013-02-14 17:00:00;2013;2;14;17;-1.729;-0.578;93.853;6.566;0.31;0.679;0.68;0.681;0.752
2013-02-14 18:00:00;2013;2;14;18;-1.902;-0.122;94.902;6.277;0.3;0.68;0.682;0.682;0.755
2013-02-14 19:00:00;2013;2;14;19;-2.209;0.082;95.01;5.401;0.32;0.68;0.682;0.681;0.755
2013-02-14 20:00:00;2013;2;14;20;-2.344;0.278;95.485;4.753;0.38;0.68;0.682;0.681;0.754
2013-02-14 21:00:00;2013;2;14;21;-2.463;0.442;95.943;4.689;0.26;0.68;0.682;0.681;0.754
2013-02-14 22:00:00;2013;2;14;22;-2.541;0.597;95.998;4.543;0.11;0.68;0.681;0.681;0.755
2013-02-14 23:00:00;2013;2;14;23;-2.624;0.761;96.478;4.072;0.07;0.68;0.681;0.682;0.754
2013-02-15 00:00:00;2013;2;15;0;-2.767;0.817;96.842;3.325;0.05;0.68;0.682;0.681;0.753
2013-02-15 01:00:00;2013;2;15;1;-2.849;0.867;97.185;3.098;0.03;0.681;0.681;0.682;0.754
2013-02-15 02:00:00;2013;2;15;2;-2.912;0.853;97.413;2.819;0.01;0.681;0.681;0.682;0.756
2013-02-15 03:00:00;2013;2;15;3;-2.987;0.845;97.457;2.473;0.0;0.68;0.681;0.681;0.754
2013-02-15 04:00:00;2013;2;15;4;-2.912;0.838;97.443;2.969;0.0;0.679;0.682;0.681;0.754
2013-02-15 05:00:00;2013;2;15;5;-3.032;0.917;97.745;2.183;0.0;0.68;0.681;0.682;0.755
2013-02-15 06:00:00;2013;2;15;6;-2.497;1.017;97.268;2.204;0.0;0.681;0.681;0.682;0.756
2013-02-15 07:00:00;2013;2;15;7;21.648;1.129;97.527;2.098;0.12;0.681;0.681;0.682;0.756
2013-02-15 08:00:00;2013;2;15;8;59.245;1.612;96.848;1.496;0.0;0.678;0.679;0.679;0.751
2013-02-15 09:00:00;2013;2;15;9;98.438;1.868;97.512;1.795;0.0;0.676;0.678;0.677;0.749
2013-02-15 10:00:00;2013;2;15;10;186.027;2.424;96.85;1.781;0.0;0.676;0.676;0.677;0.745
2013-02-15 11:00:00;2013;2;15;11;156.547;3.229;96.983;1.919;0.0;0.682;0.678;0.679;0.745
2013-02-15 12:00:00;2013;2;15;12;152.359;4.047;96.042;1.71;0.0;0.685;0.678;0.68;0.745
2013-02-15 13:00:00;2013;2;15;13;224.522;5.0;94.0;1.94;0.0;0.686;0.678;0.68;0.743
2013-02-15 14:00:00;2013;2;15;14;188.362;6.07;87.863;2.033;0.0;0.687;0.679;0.68;0.741
2013-02-15 15:00:00;2013;2;15;15;49.247;5.454;89.912;2.064;0.0;0.687;0.678;0.68;0.74
2013-02-15 16:00:00;2013;2;15;16;6.528;5.26;90.153;2.421;0.0;0.687;0.679;0.68;0.739
2013-02-15 17:00:00;2013;2;15;17;-3.405;4.612;89.167;2.012;0.0;0.687;0.678;0.679;0.739
2013-02-15 18:00:00;2013;2;15;18;-4.242;3.872;91.437;1.223;0.0;0.688;0.678;0.68;0.742
2013-02-15 19:00:00;2013;2;15;19;-3.646;3.251;93.31;1.307;0.0;0.688;0.678;0.68;0.742
2013-02-15 20:00:00;2013;2;15;20;-3.656;3.36;92.607;1.595;0.0;0.688;0.678;0.68;0.742
2013-02-15 21:00:00;2013;2;15;21;-3.419;3.585;91.852;2.168;0.0;0.688;0.678;0.681;0.741
2013-02-15 22:00:00;2013;2;15;22;-3.388;3.663;92.033;2.069;0.0;0.688;0.678;0.68;0.74
2013-02-15 23:00:00;2013;2;15;23;-4.276;3.355;93.0;0.816;0.0;0.689;0.678;0.68;0.739
2013-02-16 00:00:00;2013;2;16;0;-3.571;3.292;94.598;1.636;0.0;0.689;0.678;0.681;0.741
2013-02-16 01:00:00;2013;2;16;1;-3.526;3.538;94.705;1.61;0.0;0.689;0.678;0.681;0.74
2013-02-16 02:00:00;2013;2;16;2;-3.393;3.727;95.267;1.821;0.01;0.69;0.679;0.68;0.738
2013-02-16 03:00:00;2013;2;16;3;-3.377;3.706;95.728;1.745;0.0;0.69;0.679;0.68;0.737
2013-02-16 04:00:00;2013;2;16;4;-3.334;3.744;96.162;1.749;0.14;0.69;0.679;0.68;0.737
2013-02-16 05:00:00;2013;2;16;5;-3.196;3.685;96.217;2.211;0.07;0.69;0.679;0.68;0.737
2013-02-16 06:00:00;2013;2;16;6;-2.996;3.681;96.045;1.318;0.0;0.69;0.679;0.68;0.738
2013-02-16 07:00:00;2013;2;16;7;14.513;3.668;96.115;0.872;0.0;0.69;0.679;0.68;0.736
2013-02-16 08:00:00;2013;2;16;8;52.301;4.291;96.497;1.624;0.0;0.691;0.679;0.681;0.739
2013-02-16 09:00:00;2013;2;16;9;152.131;5.244;95.143;1.471;0.0;0.691;0.678;0.681;0.739
2013-02-16 10:00:00;2013;2;16;10;142.419;5.724;93.79;2.061;0.0;0.692;0.678;0.681;0.739
2013-02-16 11:00:00;2013;2;16;11;167.644;6.076;92.332;2.993;0.0;0.693;0.679;0.682;0.738
2013-02-16 12:00:00;2013;2;16;12;111.883;6.287;89.82;1.814;0.0;0.693;0.679;0.682;0.738
2013-02-16 13:00:00;2013;2;16;13;105.871;6.84;87.16;0.995;0.0;0.693;0.679;0.682;0.738
2013-02-16 14:00:00;2013;2;16;14;76.709;7.039;86.252;1.128;0.0;0.693;0.679;0.682;0.738
2013-02-16 15:00:00;2013;2;16;15;40.414;6.841;87.378;1.234;0.0;0.693;0.679;0.682;0.737
2013-02-16 16:00:00;2013;2;16;16;1.715;6.401;90.258;0.86;0.0;0.693;0.68;0.683;0.737
2013-02-16 17:00:00;2013;2;16;17;-4.432;5.702;89.948;1.789;0.29;0.693;0.68;0.683;0.737
2013-02-16 18:00:00;2013;2;16;18;-3.549;4.17;91.467;2.739;0.06;0.694;0.68;0.683;0.737
2013-02-16 19:00:00;2013;2;16;19;-4.056;3.515;93.358;0.999;0.0;0.693;0.68;0.683;0.737
2013-02-16 20:00:00;2013;2;16;20;-4.426;3.231;93.932;1.02;0.0;0.693;0.68;0.683;0.737
2013-02-16 21:00:00;2013;2;16;21;-4.443;2.346;95.173;0.963;0.0;0.692;0.681;0.682;0.736
2013-02-16 22:00:00;2013;2;16;22;-3.977;2.181;96.183;0.816;0.0;0.692;0.681;0.682;0.737
2013-02-16 23:00:00;2013;2;16;23;-3.374;2.805;96.027;2.138;0.0;0.692;0.681;0.682;0.736
2013-02-17 00:00:00;2013;2;17;0;-3.486;3.081;93.662;2.065;0.0;0.693;0.681;0.683;0.737
2013-02-17 01:00:00;2013;2;17;1;-3.67;2.736;90.818;1.908;0.0;0.693;0.681;0.682;0.735
2013-02-17 02:00:00;2013;2;17;2;-3.3;2.521;90.818;2.255;0.0;0.693;0.681;0.682;0.736
2013-02-17 03:00:00;2013;2;17;3;-3.648;2.308;90.878;1.611;0.0;0.693;0.681;0.683;0.736
2013-02-17 04:00:00;2013;2;17;4;-3.159;2.271;88.31;2.447;0.0;0.693;0.681;0.683;0.736
2013-02-17 05:00:00;2013;2;17;5;-3.182;2.245;87.268;2.184;0.0;0.692;0.681;0.682;0.737
2013-02-17 06:00:00;2013;2;17;6;-2.094;2.152;86.405;1.931;0.0;0.692;0.681;0.682;0.736
2013-02-17 07:00:00;2013;2;17;7;25.26;2.066;86.662;2.183;0.0;0.692;0.681;0.682;0.736
2013-02-17 08:00:00;2013;2;17;8;94.953;2.49;84.6;2.937;0.0;0.691;0.681;0.682;0.736
2013-02-17 09:00:00;2013;2;17;9;175.573;2.932;83.503;2.925;0.0;0.693;0.68;0.683;0.737
2013-02-17 10:00:00;2013;2;17;10;275.545;3.564;81.428;3.225;0.0;0.693;0.68;0.683;0.737
2013-02-17 11:00:00;2013;2;17;11;286.354;4.066;81.352;3.527;0.0;0.694;0.68;0.683;0.737
2013-02-17 12:00:00;2013;2;17;12;387.209;4.917;76.765;3.702;0.0;0.694;0.68;0.684;0.737
2013-02-17 13:00:00;2013;2;17;13;379.707;5.504;72.697;3.873;0.0;0.694;0.68;0.684;0.737
2013-02-17 14:00:00;2013;2;17;14;265.662;5.722;71.343;3.087;0.0;0.694;0.681;0.684;0.737
2013-02-17 15:00:00;2013;2;17;15;131.384;5.361;73.326;2.66;0.0;0.694;0.681;0.684;0.737
2013-02-17 16:00:00;2013;2;17;16;33.175;4.187;77.49;2.222;0.0;0.694;0.681;0.684;0.737
2013-02-17 17:00:00;2013;2;17;17;-4.174;2.609;85.109;1.232;0.0;0.694;0.681;0.684;0.737
2013-02-17 18:00:00;2013;2;17;18;-4.713;1.819;85.517;2.395;0.0;0.694;0.682;0.685;0.737
2013-02-17 19:00:00;2013;2;17;19;-4.812;0.392;86.753;2.291;0.0;0.693;0.682;0.684;0.738
2013-02-17 20:00:00;2013;2;17;20;-4.783;-0.697;90.388;1.428;0.0;0.692;0.682;0.683;0.736
2013-02-17 21:00:00;2013;2;17;21;-4.87;-0.852;91.047;1.112;0.0;0.692;0.682;0.683;0.737
2013-02-17 22:00:00;2013;2;17;22;-3.827;-1.51;94.068;0.922;0.0;0.692;0.682;0.683;0.737
2013-02-17 23:00:00;2013;2;17;23;-4.054;-0.824;93.873;0.944;0.0;0.691;0.682;0.683;0.737
2013-02-18 00:00:00;2013;2;18;0;-3.072;0.22;93.582;1.081;0.0;0.691;0.682;0.683;0.738
2013-02-18 01:00:00;2013;2;18;1;-3.18;1.412;90.625;1.8;0.0;0.692;0.681;0.683;0.74
2013-02-18 02:00:00;2013;2;18;2;-3.659;1.305;90.742;1.253;0.0;0.692;0.682;0.683;0.738
2013-02-18 03:00:00;2013;2;18;3;-3.983;1.081;91.752;1.163;0.0;0.691;0.681;0.683;0.739
2013-02-18 04:00:00;2013;2;18;4;-4.461;0.257;92.842;1.445;0.0;0.691;0.681;0.682;0.739
2013-02-18 05:00:00;2013;2;18;5;-4.618;-0.267;94.19;1.231;0.0;0.69;0.681;0.681;0.738
2013-02-18 06:00:00;2013;2;18;6;-3.438;-0.924;93.643;0.608;0.0;0.691;0.681;0.683;0.745
2013-02-18 07:00:00;2013;2;18;7;25.791;-0.86;95.382;0.608;0.0;0.691;0.68;0.683;0.747
2013-02-18 08:00:00;2013;2;18;8;133.12;0.013;94.462;1.263;0.0;0.691;0.68;0.683;0.749
2013-02-18 09:00:00;2013;2;18;9;319.232;2.079;82.686;2.332;0.0;0.691;0.681;0.683;0.749
2013-02-18 10:00:00;2013;2;18;10;385.593;3.969;71.092;3.094;0.0;0.692;0.68;0.683;0.747
2013-02-18 11:00:00;2013;2;18;11;431.779;4.933;64.675;2.795;0.0;0.691;0.68;0.683;0.747
2013-02-18 12:00:00;2013;2;18;12;420.281;6.062;60.519;1.972;0.0;0.691;0.681;0.683;0.744
2013-02-18 13:00:00;2013;2;18;13;346.606;6.431;56.734;1.995;0.0;0.691;0.681;0.683;0.748
2013-02-18 14:00:00;2013;2;18;14;150.757;5.774;61.087;1.879;0.0;0.69;0.681;0.683;0.747
2013-02-18 15:00:00;2013;2;18;15;77.01;5.396;65.159;1.561;0.0;0.69;0.681;0.684;0.754
2013-02-18 16:00:00;2013;2;18;16;12.399;4.882;69.675;1.431;0.0;0.69;0.681;0.684;0.755
2013-02-18 17:00:00;2013;2;18;17;-3.58;3.835;75.783;1.617;0.0;0.69;0.681;0.684;0.756
2013-02-18 18:00:00;2013;2;18;18;-4.702;2.872;78.592;1.192;0.0;0.689;0.681;0.684;0.756
2013-02-18 19:00:00;2013;2;18;19;-4.077;2.105;80.245;1.864;0.0;0.689;0.682;0.684;0.757
2013-02-18 20:00:00;2013;2;18;20;-4.232;2.029;79.999;1.033;0.0;0.687;0.682;0.683;0.754
2013-02-18 21:00:00;2013;2;18;21;-4.322;1.827;80.135;0.981;0.0;0.686;0.682;0.682;0.752
2013-02-18 22:00:00;2013;2;18;22;-4.941;0.53;86.725;0.701;0.0;0.686;0.682;0.683;0.757
2013-02-18 23:00:00;2013;2;18;23;-4.164;0.311;87.888;2.055;0.0;0.682;0.681;0.681;0.752
2013-02-19 00:00:00;2013;2;19;0;-3.758;0.174;91.85;2.372;0.0;0.679;0.68;0.68;0.751
2013-02-19 01:00:00;2013;2;19;1;-4.039;0.136;93.428;1.832;0.0;0.68;0.68;0.68;0.751
2013-02-19 02:00:00;2013;2;19;2;-4.221;0.1;94.075;1.218;0.0;0.68;0.68;0.681;0.752
2013-02-19 03:00:00;2013;2;19;3;-3.294;0.418;92.93;2.19;0.0;0.679;0.68;0.68;0.75
2013-02-19 04:00:00;2013;2;19;4;-2.584;0.942;91.958;2.508;0.0;0.678;0.68;0.68;0.75
2013-02-19 05:00:00;2013;2;19;5;-3.341;1.127;91.633;1.574;0.0;0.68;0.68;0.681;0.753
2013-02-19 06:00:00;2013;2;19;6;-2.718;1.554;90.405;1.71;0.0;0.68;0.679;0.681;0.753
2013-02-19 07:00:00;2013;2;19;7;16.971;1.387;90.347;2.006;0.0;0.68;0.679;0.68;0.752
2013-02-19 08:00:00;2013;2;19;8;42.592;1.807;89.292;2.408;0.0;0.679;0.679;0.68;0.752
2013-02-19 09:00:00;2013;2;19;9;134.55;2.809;86.68;2.997;0.0;0.68;0.679;0.68;0.753
2013-02-19 10:00:00;2013;2;19;10;141.859;3.919;83.892;2.82;0.0;0.68;0.68;0.68;0.753
2013-02-19 11:00:00;2013;2;19;11;94.09;4.551;81.303;3.531;0.0;0.68;0.68;0.68;0.753
2013-02-19 12:00:00;2013;2;19;12;76.246;4.708;82.92;2.668;0.0;0.68;0.68;0.681;0.753
2013-02-19 13:00:00;2013;2;19;13;60.076;4.938;83.547;3.193;0.0;0.68;0.68;0.681;0.753
2013-02-19 14:00:00;2013;2;19;14;63.0;5.017;84.407;3.233;0.03;0.68;0.68;0.681;0.754
2013-02-19 15:00:00;2013;2;19;15;24.952;4.794;85.038;3.418;0.01;0.68;0.68;0.681;0.753
2013-02-19 16:00:00;2013;2;19;16;3.178;4.628;86.745;3.094;0.0;0.68;0.68;0.681;0.753
2013-02-19 17:00:00;2013;2;19;17;-2.512;4.453;89.61;2.99;0.0;0.68;0.681;0.681;0.753
2013-02-19 18:00:00;2013;2;19;18;-3.323;3.722;91.785;5.119;0.0;0.68;0.681;0.681;0.753
2013-02-19 19:00:00;2013;2;19;19;-3.141;2.804;87.55;5.797;0.0;0.679;0.681;0.68;0.752
2013-02-19 20:00:00;2013;2;19;20;-2.852;2.38;83.917;4.172;0.01;0.678;0.681;0.68;0.751
2013-02-19 21:00:00;2013;2;19;21;-3.361;1.61;84.423;3.168;0.0;0.679;0.681;0.68;0.753
2013-02-19 22:00:00;2013;2;19;22;-4.137;0.439;85.122;2.855;0.0;0.679;0.681;0.68;0.752
2013-02-19 23:00:00;2013;2;19;23;-4.55;-0.757;87.348;3.052;0.0;0.678;0.681;0.679;0.752
2013-02-20 00:00:00;2013;2;20;0;-4.412;-1.639;87.212;3.114;0.0;0.678;0.681;0.68;0.751
2013-02-20 01:00:00;2013;2;20;1;-4.011;-1.608;83.945;3.423;0.0;0.677;0.681;0.679;0.751
2013-02-20 02:00:00;2013;2;20;2;-4.223;-2.14;84.155;3.096;0.0;0.677;0.681;0.679;0.753
2013-02-20 03:00:00;2013;2;20;3;-4.05;-2.256;86.575;3.339;0.0;0.683;0.682;0.685;0.756
2013-02-20 04:00:00;2013;2;20;4;-3.988;-2.121;87.59;3.968;0.0;0.682;0.682;0.684;0.753
2013-02-20 05:00:00;2013;2;20;5;-3.988;-2.591;87.197;3.673;0.0;0.684;0.68;0.686;0.757
2013-02-20 06:00:00;2013;2;20;6;-0.371;-2.713;86.103;3.699;0.0;0.684;0.68;0.686;0.757
2013-02-20 07:00:00;2013;2;20;7;73.337;-2.262;84.933;3.755;0.0;0.684;0.68;0.685;0.757
2013-02-20 08:00:00;2013;2;20;8;213.836;-1.063;79.463;3.911;0.0;0.684;0.683;0.685;0.758
2013-02-20 09:00:00;2013;2;20;9;316.899;0.3;71.246;4.769;0.0;0.684;0.684;0.685;0.758
2013-02-20 10:00:00;2013;2;20;10;476.193;1.344;65.974;5.157;0.0;0.684;0.684;0.685;0.759
2013-02-20 11:00:00;2013;2;20;11;209.474;1.068;65.957;4.58;0.0;0.684;0.684;0.685;0.76
2013-02-20 12:00:00;2013;2;20;12;182.134;1.345;62.273;5.015;0.0;0.684;0.684;0.685;0.76
2013-02-20 13:00:00;2013;2;20;13;113.954;1.108;60.55;4.881;0.0;0.684;0.684;0.685;0.759
2013-02-20 14:00:00;2013;2;20;14;58.835;0.857;60.541;5.0;0.0;0.684;0.684;0.685;0.758
2013-02-20 15:00:00;2013;2;20;15;59.272;0.668;64.878;4.036;0.0;0.683;0.683;0.684;0.756
2013-02-20 16:00:00;2013;2;20;16;45.573;0.745;63.619;3.708;0.0;0.682;0.683;0.684;0.754
2013-02-20 17:00:00;2013;2;20;17;-3.118;-0.976;70.061;3.292;0.0;0.682;0.683;0.683;0.755
2013-02-20 18:00:00;2013;2;20;18;-4.434;-1.964;74.278;2.597;0.0;0.682;0.683;0.683;0.754
2013-02-20 19:00:00;2013;2;20;19;-4.502;-2.978;77.811;2.617;0.0;0.682;0.683;0.683;0.753
2013-02-20 20:00:00;2013;2;20;20;-4.381;-3.348;82.145;2.773;0.0;0.682;0.683;0.683;0.754
2013-02-20 21:00:00;2013;2;20;21;-4.292;-3.213;83.663;2.912;0.0;0.682;0.682;0.683;0.754
2013-02-20 22:00:00;2013;2;20;22;-4.273;-3.554;85.707;3.126;0.0;0.681;0.682;0.683;0.752
2013-02-20 23:00:00;2013;2;20;23;-4.075;-3.873;85.25;3.238;0.0;0.68;0.683;0.681;0.749
2013-02-21 00:00:00;2013;2;21;0;-3.915;-3.599;83.006;2.975;0.0;0.678;0.683;0.68;0.747
2013-02-21 01:00:00;2013;2;21;1;-4.561;-4.582;84.938;2.559;0.0;0.678;0.683;0.68;0.748
2013-02-21 02:00:00;2013;2;21;2;-4.559;-4.802;86.27;2.486;0.0;0.678;0.682;0.68;0.745
2013-02-21 03:00:00;2013;2;21;3;-3.951;-4.191;86.0;3.26;0.01;0.678;0.682;0.68;0.746
2013-02-21 04:00:00;2013;2;21;4;-3.551;-3.895;86.23;3.435;0.0;0.677;0.682;0.68;0.745
2013-02-21 05:00:00;2013;2;21;5;-3.143;-3.06;84.937;3.595;0.0;0.677;0.681;0.68;0.745
2013-02-21 06:00:00;2013;2;21;6;0.32;-2.62;83.682;4.139;0.0;0.679;0.68;0.68;0.747
2013-02-21 07:00:00;2013;2;21;7;40.256;-2.297;82.598;3.947;0.0;0.679;0.68;0.68;0.746
2013-02-21 08:00:00;2013;2;21;8;102.483;-1.624;81.504;4.159;0.0;0.678;0.68;0.68;0.745
2013-02-21 09:00:00;2013;2;21;9;172.39;-0.842;78.263;5.226;0.0;0.678;0.68;0.679;0.745
2013-02-21 10:00:00;2013;2;21;10;260.181;-0.133;74.06;5.349;0.0;0.678;0.679;0.679;0.745
2013-02-21 11:00:00;2013;2;21;11;290.746;0.584;68.815;5.267;0.0;0.678;0.679;0.679;0.745
2013-02-21 12:00:00;2013;2;21;12;246.995;0.853;61.634;5.514;0.0;0.678;0.68;0.68;0.745
2013-02-21 13:00:00;2013;2;21;13;143.877;0.542;60.672;5.296;0.0;0.679;0.68;0.68;0.745
2013-02-21 14:00:00;2013;2;21;14;137.832;0.562;58.423;5.311;0.0;0.678;0.68;0.68;0.746
2013-02-21 15:00:00;2013;2;21;15;55.09;0.429;59.38;5.074;0.0;0.677;0.681;0.679;0.746
2013-02-21 16:00:00;2013;2;21;16;24.644;-0.411;66.084;3.799;0.0;0.677;0.681;0.679;0.746
2013-02-21 17:00:00;2013;2;21;17;-2.207;-0.614;64.314;3.784;0.0;0.677;0.68;0.679;0.746
2013-02-21 18:00:00;2013;2;21;18;-3.577;-1.523;67.81;3.992;0.0;0.678;0.68;0.68;0.746
2013-02-21 19:00:00;2013;2;21;19;-2.778;-1.36;69.305;4.428;0.0;0.678;0.68;0.679;0.745
2013-02-21 20:00:00;2013;2;21;20;-3.299;-1.775;70.849;4.346;0.0;0.677;0.68;0.679;0.745
2013-02-21 21:00:00;2013;2;21;21;-3.232;-2.165;73.641;4.133;0.0;0.677;0.68;0.678;0.744
2013-02-21 22:00:00;2013;2;21;22;-2.914;-2.541;77.423;4.063;0.0;0.676;0.68;0.678;0.743
2013-02-21 23:00:00;2013;2;21;23;-2.836;-2.296;77.798;3.965;0.0;0.676;0.68;0.678;0.743
2013-02-22 00:00:00;2013;2;22;0;-3.668;-2.979;80.049;3.889;0.0;0.676;0.68;0.678;0.743
2013-02-22 01:00:00;2013;2;22;1;-3.59;-3.509;82.175;3.801;0.0;0.675;0.679;0.677;0.742
2013-02-22 02:00:00;2013;2;22;2;-3.759;-3.811;83.74;4.078;0.0;0.675;0.679;0.677;0.741
2013-02-22 03:00:00;2013;2;22;3;-3.759;-4.026;84.345;3.99;0.0;0.674;0.679;0.676;0.741
2013-02-22 04:00:00;2013;2;22;4;-3.91;-4.472;85.563;3.465;0.0;0.672;0.677;0.675;0.74
2013-02-22 05:00:00;2013;2;22;5;-3.792;-4.703;87.363;3.715;0.0;0.673;0.675;0.675;0.737
2013-02-22 06:00:00;2013;2;22;6;0.467;-4.41;87.743;3.603;0.0;0.674;0.672;0.677;0.731
2013-02-22 07:00:00;2013;2;22;7;33.765;-3.487;86.813;4.191;0.0;0.673;0.673;0.678;0.728
2013-02-22 08:00:00;2013;2;22;8;143.164;-2.707;85.305;4.267;0.0;0.672;0.675;0.678;0.728
2013-02-22 09:00:00;2013;2;22;9;219.274;-1.62;78.548;5.017;0.0;0.667;0.668;0.679;0.723
2013-02-22 10:00:00;2013;2;22;10;342.387;-0.8;72.504;5.343;0.0;0.662;0.665;0.679;0.719
2013-02-22 11:00:00;2013;2;22;11;265.062;-0.442;68.068;6.28;0.0;0.664;0.666;0.679;0.721
2013-02-22 12:00:00;2013;2;22;12;179.201;-0.378;65.365;6.026;0.0;0.667;0.666;0.679;0.723
2013-02-22 13:00:00;2013;2;22;13;83.515;-0.451;65.837;5.725;0.0;0.66;0.667;0.679;0.72
2013-02-22 14:00:00;2013;2;22;14;54.961;-0.563;64.277;5.851;0.0;0.659;0.668;0.679;0.72
2013-02-22 15:00:00;2013;2;22;15;27.781;-0.732;66.997;5.364;0.0;0.659;0.668;0.679;0.721
2013-02-22 16:00:00;2013;2;22;16;4.781;-0.86;64.969;5.801;0.0;0.659;0.668;0.679;0.721
2013-02-22 17:00:00;2013;2;22;17;-2.223;-1.08;65.948;5.463;0.0;0.658;0.667;0.679;0.721
2013-02-22 18:00:00;2013;2;22;18;-2.768;-2.046;58.275;6.782;0.0;0.658;0.667;0.679;0.721
2013-02-22 19:00:00;2013;2;22;19;-2.795;-2.628;57.915;4.781;0.0;0.657;0.668;0.678;0.724
2013-02-22 20:00:00;2013;2;22;20;-3.722;-3.444;66.075;4.402;0.0;0.656;0.668;0.678;0.724
2013-02-22 21:00:00;2013;2;22;21;-3.747;-4.364;71.975;3.842;0.0;0.655;0.667;0.678;0.724
2013-02-22 22:00:00;2013;2;22;22;-3.697;-4.576;73.158;3.806;0.0;0.654;0.667;0.677;0.723
2013-02-22 23:00:00;2013;2;22;23;-3.874;-5.208;76.292;3.47;0.0;0.654;0.665;0.678;0.722
2013-02-23 00:00:00;2013;2;23;0;-3.868;-5.49;78.523;3.096;0.01;0.654;0.664;0.678;0.721
2013-02-23 01:00:00;2013;2;23;1;-3.638;-5.341;78.418;3.496;0.0;0.653;0.662;0.678;0.721
2013-02-23 02:00:00;2013;2;23;2;-3.632;-5.362;77.882;3.551;0.0;0.653;0.661;0.678;0.722
2013-02-23 03:00:00;2013;2;23;3;-3.496;-5.104;77.06;3.963;0.0;0.656;0.661;0.677;0.724
2013-02-23 04:00:00;2013;2;23;4;-3.551;-5.21;77.764;3.652;0.0;0.662;0.663;0.677;0.725
2013-02-23 05:00:00;2013;2;23;5;-3.527;-5.2;78.68;3.704;0.0;0.661;0.662;0.677;0.725
2013-02-23 06:00:00;2013;2;23;6;0.056;-5.425;80.197;3.56;0.0;0.66;0.664;0.677;0.726
2013-02-23 07:00:00;2013;2;23;7;35.281;-4.702;79.882;3.386;0.0;0.659;0.664;0.677;0.727
2013-02-23 08:00:00;2013;2;23;8;61.815;-2.857;72.373;4.717;0.0;0.661;0.663;0.679;0.725
2013-02-23 09:00:00;2013;2;23;9;171.52;-1.758;67.993;6.313;0.0;0.66;0.663;0.679;0.725
2013-02-23 10:00:00;2013;2;23;10;221.037;-0.91;66.074;6.922;0.0;0.66;0.663;0.679;0.725
2013-02-23 11:00:00;2013;2;23;11;191.172;-0.215;63.957;7.153;0.0;0.66;0.667;0.679;0.725
2013-02-23 12:00:00;2013;2;23;12;168.123;0.178;63.638;7.083;0.0;0.66;0.667;0.679;0.724
2013-02-23 13:00:00;2013;2;23;13;156.992;0.523;62.763;7.343;0.0;0.66;0.665;0.679;0.72
2013-02-23 14:00:00;2013;2;23;14;113.2;0.534;62.72;7.451;0.0;0.66;0.665;0.679;0.716
2013-02-23 15:00:00;2013;2;23;15;71.739;0.424;62.334;6.797;0.0;0.66;0.665;0.679;0.716
2013-02-23 16:00:00;2013;2;23;16;18.697;0.283;63.394;5.542;0.0;0.66;0.664;0.679;0.716
2013-02-23 17:00:00;2013;2;23;17;-1.936;0.171;64.314;5.723;0.0;0.66;0.661;0.679;0.716
2013-02-23 18:00:00;2013;2;23;18;-2.764;-0.199;67.778;4.964;0.0;0.659;0.66;0.679;0.716
2013-02-23 19:00:00;2013;2;23;19;-2.471;-0.226;69.133;4.811;0.0;0.659;0.66;0.679;0.716
2013-02-23 20:00:00;2013;2;23;20;-2.5;-0.263;70.622;5.067;0.0;0.659;0.661;0.678;0.718
2013-02-23 21:00:00;2013;2;23;21;-2.486;-0.347;73.39;5.302;0.0;0.659;0.661;0.678;0.721
2013-02-23 22:00:00;2013;2;23;22;-2.587;-0.821;82.021;4.956;0.0;0.66;0.661;0.678;0.72
2013-02-23 23:00:00;2013;2;23;23;-2.594;-1.167;88.34;5.144;0.0;0.659;0.661;0.678;0.72
2013-02-24 00:00:00;2013;2;24;0;-2.605;-1.181;88.313;5.616;0.03;0.66;0.661;0.678;0.72
2013-02-24 01:00:00;2013;2;24;1;-2.562;-1.143;88.685;5.533;0.03;0.659;0.661;0.678;0.72
2013-02-24 02:00:00;2013;2;24;2;-2.556;-1.077;88.373;5.497;0.01;0.659;0.661;0.678;0.72
2013-02-24 03:00:00;2013;2;24;3;-2.376;-0.772;86.643;5.32;0.0;0.66;0.661;0.678;0.719
2013-02-24 04:00:00;2013;2;24;4;-2.433;-0.646;87.347;5.45;0.0;0.66;0.661;0.678;0.719
2013-02-24 05:00:00;2013;2;24;5;-2.419;-0.767;89.273;4.793;0.04;0.659;0.662;0.678;0.72
2013-02-24 06:00:00;2013;2;24;6;-0.733;-0.523;86.558;5.269;0.07;0.659;0.661;0.678;0.72
2013-02-24 07:00:00;2013;2;24;7;20.933;-0.313;85.622;5.049;0.06;0.659;0.662;0.678;0.72
2013-02-24 08:00:00;2013;2;24;8;67.606;-0.199;86.737;5.228;0.19;0.658;0.661;0.677;0.721
2013-02-24 09:00:00;2013;2;24;9;75.444;-0.034;87.057;5.128;0.36;0.659;0.66;0.678;0.717
2013-02-24 10:00:00;2013;2;24;10;89.811;0.074;87.348;4.768;0.22;0.659;0.66;0.678;0.716
2013-02-24 11:00:00;2013;2;24;11;123.951;0.161;88.137;5.174;0.22;0.659;0.659;0.678;0.716
2013-02-24 12:00:00;2013;2;24;12;161.111;0.252;91.678;4.403;0.34;0.659;0.659;0.678;0.716
2013-02-24 13:00:00;2013;2;24;13;71.74;0.258;91.982;4.77;0.04;0.659;0.66;0.678;0.717
2013-02-24 14:00:00;2013;2;24;14;47.776;0.397;91.163;4.24;0.02;0.659;0.66;0.678;0.717
2013-02-24 15:00:00;2013;2;24;15;36.808;0.598;88.348;4.442;0.02;0.659;0.659;0.678;0.717
2013-02-24 16:00:00;2013;2;24;16;14.288;0.58;88.245;4.034;0.04;0.66;0.659;0.678;0.717
2013-02-24 17:00:00;2013;2;24;17;-2.001;0.471;89.78;3.434;0.01;0.66;0.66;0.678;0.717
2013-02-24 18:00:00;2013;2;24;18;-2.595;0.515;90.085;3.262;0.0;0.66;0.66;0.678;0.717
2013-02-24 19:00:00;2013;2;24;19;-2.477;0.556;90.118;3.205;0.0;0.66;0.66;0.678;0.717
2013-02-24 20:00:00;2013;2;24;20;-2.502;0.654;89.812;3.185;0.0;0.66;0.659;0.678;0.719
2013-02-24 21:00:00;2013;2;24;21;-2.483;0.732;90.342;3.357;0.0;0.66;0.659;0.678;0.72
2013-02-24 22:00:00;2013;2;24;22;-2.484;0.816;90.96;3.305;0.0;0.66;0.66;0.677;0.721
2013-02-24 23:00:00;2013;2;24;23;-2.405;0.761;91.655;3.734;0.0;0.661;0.659;0.678;0.72
2013-02-25 00:00:00;2013;2;25;0;-2.381;0.716;93.127;4.313;0.01;0.661;0.66;0.677;0.721
2013-02-25 01:00:00;2013;2;25;1;-2.39;0.737;93.728;3.877;0.0;0.66;0.661;0.677;0.721
2013-02-25 02:00:00;2013;2;25;2;-2.372;0.8;92.432;3.916;0.0;0.66;0.661;0.677;0.721
2013-02-25 03:00:00;2013;2;25;3;-2.393;0.779;93.235;4.048;0.0;0.66;0.661;0.677;0.721
2013-02-25 04:00:00;2013;2;25;4;-2.425;0.843;92.333;4.441;0.0;0.661;0.659;0.678;0.719
2013-02-25 05:00:00;2013;2;25;5;-2.477;0.889;91.787;4.539;0.0;0.661;0.66;0.678;0.719
2013-02-25 06:00:00;2013;2;25;6;-0.756;0.837;92.727;4.161;0.0;0.66;0.66;0.678;0.719
2013-02-25 07:00:00;2013;2;25;7;16.863;0.87;93.583;3.673;0.0;0.656;0.661;0.678;0.718
2013-02-25 08:00:00;2013;2;25;8;56.893;1.351;91.897;4.096;0.0;0.652;0.662;0.678;0.718
2013-02-25 09:00:00;2013;2;25;9;61.29;1.566;90.422;4.94;0.0;0.653;0.663;0.678;0.717
2013-02-25 10:00:00;2013;2;25;10;81.695;1.834;90.367;4.281;0.0;0.654;0.666;0.678;0.721
2013-02-25 11:00:00;2013;2;25;11;93.242;2.3;89.083;4.072;0.0;0.656;0.667;0.678;0.726
2013-02-25 12:00:00;2013;2;25;12;66.207;2.29;89.658;5.052;0.0;0.657;0.668;0.678;0.728
2013-02-25 13:00:00;2013;2;25;13;52.162;2.369;89.247;5.197;0.0;0.663;0.669;0.678;0.73
2013-02-25 14:00:00;2013;2;25;14;28.13;2.107;90.345;5.332;0.03;0.67;0.671;0.677;0.733
2013-02-25 15:00:00;2013;2;25;15;16.576;1.825;92.035;4.309;0.08;0.671;0.673;0.677;0.736
2013-02-25 16:00:00;2013;2;25;16;4.074;1.761;91.497;4.193;0.04;0.671;0.674;0.677;0.739
2013-02-25 17:00:00;2013;2;25;17;-2.609;1.718;90.903;3.999;0.0;0.671;0.677;0.677;0.741
2013-02-25 18:00:00;2013;2;25;18;-2.81;1.629;91.582;4.164;0.0;0.672;0.676;0.677;0.742
2013-02-25 19:00:00;2013;2;25;19;-2.661;1.654;92.147;4.398;0.0;0.672;0.676;0.677;0.74
2013-02-25 20:00:00;2013;2;25;20;-2.545;1.768;91.402;4.476;0.0;0.671;0.676;0.677;0.739
2013-02-25 21:00:00;2013;2;25;21;-2.502;1.856;91.072;4.466;0.0;0.672;0.675;0.677;0.739
2013-02-25 22:00:00;2013;2;25;22;-2.498;1.875;91.325;4.218;0.0;0.671;0.675;0.677;0.739
2013-02-25 23:00:00;2013;2;25;23;-2.538;1.892;91.507;3.506;0.0;0.672;0.675;0.678;0.738
2013-02-26 00:00:00;2013;2;26;0;-2.56;1.886;92.14;3.593;0.0;0.672;0.675;0.678;0.738
2013-02-26 01:00:00;2013;2;26;1;-2.533;1.948;91.785;3.493;0.0;0.672;0.675;0.677;0.736
2013-02-26 02:00:00;2013;2;26;2;-2.536;1.945;92.008;3.62;0.0;0.672;0.675;0.677;0.735
2013-02-26 03:00:00;2013;2;26;3;-2.525;1.93;92.223;3.463;0.0;0.672;0.675;0.677;0.736
2013-02-26 04:00:00;2013;2;26;4;-2.523;1.925;92.255;3.535;0.0;0.671;0.675;0.677;0.735
2013-02-26 05:00:00;2013;2;26;5;-2.508;1.898;92.293;3.77;0.0;0.671;0.675;0.677;0.735
2013-02-26 06:00:00;2013;2;26;6;-0.131;1.971;91.545;3.594;0.0;0.672;0.674;0.678;0.733
2013-02-26 07:00:00;2013;2;26;7;18.939;2.087;90.05;4.013;0.0;0.672;0.674;0.678;0.734
2013-02-26 08:00:00;2013;2;26;8;33.036;2.026;90.81;3.7;0.0;0.671;0.674;0.678;0.732
2013-02-26 09:00:00;2013;2;26;9;89.737;2.331;90.19;3.794;0.0;0.671;0.672;0.678;0.729
2013-02-26 10:00:00;2013;2;26;10;179.397;3.01;87.62;2.799;0.0;0.671;0.67;0.678;0.729
2013-02-26 11:00:00;2013;2;26;11;232.446;3.882;84.408;2.982;0.0;0.671;0.669;0.678;0.731
2013-02-26 12:00:00;2013;2;26;12;175.769;4.478;82.667;3.609;0.0;0.67;0.669;0.677;0.731
2013-02-26 13:00:00;2013;2;26;13;188.421;5.126;80.996;3.436;0.0;0.671;0.667;0.678;0.73
2013-02-26 14:00:00;2013;2;26;14;181.535;5.374;80.315;3.963;0.0;0.671;0.666;0.678;0.728
2013-02-26 15:00:00;2013;2;26;15;57.589;4.448;84.836;3.966;0.0;0.671;0.667;0.678;0.728
2013-02-26 16:00:00;2013;2;26;16;8.264;3.474;88.425;2.734;0.0;0.673;0.671;0.678;0.731
2013-02-26 17:00:00;2013;2;26;17;-2.146;3.529;88.368;2.874;0.0;0.673;0.672;0.678;0.733
2013-02-26 18:00:00;2013;2;26;18;-2.703;3.553;87.79;3.102;0.0;0.673;0.675;0.678;0.736
2013-02-26 19:00:00;2013;2;26;19;-2.62;3.377;87.803;3.925;0.0;0.673;0.67;0.678;0.733
2013-02-26 20:00:00;2013;2;26;20;-2.784;2.809;91.908;4.498;0.0;0.673;0.668;0.678;0.732
2013-02-26 21:00:00;2013;2;26;21;-2.672;1.978;91.318;4.981;0.0;0.671;0.669;0.678;0.731
2013-02-26 22:00:00;2013;2;26;22;-2.65;1.058;93.808;4.223;0.0;0.671;0.669;0.678;0.732
2013-02-26 23:00:00;2013;2;26;23;-2.615;0.82;94.077;4.337;0.0;0.671;0.668;0.678;0.73
2013-02-27 00:00:00;2013;2;27;0;-2.641;0.709;93.387;4.517;0.0;0.671;0.667;0.679;0.729
2013-02-27 01:00:00;2013;2;27;1;-2.64;0.659;93.345;4.473;0.0;0.671;0.667;0.679;0.729
2013-02-27 02:00:00;2013;2;27;2;-2.556;0.635;92.522;4.817;0.0;0.671;0.667;0.679;0.729
2013-02-27 03:00:00;2013;2;27;3;-2.587;0.571;92.075;5.146;0.0;0.67;0.667;0.679;0.729
2013-02-27 04:00:00;2013;2;27;4;-2.584;0.422;92.087;4.434;0.0;0.67;0.667;0.679;0.729
2013-02-27 05:00:00;2013;2;27;5;-2.472;0.341;91.025;4.894;0.0;0.668;0.668;0.678;0.729
2013-02-27 06:00:00;2013;2;27;6;-1.534;0.336;91.295;4.393;0.0;0.668;0.666;0.679;0.725
2013-02-27 07:00:00;2013;2;27;7;6.059;0.356;91.867;3.643;0.0;0.662;0.667;0.679;0.723
2013-02-27 08:00:00;2013;2;27;8;19.784;0.492;91.925;3.76;0.0;0.66;0.667;0.679;0.723
2013-02-27 09:00:00;2013;2;27;9;40.511;0.483;90.755;4.71;0.0;0.66;0.667;0.679;0.723
2013-02-27 10:00:00;2013;2;27;10;52.702;0.68;90.435;3.777;0.0;0.66;0.666;0.679;0.722
2013-02-27 11:00:00;2013;2;27;11;66.926;0.923;88.865;4.111;0.0;0.66;0.666;0.679;0.721
2013-02-27 12:00:00;2013;2;27;12;73.014;1.106;88.262;3.968;0.0;0.662;0.666;0.679;0.722
2013-02-27 13:00:00;2013;2;27;13;64.244;1.273;87.645;3.975;0.0;0.662;0.666;0.679;0.722
2013-02-27 14:00:00;2013;2;27;14;63.592;1.465;84.698;4.469;0.0;0.662;0.666;0.679;0.722
2013-02-27 15:00:00;2013;2;27;15;48.959;1.692;81.037;4.368;0.0;0.663;0.666;0.679;0.724
2013-02-27 16:00:00;2013;2;27;16;14.221;1.508;80.37;3.94;0.0;0.661;0.666;0.68;0.722
2013-02-27 17:00:00;2013;2;27;17;-2.172;1.318;82.588;2.57;0.0;0.661;0.666;0.679;0.722
2013-02-27 18:00:00;2013;2;27;18;-2.702;1.235;81.978;2.947;0.0;0.661;0.666;0.679;0.722
2013-02-27 19:00:00;2013;2;27;19;-2.819;1.115;83.4;2.386;0.0;0.658;0.665;0.68;0.721
2013-02-27 20:00:00;2013;2;27;20;-2.806;1.063;83.915;2.494;0.0;0.657;0.665;0.679;0.723
2013-02-27 21:00:00;2013;2;27;21;-2.987;1.051;84.628;2.077;0.0;0.657;0.666;0.679;0.724
2013-02-27 22:00:00;2013;2;27;22;-2.997;1.018;85.422;2.136;0.0;0.656;0.665;0.679;0.724
2013-02-27 23:00:00;2013;2;27;23;-2.888;1.045;85.043;2.284;0.0;0.657;0.665;0.68;0.723
2013-02-28 00:00:00;2013;2;28;0;-2.997;0.996;85.875;2.138;0.01;0.657;0.666;0.679;0.724
2013-02-28 01:00:00;2013;2;28;1;-3.167;0.91;86.512;1.919;0.0;0.657;0.666;0.68;0.724
2013-02-28 02:00:00;2013;2;28;2;-3.261;0.85;86.483;1.97;0.0;0.657;0.665;0.68;0.723
2013-02-28 03:00:00;2013;2;28;3;-3.025;0.931;87.043;2.125;0.0;0.656;0.665;0.68;0.723
2013-02-28 04:00:00;2013;2;28;4;-3.079;0.695;87.868;2.04;0.0;0.656;0.665;0.679;0.722
2013-02-28 05:00:00;2013;2;28;5;-3.062;0.642;86.55;2.082;0.0;0.656;0.665;0.679;0.723
2013-02-28 06:00:00;2013;2;28;6;2.763;0.771;84.447;2.274;0.0;0.657;0.665;0.679;0.722
2013-02-28 07:00:00;2013;2;28;7;27.636;1.044;83.33;2.378;0.0;0.657;0.665;0.68;0.721
2013-02-28 08:00:00;2013;2;28;8;67.025;1.366;80.68;2.906;0.0;0.657;0.665;0.68;0.721
2013-02-28 09:00:00;2013;2;28;9;135.492;1.689;77.774;2.908;0.0;0.657;0.665;0.68;0.721
2013-02-28 10:00:00;2013;2;28;10;237.424;2.369;75.142;2.683;0.0;0.657;0.665;0.68;0.721
2013-02-28 11:00:00;2013;2;28;11;234.038;2.566;75.846;2.645;0.0;0.659;0.665;0.679;0.721
2013-02-28 12:00:00;2013;2;28;12;248.847;2.851;76.755;2.749;0.0;0.659;0.665;0.679;0.722
2013-02-28 13:00:00;2013;2;28;13;303.552;3.445;74.252;2.895;0.0;0.656;0.665;0.68;0.721
2013-02-28 14:00:00;2013;2;28;14;294.223;4.019;71.78;2.449;0.0;0.656;0.664;0.68;0.723
2013-02-28 15:00:00;2013;2;28;15;190.217;3.962;72.161;2.001;0.0;0.656;0.664;0.68;0.722
2013-02-28 16:00:00;2013;2;28;16;58.035;3.233;75.941;1.589;0.0;0.656;0.665;0.68;0.723
2013-02-28 17:00:00;2013;2;28;17;-2.462;1.383;82.849;1.412;0.0;0.657;0.665;0.679;0.722
2013-02-28 18:00:00;2013;2;28;18;-3.99;0.003;87.777;1.549;0.0;0.659;0.665;0.679;0.721
2013-02-28 19:00:00;2013;2;28;19;-2.677;1.186;86.962;2.24;0.0;0.661;0.665;0.679;0.724
2013-02-28 20:00:00;2013;2;28;20;-3.009;2.239;87.962;2.215;0.0;0.664;0.665;0.679;0.724
2013-02-28 21:00:00;2013;2;28;21;-3.13;2.23;89.915;1.854;0.0;0.662;0.665;0.68;0.724
2013-02-28 22:00:00;2013;2;28;22;-3.999;2.183;89.962;0.895;0.0;0.664;0.664;0.679;0.724
2013-02-28 23:00:00;2013;2;28;23;-4.292;2.164;92.312;1.396;0.0;0.664;0.663;0.68;0.724
2013-03-01 00:00:00;2013;3;1;0;-4.063;2.315;94.693;1.389;0.12;0.665;0.663;0.68;0.724
2013-03-01 01:00:00;2013;3;1;1;-3.648;2.475;95.055;1.934;0.03;0.662;0.664;0.68;0.724
2013-03-01 02:00:00;2013;3;1;2;-3.71;2.197;94.992;1.957;0.01;0.66;0.663;0.68;0.723
2013-03-01 03:00:00;2013;3;1;3;-3.537;2.242;96.32;1.898;0.01;0.664;0.663;0.68;0.724
2013-03-01 04:00:00;2013;3;1;4;-3.457;2.348;96.47;1.946;0.09;0.662;0.665;0.68;0.724
2013-03-01 05:00:00;2013;3;1;5;-3.221;2.41;96.608;2.106;0.02;0.66;0.665;0.68;0.723
2013-03-01 06:00:00;2013;3;1;6;0.417;2.691;96.938;2.139;0.0;0.657;0.663;0.68;0.722
2013-03-01 07:00:00;2013;3;1;7;35.961;3.196;95.958;2.752;0.0;0.657;0.664;0.68;0.722
2013-03-01 08:00:00;2013;3;1;8;83.916;3.85;88.567;4.057;0.0;0.657;0.664;0.68;0.721
2013-03-01 09:00:00;2013;3;1;9;109.525;4.043;77.493;4.139;0.0;0.657;0.664;0.68;0.721
2013-03-01 10:00:00;2013;3;1;10;98.831;4.103;75.016;4.874;0.0;0.656;0.664;0.68;0.721
2013-03-01 11:00:00;2013;3;1;11;146.813;4.079;71.299;5.137;0.0;0.656;0.664;0.68;0.722
2013-03-01 12:00:00;2013;3;1;12;143.282;4.349;69.333;5.196;0.0;0.656;0.664;0.68;0.722
2013-03-01 13:00:00;2013;3;1;13;125.29;4.572;68.05;4.52;0.0;0.656;0.664;0.68;0.722
2013-03-01 14:00:00;2013;3;1;14;89.658;4.503;68.899;5.012;0.0;0.656;0.664;0.68;0.723
2013-03-01 15:00:00;2013;3;1;15;46.645;4.163;69.824;4.453;0.0;0.657;0.663;0.68;0.723
2013-03-01 16:00:00;2013;3;1;16;14.514;3.713;71.352;4.091;0.0;0.658;0.663;0.68;0.724
2013-03-01 17:00:00;2013;3;1;17;-1.22;3.34;72.164;3.874;0.0;0.661;0.664;0.68;0.724
2013-03-01 18:00:00;2013;3;1;18;-2.434;3.073;73.33;3.418;0.0;0.664;0.664;0.68;0.725
2013-03-01 19:00:00;2013;3;1;19;-2.414;2.93;72.14;3.708;0.0;0.666;0.664;0.68;0.725
2013-03-01 20:00:00;2013;3;1;20;-2.446;2.789;72.384;3.855;0.0;0.665;0.664;0.68;0.725
2013-03-01 21:00:00;2013;3;1;21;-2.612;2.64;74.584;2.703;0.0;0.666;0.663;0.68;0.725
2013-03-01 22:00:00;2013;3;1;22;-2.657;2.505;74.986;3.014;0.0;0.664;0.664;0.68;0.724
2013-03-01 23:00:00;2013;3;1;23;-2.829;2.389;75.385;2.635;0.0;0.665;0.662;0.68;0.724
2013-03-02 00:00:00;2013;3;2;0;-2.972;2.314;75.821;2.092;0.01;0.661;0.663;0.68;0.724
2013-03-02 01:00:00;2013;3;2;1;-2.838;2.119;76.544;2.347;0.0;0.658;0.665;0.68;0.724
2013-03-02 02:00:00;2013;3;2;2;-3.276;1.911;76.577;1.702;0.0;0.66;0.665;0.679;0.725
2013-03-02 03:00:00;2013;3;2;3;-3.048;1.966;74.274;1.871;0.0;0.658;0.664;0.68;0.724
2013-03-02 04:00:00;2013;3;2;4;-3.288;1.831;73.39;1.474;0.0;0.658;0.665;0.68;0.723
2013-03-02 05:00:00;2013;3;2;5;-3.481;1.699;73.051;1.196;0.0;0.661;0.665;0.68;0.724
2013-03-02 06:00:00;2013;3;2;6;2.533;1.588;73.125;1.458;0.0;0.656;0.664;0.68;0.723
2013-03-02 07:00:00;2013;3;2;7;34.013;1.837;71.945;1.082;0.0;0.66;0.666;0.68;0.724
2013-03-02 08:00:00;2013;3;2;8;89.604;2.253;70.597;1.986;0.0;0.662;0.663;0.68;0.722
2013-03-02 09:00:00;2013;3;2;9;119.502;2.447;69.614;2.192;0.0;0.656;0.663;0.68;0.721
2013-03-02 10:00:00;2013;3;2;10;145.647;2.725;69.505;2.442;0.0;0.66;0.664;0.68;0.722
2013-03-02 11:00:00;2013;3;2;11;189.105;3.119;67.604;1.758;0.0;0.666;0.666;0.68;0.722
2013-03-02 12:00:00;2013;3;2;12;217.439;3.535;66.848;1.74;0.0;0.66;0.663;0.68;0.721
2013-03-02 13:00:00;2013;3;2;13;180.231;3.647;68.266;3.052;0.0;0.659;0.663;0.68;0.722
2013-03-02 14:00:00;2013;3;2;14;165.846;3.855;67.729;3.149;0.0;0.655;0.661;0.681;0.722
2013-03-02 15:00:00;2013;3;2;15;88.857;3.76;68.55;3.613;0.0;0.655;0.662;0.681;0.722
2013-03-02 16:00:00;2013;3;2;16;29.603;3.328;69.318;3.596;0.0;0.662;0.663;0.68;0.723
2013-03-02 17:00:00;2013;3;2;17;-0.672;2.951;72.333;2.967;0.0;0.664;0.662;0.68;0.723
2013-03-02 18:00:00;2013;3;2;18;-2.437;2.899;72.114;3.233;0.0;0.665;0.661;0.68;0.721
2013-03-02 19:00:00;2013;3;2;19;-2.454;2.698;74.326;3.161;0.0;0.665;0.661;0.68;0.72
2013-03-02 20:00:00;2013;3;2;20;-2.44;2.423;73.788;3.699;0.0;0.665;0.661;0.681;0.722
2013-03-02 21:00:00;2013;3;2;21;-2.667;2.242;74.981;2.569;0.0;0.664;0.662;0.681;0.722
2013-03-02 22:00:00;2013;3;2;22;-3.724;2.048;77.911;0.971;0.0;0.664;0.662;0.681;0.722
2013-03-02 23:00:00;2013;3;2;23;-3.332;1.94;80.729;1.818;0.0;0.664;0.661;0.681;0.722
2013-03-03 00:00:00;2013;3;3;0;-3.22;2.015;79.629;1.715;0.01;0.663;0.661;0.68;0.723
2013-03-03 01:00:00;2013;3;3;1;-3.063;1.929;79.803;2.215;0.0;0.663;0.661;0.681;0.722
2013-03-03 02:00:00;2013;3;3;2;-2.547;1.957;80.435;2.713;0.0;0.664;0.66;0.681;0.722
2013-03-03 03:00:00;2013;3;3;3;-2.344;2.061;81.445;2.946;0.0;0.664;0.66;0.681;0.722
2013-03-03 04:00:00;2013;3;3;4;-2.98;2.006;85.985;2.669;0.01;0.663;0.661;0.681;0.722
2013-03-03 05:00:00;2013;3;3;5;-3.39;1.911;91.145;2.248;0.06;0.663;0.661;0.681;0.723
2013-03-03 06:00:00;2013;3;3;6;1.673;2.023;93.057;2.153;0.0;0.663;0.66;0.681;0.722
2013-03-03 07:00:00;2013;3;3;7;31.926;2.273;93.608;2.061;0.08;0.663;0.661;0.681;0.723
2013-03-03 08:00:00;2013;3;3;8;60.526;2.666;93.507;1.787;0.1;0.662;0.662;0.68;0.724
2013-03-03 09:00:00;2013;3;3;9;119.281;3.434;94.51;1.218;0.19;0.663;0.661;0.681;0.722
2013-03-03 10:00:00;2013;3;3;10;178.725;4.433;91.78;1.27;0.0;0.663;0.663;0.681;0.722
2013-03-03 11:00:00;2013;3;3;11;183.488;5.323;84.495;0.888;0.0;0.663;0.661;0.681;0.722
2013-03-03 12:00:00;2013;3;3;12;133.778;5.486;83.367;1.51;0.0;0.663;0.661;0.681;0.722
2013-03-03 13:00:00;2013;3;3;13;108.892;5.672;74.888;1.254;0.0;0.664;0.66;0.681;0.722
2013-03-03 14:00:00;2013;3;3;14;80.432;5.882;70.391;1.593;0.0;0.664;0.66;0.681;0.722
2013-03-03 15:00:00;2013;3;3;15;36.125;5.488;77.176;2.219;0.0;0.665;0.66;0.681;0.722
2013-03-03 16:00:00;2013;3;3;16;13.096;5.165;79.665;1.437;0.0;0.665;0.66;0.681;0.722
2013-03-03 17:00:00;2013;3;3;17;-2.136;4.952;78.664;2.095;0.0;0.665;0.661;0.681;0.721
2013-03-03 18:00:00;2013;3;3;18;-3.067;4.732;73.722;2.237;0.0;0.665;0.662;0.681;0.721
2013-03-03 19:00:00;2013;3;3;19;-3.148;4.59;75.516;2.51;0.0;0.665;0.663;0.681;0.721
2013-03-03 20:00:00;2013;3;3;20;-3.585;3.099;75.748;2.584;0.0;0.664;0.661;0.681;0.723
2013-03-03 21:00:00;2013;3;3;21;-4.876;1.307;79.258;2.069;0.0;0.663;0.661;0.681;0.723
2013-03-03 22:00:00;2013;3;3;22;-4.661;-0.079;83.555;2.191;0.0;0.663;0.662;0.681;0.723
2013-03-03 23:00:00;2013;3;3;23;-4.765;-1.175;87.217;1.972;0.0;0.663;0.661;0.681;0.722
2013-03-04 00:00:00;2013;3;4;0;-4.644;-1.458;87.355;2.111;0.0;0.662;0.661;0.681;0.722
2013-03-04 01:00:00;2013;3;4;1;-4.845;-2.164;88.368;2.054;0.0;0.662;0.661;0.681;0.723
2013-03-04 02:00:00;2013;3;4;2;-4.911;-2.583;91.037;0.913;0.0;0.662;0.66;0.68;0.724
2013-03-04 03:00:00;2013;3;4;3;-4.912;-3.369;93.073;1.084;0.0;0.661;0.659;0.68;0.726
2013-03-04 04:00:00;2013;3;4;4;-4.583;-2.533;90.685;1.89;0.0;0.661;0.661;0.681;0.725
2013-03-04 05:00:00;2013;3;4;5;-3.92;-1.144;87.505;3.189;0.0;0.661;0.662;0.682;0.725
2013-03-04 06:00:00;2013;3;4;6;16.934;-0.446;84.653;3.599;0.0;0.66;0.661;0.682;0.725
2013-03-04 07:00:00;2013;3;4;7;137.717;0.932;79.487;4.599;0.0;0.66;0.662;0.682;0.725
2013-03-04 08:00:00;2013;3;4;8;288.737;2.331;73.494;5.599;0.0;0.66;0.661;0.682;0.725
2013-03-04 09:00:00;2013;3;4;9;417.176;3.621;70.588;6.006;0.0;0.659;0.662;0.682;0.722
2013-03-04 10:00:00;2013;3;4;10;505.421;5.266;66.439;5.852;0.0;0.66;0.659;0.682;0.718
2013-03-04 11:00:00;2013;3;4;11;551.788;7.104;61.011;5.74;0.0;0.66;0.657;0.681;0.718
2013-03-04 12:00:00;2013;3;4;12;542.546;8.287;57.777;5.946;0.0;0.66;0.657;0.681;0.718
2013-03-04 13:00:00;2013;3;4;13;477.906;9.362;53.657;5.961;0.0;0.661;0.657;0.681;0.718
2013-03-04 14:00:00;2013;3;4;14;376.345;10.255;48.259;5.666;0.0;0.661;0.658;0.681;0.718
2013-03-04 15:00:00;2013;3;4;15;238.691;10.718;45.625;5.318;0.0;0.661;0.658;0.681;0.719
2013-03-04 16:00:00;2013;3;4;16;90.615;9.924;49.249;4.356;0.0;0.661;0.659;0.681;0.72
2013-03-04 17:00:00;2013;3;4;17;1.451;7.976;54.918;3.552;0.0;0.661;0.661;0.681;0.721
2013-03-04 18:00:00;2013;3;4;18;-4.558;6.522;60.245;3.319;0.0;0.661;0.66;0.681;0.718
2013-03-04 19:00:00;2013;3;4;19;-4.034;6.768;55.691;4.409;0.0;0.661;0.661;0.681;0.719
2013-03-04 20:00:00;2013;3;4;20;-4.0;6.33;54.209;4.932;0.0;0.661;0.662;0.681;0.72
2013-03-04 21:00:00;2013;3;4;21;-3.782;4.933;60.407;4.843;0.0;0.661;0.663;0.681;0.721
2013-03-04 22:00:00;2013;3;4;22;-3.675;4.938;61.345;5.297;0.0;0.661;0.662;0.682;0.72
2013-03-04 23:00:00;2013;3;4;23;-3.767;4.297;65.02;4.794;0.0;0.661;0.665;0.682;0.721
2013-03-05 00:00:00;2013;3;5;0;-3.738;3.597;67.772;3.977;0.0;0.661;0.666;0.682;0.721
2013-03-05 01:00:00;2013;3;5;1;-4.044;2.677;70.939;3.368;0.0;0.66;0.665;0.682;0.721
2013-03-05 02:00:00;2013;3;5;2;-4.035;1.518;75.932;2.89;0.0;0.66;0.665;0.682;0.721
2013-03-05 03:00:00;2013;3;5;3;-4.232;1.308;76.743;2.503;0.0;0.66;0.665;0.682;0.721
2013-03-05 04:00:00;2013;3;5;4;-4.421;0.652;79.212;2.323;0.0;0.659;0.665;0.681;0.722
2013-03-05 05:00:00;2013;3;5;5;-3.587;0.592;79.345;2.932;0.0;0.658;0.664;0.681;0.722
2013-03-05 06:00:00;2013;3;5;6;19.26;0.245;80.777;3.904;0.0;0.658;0.663;0.682;0.718
2013-03-05 07:00:00;2013;3;5;7;129.197;2.411;74.856;3.996;0.0;0.658;0.663;0.682;0.718
2013-03-05 08:00:00;2013;3;5;8;276.182;4.917;66.376;4.352;0.0;0.658;0.663;0.682;0.718
2013-03-05 09:00:00;2013;3;5;9;404.874;7.536;59.491;4.35;0.0;0.657;0.663;0.682;0.718
2013-03-05 10:00:00;2013;3;5;10;491.23;10.278;52.983;4.722;0.0;0.657;0.663;0.682;0.718
2013-03-05 11:00:00;2013;3;5;11;530.612;12.749;47.282;4.754;0.0;0.656;0.662;0.682;0.718
2013-03-05 12:00:00;2013;3;5;12;520.541;14.549;40.073;5.974;0.0;0.656;0.663;0.681;0.718
2013-03-05 13:00:00;2013;3;5;13;461.928;15.29;37.253;5.928;0.0;0.657;0.663;0.681;0.718
2013-03-05 14:00:00;2013;3;5;14;357.668;15.659;36.894;5.547;0.0;0.657;0.663;0.681;0.719
2013-03-05 15:00:00;2013;3;5;15;224.236;15.51;38.606;4.684;0.0;0.657;0.663;0.681;0.719
2013-03-05 16:00:00;2013;3;5;16;74.082;13.858;45.837;3.984;0.0;0.657;0.663;0.681;0.719
2013-03-05 17:00:00;2013;3;5;17;-0.665;10.313;55.59;2.937;0.0;0.655;0.662;0.681;0.719
2013-03-05 18:00:00;2013;3;5;18;-4.187;9.388;56.973;3.379;0.0;0.649;0.661;0.681;0.719
2013-03-05 19:00:00;2013;3;5;19;-3.86;7.583;63.34;3.216;0.0;0.648;0.661;0.681;0.719
2013-03-05 20:00:00;2013;3;5;20;-3.421;6.998;63.661;3.617;0.0;0.647;0.66;0.682;0.719
2013-03-05 21:00:00;2013;3;5;21;-3.28;7.355;62.682;3.25;0.0;0.647;0.66;0.681;0.721
2013-03-05 22:00:00;2013;3;5;22;-4.163;6.767;64.248;2.126;0.0;0.647;0.66;0.682;0.721
2013-03-05 23:00:00;2013;3;5;23;-3.488;6.162;66.711;2.694;0.0;0.646;0.659;0.682;0.721
2013-03-06 00:00:00;2013;3;6;0;-3.806;4.99;70.831;2.818;0.01;0.646;0.659;0.682;0.721
2013-03-06 01:00:00;2013;3;6;1;-3.382;4.253;74.015;3.041;0.0;0.646;0.659;0.682;0.722
2013-03-06 02:00:00;2013;3;6;2;-2.658;5.247;72.462;2.926;0.0;0.645;0.659;0.682;0.722
2013-03-06 03:00:00;2013;3;6;3;-3.46;4.566;76.268;2.311;0.0;0.645;0.658;0.682;0.722
2013-03-06 04:00:00;2013;3;6;4;-2.909;6.166;68.83;2.32;0.0;0.644;0.658;0.682;0.722
2013-03-06 05:00:00;2013;3;6;5;-3.546;5.838;70.768;1.762;0.0;0.645;0.658;0.682;0.722
2013-03-06 06:00:00;2013;3;6;6;7.214;5.437;72.767;1.536;0.0;0.644;0.658;0.682;0.721
2013-03-06 07:00:00;2013;3;6;7;63.904;6.475;72.49;1.732;0.0;0.643;0.658;0.682;0.72
2013-03-06 08:00:00;2013;3;6;8;157.219;8.99;57.17;2.504;0.0;0.643;0.658;0.682;0.72
2013-03-06 09:00:00;2013;3;6;9;411.866;11.268;51.417;3.45;0.0;0.643;0.658;0.682;0.72
2013-03-06 10:00:00;2013;3;6;10;407.968;12.695;46.155;3.108;0.0;0.644;0.658;0.682;0.72
2013-03-06 11:00:00;2013;3;6;11;346.117;13.952;42.6;2.864;0.0;0.644;0.658;0.682;0.72
2013-03-06 12:00:00;2013;3;6;12;327.889;15.528;34.915;2.306;0.0;0.644;0.659;0.682;0.72
2013-03-06 13:00:00;2013;3;6;13;205.093;16.22;33.313;2.8;0.0;0.644;0.66;0.682;0.721
2013-03-06 14:00:00;2013;3;6;14;198.866;16.533;31.754;3.045;0.0;0.644;0.66;0.682;0.721
2013-03-06 15:00:00;2013;3;6;15;124.615;16.394;34.431;3.233;0.0;0.643;0.66;0.682;0.722
2013-03-06 16:00:00;2013;3;6;16;36.752;14.51;40.944;3.317;0.0;0.642;0.66;0.682;0.722
2013-03-06 17:00:00;2013;3;6;17;-0.558;12.303;46.76;2.917;0.0;0.642;0.661;0.682;0.722
2013-03-06 18:00:00;2013;3;6;18;-4.156;11.533;48.176;2.967;0.0;0.642;0.661;0.682;0.723
2013-03-06 19:00:00;2013;3;6;19;-3.713;10.983;50.86;3.748;0.0;0.641;0.661;0.682;0.723
2013-03-06 20:00:00;2013;3;6;20;-3.575;10.779;50.74;4.812;0.0;0.641;0.66;0.683;0.724
2013-03-06 21:00:00;2013;3;6;21;-3.844;10.146;50.558;4.753;0.0;0.641;0.661;0.683;0.725
2013-03-06 22:00:00;2013;3;6;22;-4.461;9.372;54.464;3.186;0.0;0.641;0.661;0.683;0.725
2013-03-06 23:00:00;2013;3;6;23;-4.859;7.252;62.648;1.775;0.0;0.64;0.66;0.683;0.726
2013-03-07 00:00:00;2013;3;7;0;-4.089;5.897;68.317;2.664;0.0;0.64;0.66;0.683;0.725
2013-03-07 01:00:00;2013;3;7;1;-3.106;7.137;66.883;2.992;0.0;0.64;0.66;0.683;0.727
2013-03-07 02:00:00;2013;3;7;2;-3.543;8.267;61.003;2.072;0.0;0.639;0.66;0.683;0.728
2013-03-07 03:00:00;2013;3;7;3;-3.845;7.647;62.917;1.807;0.0;0.639;0.66;0.684;0.727
2013-03-07 04:00:00;2013;3;7;4;-3.698;6.07;71.339;2.212;0.0;0.639;0.661;0.683;0.728
2013-03-07 05:00:00;2013;3;7;5;-3.384;6.226;70.501;2.518;0.0;0.637;0.661;0.684;0.728
2013-03-07 06:00:00;2013;3;7;6;4.443;6.714;67.301;2.142;0.0;0.637;0.66;0.684;0.728
2013-03-07 07:00:00;2013;3;7;7;41.0;6.826;68.742;2.346;0.0;0.637;0.659;0.684;0.728
2013-03-07 08:00:00;2013;3;7;8;76.231;7.159;68.75;2.913;0.0;0.637;0.659;0.684;0.728
2013-03-07 09:00:00;2013;3;7;9;221.275;8.329;64.159;3.301;0.0;0.637;0.659;0.684;0.728
2013-03-07 10:00:00;2013;3;7;10;283.874;9.695;57.59;4.268;0.0;0.637;0.659;0.684;0.728
2013-03-07 11:00:00;2013;3;7;11;211.955;9.551;59.956;4.241;0.0;0.636;0.659;0.684;0.728
2013-03-07 12:00:00;2013;3;7;12;113.115;9.63;60.538;3.894;0.0;0.637;0.659;0.684;0.728
2013-03-07 13:00:00;2013;3;7;13;110.034;9.852;62.065;4.387;0.0;0.636;0.659;0.684;0.728
2013-03-07 14:00:00;2013;3;7;14;72.211;10.088;63.64;4.418;0.0;0.636;0.659;0.683;0.728
2013-03-07 15:00:00;2013;3;7;15;115.866;10.613;62.617;3.961;0.0;0.636;0.659;0.684;0.729
2013-03-07 16:00:00;2013;3;7;16;52.789;10.328;62.565;3.908;0.0;0.636;0.659;0.684;0.729
2013-03-07 17:00:00;2013;3;7;17;0.507;9.964;62.419;4.337;0.0;0.636;0.659;0.684;0.729
2013-03-07 18:00:00;2013;3;7;18;-2.784;9.703;62.706;4.55;0.0;0.635;0.659;0.684;0.729
2013-03-07 19:00:00;2013;3;7;19;-3.509;9.108;68.763;4.965;0.07;0.635;0.66;0.684;0.73
2013-03-07 20:00:00;2013;3;7;20;-4.31;8.13;76.677;4.019;0.18;0.635;0.659;0.684;0.73
2013-03-07 21:00:00;2013;3;7;21;-3.482;7.867;77.712;4.304;0.112;0.635;0.66;0.684;0.731
2013-03-07 22:00:00;2013;3;7;22;-2.771;7.99;76.157;4.138;0.004;0.634;0.66;0.684;0.731
2013-03-07 23:00:00;2013;3;7;23;-2.488;8.016;76.772;4.341;0.001;0.634;0.659;0.684;0.731
2013-03-08 00:00:00;2013;3;8;0;-2.678;7.899;80.506;4.992;0.004;0.634;0.659;0.684;0.731
2013-03-08 01:00:00;2013;3;8;1;-2.5;7.719;83.812;4.067;0.0;0.634;0.66;0.684;0.731
2013-03-08 02:00:00;2013;3;8;2;-2.538;7.868;83.965;4.627;0.001;0.634;0.659;0.684;0.732
2013-03-08 03:00:00;2013;3;8;3;-2.549;7.767;85.47;4.556;0.0;0.634;0.659;0.684;0.731
2013-03-08 04:00:00;2013;3;8;4;-2.683;7.655;87.352;3.517;0.0;0.634;0.66;0.684;0.732
2013-03-08 05:00:00;2013;3;8;5;-2.925;7.603;87.678;2.828;0.0;0.633;0.659;0.684;0.732
2013-03-08 06:00:00;2013;3;8;6;15.286;7.462;89.357;3.153;0.001;0.634;0.66;0.684;0.732
2013-03-08 07:00:00;2013;3;8;7;32.287;7.723;88.142;2.644;0.003;0.633;0.66;0.684;0.732
2013-03-08 08:00:00;2013;3;8;8;75.966;8.451;85.202;3.205;0.0;0.633;0.66;0.684;0.732
2013-03-08 09:00:00;2013;3;8;9;135.457;9.299;82.612;3.204;0.0;0.633;0.66;0.684;0.732
2013-03-08 10:00:00;2013;3;8;10;231.079;10.206;80.047;3.828;0.0;0.633;0.66;0.684;0.732
2013-03-08 11:00:00;2013;3;8;11;344.508;11.399;76.395;4.74;0.0;0.634;0.66;0.684;0.731
2013-03-08 12:00:00;2013;3;8;12;368.744;11.937;74.062;4.877;0.0;0.634;0.661;0.684;0.731
2013-03-08 13:00:00;2013;3;8;13;283.994;12.354;72.623;5.215;0.0;0.634;0.66;0.684;0.731
2013-03-08 14:00:00;2013;3;8;14;177.08;12.573;71.158;4.857;0.0;0.634;0.659;0.684;0.731
2013-03-08 15:00:00;2013;3;8;15;165.805;12.283;71.399;4.519;0.0;0.634;0.66;0.685;0.732
2013-03-08 16:00:00;2013;3;8;16;59.953;11.3;74.557;4.408;0.0;0.634;0.661;0.684;0.732
2013-03-08 17:00:00;2013;3;8;17;0.745;10.492;76.103;4.421;0.0;0.634;0.66;0.685;0.732
2013-03-08 18:00:00;2013;3;8;18;-3.377;9.245;80.471;4.646;0.4;0.632;0.661;0.685;0.733
2013-03-08 19:00:00;2013;3;8;19;-3.819;8.173;86.015;3.753;0.133;0.631;0.662;0.685;0.733
2013-03-08 20:00:00;2013;3;8;20;-3.438;7.329;89.525;3.993;0.469;0.632;0.662;0.685;0.733
2013-03-08 21:00:00;2013;3;8;21;-3.061;6.733;91.538;3.588;0.19;0.631;0.664;0.685;0.733
2013-03-08 22:00:00;2013;3;8;22;-2.858;6.361;92.265;3.741;0.438;0.632;0.663;0.685;0.733
2013-03-08 23:00:00;2013;3;8;23;-2.456;6.159;93.52;3.151;1.161;0.632;0.664;0.685;0.733
2013-03-09 00:00:00;2013;3;9;0;-2.49;6.072;94.017;3.354;0.693;0.633;0.664;0.685;0.733
2013-03-09 01:00:00;2013;3;9;1;-2.499;5.96;94.345;3.477;0.97;0.637;0.664;0.685;0.732
2013-03-09 02:00:00;2013;3;9;2;-2.491;5.844;94.603;3.039;1.35;0.649;0.666;0.685;0.727
2013-03-09 03:00:00;2013;3;9;3;-2.489;5.728;94.145;2.896;1.23;0.663;0.673;0.686;0.734
2013-03-09 04:00:00;2013;3;9;4;-2.438;5.939;93.79;2.867;1.3;0.672;0.679;0.686;0.743
2013-03-09 05:00:00;2013;3;9;5;-2.374;5.551;94.228;2.896;0.9;0.683;0.682;0.684;0.754
2013-03-09 06:00:00;2013;3;9;6;2.279;5.362;94.507;2.808;0.49;0.684;0.679;0.685;0.754
2013-03-09 07:00:00;2013;3;9;7;13.78;5.328;94.408;3.19;0.407;0.685;0.679;0.686;0.756
2013-03-09 08:00:00;2013;3;9;8;34.267;5.36;94.36;3.027;0.356;0.686;0.68;0.686;0.756
2013-03-09 09:00:00;2013;3;9;9;46.863;5.366;94.555;3.112;0.681;0.686;0.681;0.687;0.757
2013-03-09 10:00:00;2013;3;9;10;48.162;5.546;94.34;2.288;1.261;0.687;0.681;0.687;0.758
2013-03-09 11:00:00;2013;3;9;11;45.59;5.992;94.085;1.299;1.434;0.687;0.681;0.688;0.758
2013-03-09 12:00:00;2013;3;9;12;37.32;6.175;93.06;4.064;1.22;0.688;0.68;0.688;0.755
2013-03-09 13:00:00;2013;3;9;13;55.27;5.92;91.73;5.523;1.24;0.688;0.682;0.689;0.755
2013-03-09 14:00:00;2013;3;9;14;34.832;5.805;91.283;5.208;1.22;0.687;0.684;0.689;0.754
2013-03-09 15:00:00;2013;3;9;15;23.424;5.36;91.202;5.167;1.45;0.681;0.686;0.687;0.748
2013-03-09 16:00:00;2013;3;9;16;9.202;4.927;91.255;4.899;2.008;0.681;0.684;0.687;0.751
2013-03-09 17:00:00;2013;3;9;17;-1.344;4.546;90.772;4.61;1.835;0.682;0.683;0.687;0.756
2013-03-09 18:00:00;2013;3;9;18;-2.275;4.205;90.778;4.677;1.96;0.682;0.682;0.687;0.753
2013-03-09 19:00:00;2013;3;9;19;-2.266;3.876;90.367;5.269;0.97;0.682;0.681;0.687;0.75
2013-03-09 20:00:00;2013;3;9;20;-2.318;3.429;90.663;4.918;1.33;0.682;0.681;0.687;0.748
2013-03-09 21:00:00;2013;3;9;21;-2.325;3.007;90.99;4.48;1.21;0.681;0.681;0.687;0.748
2013-03-09 22:00:00;2013;3;9;22;-2.373;2.732;91.978;3.571;0.75;0.682;0.681;0.687;0.747
2013-03-09 23:00:00;2013;3;9;23;-2.405;2.645;92.302;3.296;0.66;0.682;0.68;0.687;0.748
2013-03-10 00:00:00;2013;3;10;0;-2.433;2.534;93.083;3.52;1.225;0.682;0.681;0.687;0.746
2013-03-10 01:00:00;2013;3;10;1;-2.671;0.945;94.905;3.454;0.583;0.682;0.681;0.688;0.747
2013-03-10 02:00:00;2013;3;10;2;-2.629;0.414;96.192;3.142;0.482;0.683;0.682;0.688;0.748
2013-03-10 03:00:00;2013;3;10;3;-2.584;0.333;96.41;3.16;0.509;0.684;0.682;0.688;0.746
2013-03-10 04:00:00;2013;3;10;4;-2.545;0.79;95.423;3.743;0.391;0.684;0.682;0.688;0.747
2013-03-10 05:00:00;2013;3;10;5;-2.456;0.46;94.675;3.815;0.26;0.683;0.682;0.688;0.748
2013-03-10 06:00:00;2013;3;10;6;5.628;0.191;92.803;4.528;0.16;0.684;0.682;0.688;0.749
2013-03-10 07:00:00;2013;3;10;7;26.621;-0.023;91.387;4.842;0.09;0.684;0.683;0.688;0.748
2013-03-10 08:00:00;2013;3;10;8;44.695;-0.035;87.723;5.463;0.0;0.684;0.683;0.687;0.748
2013-03-10 09:00:00;2013;3;10;9;46.779;-0.154;85.82;6.06;0.0;0.684;0.683;0.687;0.748
2013-03-10 10:00:00;2013;3;10;10;76.15;-0.288;84.81;6.064;0.0;0.684;0.683;0.687;0.746
2013-03-10 11:00:00;2013;3;10;11;71.244;-0.359;83.848;5.592;0.0;0.684;0.683;0.686;0.745
2013-03-10 12:00:00;2013;3;10;12;75.648;-0.311;82.557;5.716;0.0;0.684;0.682;0.686;0.747
2013-03-10 13:00:00;2013;3;10;13;92.224;-0.15;81.391;5.192;0.0;0.685;0.683;0.686;0.747
2013-03-10 14:00:00;2013;3;10;14;65.824;-0.136;80.636;5.341;0.0;0.685;0.682;0.687;0.748
2013-03-10 15:00:00;2013;3;10;15;51.13;-0.262;79.463;5.533;0.0;0.685;0.682;0.687;0.747
2013-03-10 16:00:00;2013;3;10;16;16.632;-0.416;79.73;4.325;0.0;0.684;0.682;0.686;0.745
2013-03-10 17:00:00;2013;3;10;17;0.448;-0.589;79.995;0.201;0.0;0.686;0.681;0.687;0.752
2013-03-10 18:00:00;2013;3;10;18;-2.757;-0.92;78.055;0.2;0.0;0.686;0.681;0.687;0.752
2013-03-10 19:00:00;2013;3;10;19;-2.813;-1.108;76.06;0.2;0.0;0.686;0.681;0.687;0.752
2013-03-10 20:00:00;2013;3;10;20;-2.795;-1.257;77.197;0.2;0.0;0.686;0.681;0.687;0.751
2013-03-10 21:00:00;2013;3;10;21;-2.815;-1.525;76.688;0.2;0.0;0.685;0.681;0.687;0.749
2013-03-10 22:00:00;2013;3;10;22;-2.629;-1.725;72.522;0.2;0.0;0.685;0.682;0.686;0.747
2013-03-10 23:00:00;2013;3;10;23;-2.875;-2.047;73.234;0.2;0.0;0.685;0.681;0.686;0.747
2013-03-11 00:00:00;2013;3;11;0;-2.58;-2.029;75.4;1.862;0.0;0.684;0.682;0.686;0.746
2013-03-11 01:00:00;2013;3;11;1;-2.562;-2.173;78.097;4.592;0.0;0.684;0.681;0.686;0.746
2013-03-11 02:00:00;2013;3;11;2;-2.565;-2.318;80.325;4.509;0.0;0.684;0.681;0.686;0.746
2013-03-11 03:00:00;2013;3;11;3;-2.587;-2.489;83.187;4.74;0.0;0.683;0.681;0.686;0.745
2013-03-11 04:00:00;2013;3;11;4;-2.562;-2.606;82.275;5.641;0.0;0.683;0.681;0.685;0.744
2013-03-11 05:00:00;2013;3;11;5;-2.262;-2.755;81.292;5.428;0.0;0.685;0.68;0.687;0.749
2013-03-11 06:00:00;2013;3;11;6;5.476;-2.843;80.259;5.277;0.0;0.685;0.68;0.687;0.749
2013-03-11 07:00:00;2013;3;11;7;64.337;-2.761;79.791;5.652;0.01;0.685;0.68;0.686;0.749
2013-03-11 08:00:00;2013;3;11;8;160.115;-2.669;76.757;6.187;0.0;0.684;0.681;0.686;0.745
2013-03-11 09:00:00;2013;3;11;9;191.702;-2.342;74.435;6.346;0.0;0.684;0.681;0.686;0.746
2013-03-11 10:00:00;2013;3;11;10;206.69;-2.148;72.138;6.978;0.0;0.684;0.681;0.685;0.745
2013-03-11 11:00:00;2013;3;11;11;201.768;-1.965;71.804;7.151;0.0;0.684;0.681;0.686;0.744
2013-03-11 12:00:00;2013;3;11;12;160.749;-1.932;70.704;7.042;0.0;0.683;0.681;0.685;0.744
2013-03-11 13:00:00;2013;3;11;13;133.015;-1.783;69.417;7.001;0.0;0.684;0.68;0.685;0.744
2013-03-11 14:00:00;2013;3;11;14;86.139;-1.649;66.353;6.605;0.0;0.683;0.68;0.685;0.744
2013-03-11 15:00:00;2013;3;11;15;54.034;-1.789;69.56;5.906;0.0;0.683;0.681;0.685;0.744
2013-03-11 16:00:00;2013;3;11;16;35.277;-1.964;69.955;6.166;0.0;0.682;0.681;0.685;0.743
2013-03-11 17:00:00;2013;3;11;17;1.727;-2.075;69.599;6.405;0.0;0.683;0.68;0.684;0.744
2013-03-11 18:00:00;2013;3;11;18;-2.556;-2.249;72.32;6.299;0.0;0.684;0.679;0.685;0.746
2013-03-11 19:00:00;2013;3;11;19;-2.505;-2.458;76.404;6.451;0.0;0.684;0.679;0.685;0.746
2013-03-11 20:00:00;2013;3;11;20;-2.582;-2.521;75.463;6.477;0.0;0.683;0.68;0.685;0.743
2013-03-11 21:00:00;2013;3;11;21;-2.672;-2.793;78.006;5.851;0.0;0.682;0.68;0.684;0.743
2013-03-11 22:00:00;2013;3;11;22;-2.707;-2.874;76.799;6.383;0.0;0.682;0.68;0.684;0.744
2013-03-11 23:00:00;2013;3;11;23;-2.676;-2.931;74.106;6.709;0.0;0.684;0.679;0.685;0.746
2013-03-12 00:00:00;2013;3;12;0;-2.505;-3.103;74.438;6.868;0.0;0.683;0.68;0.684;0.745
2013-03-12 01:00:00;2013;3;12;1;-2.654;-3.31;75.831;6.262;0.0;0.682;0.68;0.684;0.743
2013-03-12 02:00:00;2013;3;12;2;-2.572;-3.406;76.527;7.009;0.0;0.682;0.68;0.684;0.743
2013-03-12 03:00:00;2013;3;12;3;-2.547;-3.614;76.292;7.155;0.0;0.682;0.68;0.684;0.742
2013-03-12 04:00:00;2013;3;12;4;-2.533;-3.711;74.794;6.718;0.0;0.68;0.68;0.683;0.742
2013-03-12 05:00:00;2013;3;12;5;-2.368;-3.741;73.099;6.856;0.0;0.681;0.68;0.683;0.743
2013-03-12 06:00:00;2013;3;12;6;15.215;-3.791;72.751;6.974;0.0;0.681;0.68;0.683;0.744
2013-03-12 07:00:00;2013;3;12;7;52.603;-3.532;69.902;6.964;0.0;0.683;0.679;0.684;0.746
2013-03-12 08:00:00;2013;3;12;8;123.357;-3.134;65.791;6.982;0.0;0.683;0.679;0.684;0.746
2013-03-12 09:00:00;2013;3;12;9;216.776;-2.471;59.175;6.842;0.0;0.683;0.679;0.685;0.746
2013-03-12 10:00:00;2013;3;12;10;280.755;-1.894;55.383;7.669;0.0;0.683;0.679;0.684;0.746
2013-03-12 11:00:00;2013;3;12;11;366.578;-1.343;52.409;7.653;0.0;0.683;0.679;0.684;0.745
2013-03-12 12:00:00;2013;3;12;12;377.63;-1.193;52.649;7.475;0.0;0.682;0.68;0.684;0.743
2013-03-12 13:00:00;2013;3;12;13;483.977;-0.587;52.794;7.176;0.0;0.682;0.679;0.684;0.742
2013-03-12 14:00:00;2013;3;12;14;382.767;-0.337;52.912;6.727;0.0;0.682;0.679;0.684;0.742
2013-03-12 15:00:00;2013;3;12;15;287.995;-0.397;53.088;6.147;0.0;0.681;0.679;0.683;0.742
2013-03-12 16:00:00;2013;3;12;16;108.299;-1.202;48.514;5.769;0.0;0.681;0.679;0.683;0.742
2013-03-12 17:00:00;2013;3;12;17;15.717;-2.283;55.299;3.199;0.0;0.681;0.679;0.683;0.742
2013-03-12 18:00:00;2013;3;12;18;-5.201;-3.931;65.557;1.735;0.0;0.683;0.679;0.684;0.746
2013-03-12 19:00:00;2013;3;12;19;-5.067;-4.107;66.23;1.45;0.0;0.683;0.679;0.684;0.746
2013-03-12 20:00:00;2013;3;12;20;-4.831;-4.615;70.873;2.132;0.0;0.679;0.68;0.682;0.743
2013-03-12 21:00:00;2013;3;12;21;-5.339;-5.3;74.09;1.506;0.0;0.68;0.679;0.682;0.744
2013-03-12 22:00:00;2013;3;12;22;-5.35;-6.104;83.647;0.769;0.0;0.678;0.68;0.681;0.744
2013-03-12 23:00:00;2013;3;12;23;-5.018;-6.377;84.645;1.253;0.0;0.678;0.68;0.681;0.744
2013-03-13 00:00:00;2013;3;13;0;-5.118;-7.125;88.073;1.13;0.0;0.677;0.679;0.682;0.744
2013-03-13 01:00:00;2013;3;13;1;-4.929;-6.997;89.972;0.808;0.0;0.672;0.677;0.681;0.742
2013-03-13 02:00:00;2013;3;13;2;-4.86;-7.391;90.435;1.025;0.0;0.671;0.677;0.68;0.742
2013-03-13 03:00:00;2013;3;13;3;-5.353;-7.689;89.735;0.535;0.0;0.671;0.678;0.68;0.742
2013-03-13 04:00:00;2013;3;13;4;-4.726;-7.57;90.562;1.117;0.0;0.674;0.679;0.681;0.744
2013-03-13 05:00:00;2013;3;13;5;-3.03;-6.971;89.268;1.685;0.0;0.678;0.678;0.68;0.748
2013-03-13 06:00:00;2013;3;13;6;51.654;-5.016;88.658;1.949;0.0;0.68;0.678;0.681;0.749
2013-03-13 07:00:00;2013;3;13;7;51.859;-3.448;74.468;2.446;0.0;0.681;0.678;0.682;0.75
2013-03-13 08:00:00;2013;3;13;8;111.787;-2.861;74.276;2.685;0.0;0.68;0.68;0.681;0.752
2013-03-13 09:00:00;2013;3;13;9;118.547;-1.921;70.151;2.784;0.0;0.68;0.681;0.681;0.752
2013-03-13 10:00:00;2013;3;13;10;198.346;-1.09;72.369;2.684;0.0;0.68;0.68;0.681;0.751
2013-03-13 11:00:00;2013;3;13;11;303.933;0.01;73.895;2.664;0.0;0.68;0.68;0.681;0.751
2013-03-13 12:00:00;2013;3;13;12;334.872;1.26;73.426;2.548;0.0;0.68;0.681;0.681;0.752
2013-03-13 13:00:00;2013;3;13;13;522.242;2.608;70.746;2.168;0.0;0.68;0.681;0.681;0.753
2013-03-13 14:00:00;2013;3;13;14;227.312;2.925;68.866;1.936;0.0;0.681;0.681;0.682;0.753
2013-03-13 15:00:00;2013;3;13;15;289.781;3.336;67.367;2.095;0.0;0.681;0.678;0.682;0.75
2013-03-13 16:00:00;2013;3;13;16;147.806;3.666;57.472;3.41;0.0;0.681;0.677;0.682;0.749
2013-03-13 17:00:00;2013;3;13;17;5.601;1.388;62.412;3.712;0.0;0.68;0.677;0.682;0.749
2013-03-13 18:00:00;2013;3;13;18;-4.812;-0.613;73.149;2.469;0.0;0.681;0.677;0.682;0.752
2013-03-13 19:00:00;2013;3;13;19;-4.717;-1.58;80.816;1.414;0.0;0.68;0.677;0.682;0.751
2013-03-13 20:00:00;2013;3;13;20;-4.195;-1.719;87.003;2.063;0.0;0.68;0.678;0.681;0.75
2013-03-13 21:00:00;2013;3;13;21;-5.089;-2.564;92.653;1.303;0.0;0.679;0.678;0.681;0.749
2013-03-13 22:00:00;2013;3;13;22;-4.398;-3.361;91.045;1.775;0.0;0.678;0.678;0.68;0.749
2013-03-13 23:00:00;2013;3;13;23;-3.906;-2.724;90.307;1.97;0.0;0.679;0.679;0.68;0.749
2013-03-14 00:00:00;2013;3;14;0;-4.783;-2.804;88.932;1.018;0.0;0.679;0.682;0.681;0.751
2013-03-14 01:00:00;2013;3;14;1;-4.794;-3.038;90.533;1.146;0.0;0.679;0.681;0.68;0.751
2013-03-14 02:00:00;2013;3;14;2;-4.366;-3.574;91.368;1.369;0.0;0.678;0.682;0.68;0.751
2013-03-14 03:00:00;2013;3;14;3;-3.239;-3.529;92.588;1.857;0.0;0.678;0.681;0.68;0.751
2013-03-14 04:00:00;2013;3;14;4;-4.107;-2.106;92.947;1.258;0.0;0.678;0.681;0.68;0.751
2013-03-14 05:00:00;2013;3;14;5;-4.313;-4.42;92.015;1.651;0.08;0.676;0.681;0.678;0.749
2013-03-14 06:00:00;2013;3;14;6;77.836;-5.31;93.407;2.322;0.02;0.677;0.68;0.679;0.749
2013-03-14 07:00:00;2013;3;14;7;269.544;-2.721;92.888;2.986;0.0;0.678;0.679;0.679;0.748
2013-03-14 08:00:00;2013;3;14;8;400.973;-0.341;85.154;3.154;0.09;0.678;0.679;0.679;0.747
2013-03-14 09:00:00;2013;3;14;9;317.954;1.141;71.811;4.586;0.07;0.678;0.679;0.679;0.746
2013-03-14 10:00:00;2013;3;14;10;343.717;1.549;61.762;4.233;0.0;0.678;0.679;0.679;0.747
2013-03-14 11:00:00;2013;3;14;11;401.098;2.139;54.208;4.711;0.0;0.679;0.679;0.679;0.749
2013-03-14 12:00:00;2013;3;14;12;398.662;2.308;45.428;4.646;0.0;0.679;0.68;0.68;0.75
2013-03-14 13:00:00;2013;3;14;13;274.448;2.094;46.609;4.931;0.0;0.679;0.681;0.68;0.752
2013-03-14 14:00:00;2013;3;14;14;363.789;2.411;45.379;4.965;0.0;0.679;0.681;0.68;0.752
2013-03-14 15:00:00;2013;3;14;15;372.151;2.722;48.441;5.735;0.0;0.68;0.681;0.681;0.752
2013-03-14 16:00:00;2013;3;14;16;177.451;2.039;51.146;5.37;0.0;0.679;0.681;0.681;0.752
2013-03-14 17:00:00;2013;3;14;17;21.222;0.482;57.87;4.299;0.0;0.678;0.681;0.68;0.752
2013-03-14 18:00:00;2013;3;14;18;-4.483;-1.883;70.422;3.212;0.0;0.68;0.68;0.681;0.753
2013-03-14 19:00:00;2013;3;14;19;-4.881;-2.566;75.35;1.721;0.0;0.68;0.68;0.681;0.753
2013-03-14 20:00:00;2013;3;14;20;-5.283;-3.262;83.932;1.021;0.0;0.677;0.681;0.679;0.751
2013-03-14 21:00:00;2013;3;14;21;-5.684;-4.183;88.59;0.531;0.0;0.676;0.681;0.678;0.748
2013-03-14 22:00:00;2013;3;14;22;-5.421;-4.544;91.193;0.419;0.01;0.676;0.681;0.678;0.75
2013-03-14 23:00:00;2013;3;14;23;-4.923;-4.748;92.308;0.871;0.0;0.676;0.68;0.678;0.749
2013-03-15 00:00:00;2013;3;15;0;-5.116;-4.943;91.862;1.036;0.01;0.676;0.679;0.678;0.749
2013-03-15 01:00:00;2013;3;15;1;-4.632;-5.135;92.513;1.689;0.0;0.675;0.68;0.677;0.746
2013-03-15 02:00:00;2013;3;15;2;-3.997;-4.936;92.207;2.123;0.0;0.674;0.679;0.677;0.745
2013-03-15 03:00:00;2013;3;15;3;-3.424;-3.892;91.983;2.539;0.0;0.675;0.68;0.678;0.745
2013-03-15 04:00:00;2013;3;15;4;-3.541;-3.361;89.25;2.843;0.0;0.674;0.679;0.679;0.746
2013-03-15 05:00:00;2013;3;15;5;-1.702;-2.873;84.81;3.042;0.0;0.676;0.678;0.68;0.743
2013-03-15 06:00:00;2013;3;15;6;16.869;-2.186;82.585;3.931;0.0;0.675;0.677;0.68;0.742
2013-03-15 07:00:00;2013;3;15;7;42.258;-1.46;77.782;4.425;0.0;0.674;0.675;0.68;0.737
2013-03-15 08:00:00;2013;3;15;8;151.555;-0.548;73.958;4.985;0.0;0.673;0.675;0.68;0.736
2013-03-15 09:00:00;2013;3;15;9;255.059;0.576;69.391;6.258;0.0;0.672;0.676;0.68;0.736
2013-03-15 10:00:00;2013;3;15;10;329.967;1.83;66.044;6.566;0.0;0.671;0.675;0.681;0.736
2013-03-15 11:00:00;2013;3;15;11;249.354;2.393;69.551;6.837;0.0;0.671;0.674;0.68;0.735
2013-03-15 12:00:00;2013;3;15;12;170.786;1.925;81.788;6.323;0.02;0.671;0.673;0.68;0.735
2013-03-15 13:00:00;2013;3;15;13;110.463;1.774;89.81;5.213;0.39;0.671;0.672;0.68;0.735
2013-03-15 14:00:00;2013;3;15;14;62.669;1.663;89.275;6.059;0.3;0.671;0.673;0.68;0.737
2013-03-15 15:00:00;2013;3;15;15;53.33;1.477;89.547;6.925;0.28;0.672;0.674;0.68;0.739
2013-03-15 16:00:00;2013;3;15;16;34.743;1.269;91.408;6.328;0.28;0.674;0.678;0.68;0.745
2013-03-15 17:00:00;2013;3;15;17;6.223;1.033;92.743;5.487;0.04;0.675;0.678;0.68;0.746
2013-03-15 18:00:00;2013;3;15;18;-2.994;1.085;92.655;4.674;0.01;0.677;0.678;0.681;0.748
2013-03-15 19:00:00;2013;3;15;19;-3.062;1.359;89.89;4.973;0.15;0.677;0.678;0.681;0.749
2013-03-15 20:00:00;2013;3;15;20;-2.915;0.984;90.59;4.299;0.01;0.678;0.678;0.681;0.749
2013-03-15 21:00:00;2013;3;15;21;-2.846;1.531;84.254;4.831;0.0;0.678;0.679;0.681;0.75
2013-03-15 22:00:00;2013;3;15;22;-2.565;1.971;78.539;5.249;0.0;0.677;0.679;0.68;0.749
2013-03-15 23:00:00;2013;3;15;23;-2.898;2.011;77.308;5.288;0.07;0.678;0.679;0.68;0.749
2013-03-16 00:00:00;2013;3;16;0;-3.074;2.057;76.477;5.786;0.0;0.678;0.679;0.68;0.748
2013-03-16 01:00:00;2013;3;16;1;-2.43;2.383;74.611;5.904;0.0;0.678;0.679;0.679;0.749
2013-03-16 02:00:00;2013;3;16;2;-2.502;2.343;74.197;5.82;0.0;0.678;0.679;0.679;0.748
2013-03-16 03:00:00;2013;3;16;3;-3.211;2.265;73.833;5.958;0.0;0.677;0.679;0.678;0.748
2013-03-16 04:00:00;2013;3;16;4;-3.293;1.98;76.415;5.705;0.22;0.677;0.679;0.678;0.749
2013-03-16 05:00:00;2013;3;16;5;-2.497;2.324;76.643;6.057;0.19;0.676;0.679;0.678;0.747
2013-03-16 06:00:00;2013;3;16;6;28.932;3.006;71.158;6.662;0.0;0.676;0.679;0.678;0.748
2013-03-16 07:00:00;2013;3;16;7;83.001;3.658;68.384;7.505;0.0;0.678;0.679;0.679;0.75
2013-03-16 08:00:00;2013;3;16;8;177.243;4.468;66.422;7.772;0.0;0.678;0.679;0.679;0.75
2013-03-16 09:00:00;2013;3;16;9;244.559;5.461;63.544;8.551;0.0;0.679;0.679;0.68;0.751
2013-03-16 10:00:00;2013;3;16;10;273.183;6.09;62.306;8.573;0.0;0.679;0.679;0.68;0.751
2013-03-16 11:00:00;2013;3;16;11;271.577;6.783;60.39;8.599;0.0;0.679;0.679;0.68;0.751
2013-03-16 12:00:00;2013;3;16;12;256.777;7.155;58.52;8.542;0.0;0.679;0.679;0.68;0.751
2013-03-16 13:00:00;2013;3;16;13;227.871;7.059;55.476;9.779;0.0;0.679;0.68;0.68;0.751
2013-03-16 14:00:00;2013;3;16;14;152.469;7.021;50.094;7.485;0.0;0.679;0.68;0.68;0.751
2013-03-16 15:00:00;2013;3;16;15;114.217;7.04;47.853;8.285;0.0;0.679;0.68;0.68;0.751
2013-03-16 16:00:00;2013;3;16;16;74.104;6.327;47.672;8.324;0.0;0.678;0.679;0.679;0.751
2013-03-16 17:00:00;2013;3;16;17;12.153;5.677;43.594;8.701;0.0;0.678;0.679;0.679;0.749
2013-03-16 18:00:00;2013;3;16;18;-2.962;5.195;43.76;9.028;0.0;0.678;0.679;0.679;0.748
2013-03-16 19:00:00;2013;3;16;19;-2.956;5.165;44.266;8.442;0.0;0.678;0.679;0.679;0.748
2013-03-16 20:00:00;2013;3;16;20;-3.027;5.14;46.744;7.474;0.0;0.678;0.679;0.679;0.748
2013-03-16 21:00:00;2013;3;16;21;-2.619;5.038;47.471;7.524;0.0;0.678;0.68;0.68;0.749
2013-03-16 22:00:00;2013;3;16;22;-2.635;5.106;49.021;7.517;0.0;0.678;0.679;0.68;0.748
2013-03-16 23:00:00;2013;3;16;23;-2.539;5.634;51.642;7.767;0.0;0.677;0.678;0.681;0.747
2013-03-17 00:00:00;2013;3;17;0;-3.564;4.894;69.472;9.942;0.11;0.675;0.678;0.68;0.745
2013-03-17 01:00:00;2013;3;17;1;-3.099;3.779;77.835;7.261;0.0;0.675;0.678;0.681;0.743
2013-03-17 02:00:00;2013;3;17;2;-2.434;3.917;72.972;5.082;0.0;0.675;0.678;0.681;0.743
2013-03-17 03:00:00;2013;3;17;3;-2.321;4.146;66.108;7.01;0.0;0.675;0.677;0.681;0.742
2013-03-17 04:00:00;2013;3;17;4;-3.219;2.782;82.859;7.186;0.1;0.674;0.677;0.681;0.743
2013-03-17 05:00:00;2013;3;17;5;-2.642;1.856;91.517;5.26;0.02;0.675;0.677;0.681;0.743
2013-03-17 06:00:00;2013;3;17;6;10.961;1.748;92.713;5.061;0.03;0.675;0.677;0.681;0.743
2013-03-17 07:00:00;2013;3;17;7;97.166;2.604;91.763;5.615;0.0;0.673;0.677;0.681;0.743
2013-03-17 08:00:00;2013;3;17;8;175.439;3.708;89.748;5.518;0.0;0.675;0.677;0.681;0.743
2013-03-17 09:00:00;2013;3;17;9;162.57;4.795;87.097;5.418;0.0;0.675;0.677;0.681;0.742
2013-03-17 10:00:00;2013;3;17;10;239.323;6.165;81.57;5.75;0.0;0.675;0.677;0.681;0.742
2013-03-17 11:00:00;2013;3;17;11;257.871;6.99;76.784;5.88;0.0;0.675;0.677;0.681;0.742
2013-03-17 12:00:00;2013;3;17;12;395.033;8.346;68.386;5.67;0.0;0.675;0.677;0.681;0.742
2013-03-17 13:00:00;2013;3;17;13;177.562;8.276;67.892;5.512;0.0;0.675;0.677;0.681;0.741
2013-03-17 14:00:00;2013;3;17;14;68.71;7.965;68.897;5.75;0.0;0.674;0.677;0.681;0.741
2013-03-17 15:00:00;2013;3;17;15;68.205;7.98;67.695;5.167;0.0;0.674;0.676;0.681;0.74
2013-03-17 16:00:00;2013;3;17;16;36.468;7.561;70.161;6.043;0.0;0.674;0.676;0.682;0.739
2013-03-17 17:00:00;2013;3;17;17;13.1;6.589;73.969;6.315;0.0;0.674;0.676;0.682;0.739
2013-03-17 18:00:00;2013;3;17;18;-3.612;5.487;78.339;6.023;0.0;0.673;0.676;0.682;0.738
2013-03-17 19:00:00;2013;3;17;19;-3.024;5.074;80.737;5.579;0.15;0.672;0.675;0.682;0.736
2013-03-17 20:00:00;2013;3;17;20;-3.141;4.516;88.705;5.555;0.55;0.672;0.675;0.682;0.737
2013-03-17 21:00:00;2013;3;17;21;-2.799;4.253;91.177;5.718;0.7;0.671;0.676;0.682;0.738
2013-03-17 22:00:00;2013;3;17;22;-2.698;4.04;91.997;5.364;0.2;0.674;0.672;0.682;0.737
2013-03-17 23:00:00;2013;3;17;23;-2.851;4.07;91.317;4.343;0.12;0.675;0.673;0.682;0.74
2013-03-18 00:00:00;2013;3;18;0;-2.903;4.286;90.627;6.11;0.09;0.676;0.674;0.682;0.741
2013-03-18 01:00:00;2013;3;18;1;-2.966;4.271;89.007;6.018;0.08;0.676;0.674;0.682;0.743
2013-03-18 02:00:00;2013;3;18;2;-2.764;4.313;87.112;5.691;0.0;0.677;0.676;0.682;0.745
2013-03-18 03:00:00;2013;3;18;3;-2.683;4.265;85.265;6.163;0.0;0.677;0.679;0.682;0.749
2013-03-18 04:00:00;2013;3;18;4;-2.819;4.229;82.46;7.187;0.0;0.677;0.679;0.682;0.75
2013-03-18 05:00:00;2013;3;18;5;-2.384;4.089;81.975;7.136;0.0;0.678;0.679;0.682;0.75
2013-03-18 06:00:00;2013;3;18;6;6.637;4.1;79.869;7.062;0.0;0.678;0.679;0.683;0.751
2013-03-18 07:00:00;2013;3;18;7;166.414;4.253;79.387;6.735;0.0;0.678;0.679;0.683;0.75
2013-03-18 08:00:00;2013;3;18;8;373.909;5.151;75.559;7.126;0.0;0.678;0.679;0.683;0.75
2013-03-18 09:00:00;2013;3;18;9;492.304;6.607;69.929;5.698;0.0;0.677;0.678;0.683;0.749
2013-03-18 10:00:00;2013;3;18;10;505.856;7.83;64.935;4.687;0.0;0.677;0.678;0.683;0.748
2013-03-18 11:00:00;2013;3;18;11;591.866;9.005;58.22;5.27;0.0;0.677;0.678;0.683;0.747
2013-03-18 12:00:00;2013;3;18;12;568.407;9.924;53.272;4.198;0.0;0.676;0.678;0.683;0.745
2013-03-18 13:00:00;2013;3;18;13;429.347;10.296;48.876;3.234;0.0;0.676;0.678;0.683;0.745
2013-03-18 14:00:00;2013;3;18;14;204.726;9.975;47.826;2.045;0.0;0.676;0.678;0.683;0.745
2013-03-18 15:00:00;2013;3;18;15;174.106;9.954;47.016;0.977;0.0;0.676;0.678;0.683;0.745
2013-03-18 16:00:00;2013;3;18;16;111.305;10.378;44.563;1.02;0.0;0.676;0.678;0.683;0.745
2013-03-18 17:00:00;2013;3;18;17;4.848;8.482;56.922;2.294;0.0;0.676;0.678;0.683;0.746
2013-03-18 18:00:00;2013;3;18;18;-5.001;6.624;63.741;1.724;0.0;0.676;0.677;0.683;0.744
2013-03-18 19:00:00;2013;3;18;19;-4.238;5.98;66.268;2.786;0.0;0.675;0.677;0.683;0.743
2013-03-18 20:00:00;2013;3;18;20;-4.018;6.1;65.022;3.747;0.0;0.675;0.677;0.684;0.743
2013-03-18 21:00:00;2013;3;18;21;-4.168;4.641;71.645;3.187;0.0;0.674;0.677;0.684;0.743
2013-03-18 22:00:00;2013;3;18;22;-4.131;3.955;74.091;2.872;0.0;0.674;0.677;0.684;0.742
2013-03-18 23:00:00;2013;3;18;23;-4.643;2.751;78.107;1.73;0.0;0.674;0.677;0.684;0.742
2013-03-19 00:00:00;2013;3;19;0;-4.667;2.199;79.134;1.538;0.0;0.673;0.677;0.684;0.741
2013-03-19 01:00:00;2013;3;19;1;-4.158;2.696;78.547;2.624;0.0;0.671;0.677;0.684;0.74
2013-03-19 02:00:00;2013;3;19;2;-3.817;2.579;87.172;3.766;0.0;0.671;0.677;0.684;0.74
2013-03-19 03:00:00;2013;3;19;3;-4.016;2.066;89.068;3.225;0.0;0.67;0.677;0.684;0.74
2013-03-19 04:00:00;2013;3;19;4;-4.453;1.595;90.353;2.089;0.0;0.67;0.676;0.684;0.739
2013-03-19 05:00:00;2013;3;19;5;-1.375;1.286;90.498;2.792;0.0;0.672;0.676;0.684;0.738
2013-03-19 06:00:00;2013;3;19;6;40.968;1.431;90.47;3.564;0.0;0.672;0.676;0.684;0.737
2013-03-19 07:00:00;2013;3;19;7;99.427;2.294;88.877;4.307;0.0;0.671;0.676;0.684;0.736
2013-03-19 08:00:00;2013;3;19;8;167.913;3.189;86.065;4.358;0.0;0.671;0.676;0.684;0.736
2013-03-19 09:00:00;2013;3;19;9;141.078;3.527;84.92;4.474;0.0;0.671;0.676;0.684;0.736
2013-03-19 10:00:00;2013;3;19;10;205.812;4.247;82.655;4.008;0.0;0.671;0.676;0.684;0.737
2013-03-19 11:00:00;2013;3;19;11;201.165;5.115;78.83;2.934;0.0;0.671;0.676;0.684;0.737
2013-03-19 12:00:00;2013;3;19;12;131.608;5.332;78.502;2.914;0.0;0.672;0.676;0.684;0.737
2013-03-19 13:00:00;2013;3;19;13;61.6;5.306;79.72;2.811;0.0;0.672;0.676;0.684;0.737
2013-03-19 14:00:00;2013;3;19;14;101.477;5.535;80.187;2.24;0.0;0.672;0.676;0.684;0.737
2013-03-19 15:00:00;2013;3;19;15;87.532;6.061;77.861;1.923;0.0;0.672;0.677;0.684;0.738
2013-03-19 16:00:00;2013;3;19;16;40.36;4.957;80.624;3.531;0.0;0.672;0.676;0.684;0.737
2013-03-19 17:00:00;2013;3;19;17;5.931;4.24;78.75;3.829;0.0;0.671;0.676;0.684;0.738
2013-03-19 18:00:00;2013;3;19;18;-3.109;3.419;78.259;3.879;0.0;0.67;0.676;0.684;0.735
2013-03-19 19:00:00;2013;3;19;19;-3.056;3.052;76.659;4.449;0.14;0.671;0.676;0.684;0.735
2013-03-19 20:00:00;2013;3;19;20;-3.617;2.469;80.4;3.835;0.03;0.667;0.675;0.684;0.734
2013-03-19 21:00:00;2013;3;19;21;-3.146;2.455;77.443;3.529;0.0;0.666;0.674;0.684;0.733
2013-03-19 22:00:00;2013;3;19;22;-2.824;2.407;75.959;3.651;0.0;0.667;0.675;0.684;0.732
2013-03-19 23:00:00;2013;3;19;23;-3.806;1.667;77.424;3.056;0.0;0.666;0.674;0.684;0.733
2013-03-20 00:00:00;2013;3;20;0;-4.423;0.26;82.47;2.401;0.0;0.665;0.674;0.684;0.734
2013-03-20 01:00:00;2013;3;20;1;-4.462;-0.39;84.262;2.46;0.0;0.663;0.675;0.683;0.733
2013-03-20 02:00:00;2013;3;20;2;-3.748;-0.229;82.632;2.914;0.0;0.663;0.674;0.684;0.733
2013-03-20 03:00:00;2013;3;20;3;-3.423;0.033;82.08;3.144;0.0;0.666;0.674;0.684;0.734
2013-03-20 04:00:00;2013;3;20;4;-2.421;0.844;80.304;4.29;0.0;0.666;0.674;0.684;0.734
2013-03-20 05:00:00;2013;3;20;5;-1.186;0.857;81.164;4.715;0.0;0.667;0.674;0.684;0.734
2013-03-20 06:00:00;2013;3;20;6;11.328;0.678;80.747;5.096;0.0;0.668;0.674;0.684;0.732
2013-03-20 07:00:00;2013;3;20;7;40.507;0.649;78.833;4.84;0.0;0.667;0.675;0.684;0.733
2013-03-20 08:00:00;2013;3;20;8;79.111;0.807;76.872;5.181;0.0;0.668;0.675;0.684;0.733
2013-03-20 09:00:00;2013;3;20;9;118.54;1.393;75.377;5.559;0.0;0.668;0.675;0.684;0.733
2013-03-20 10:00:00;2013;3;20;10;92.51;1.554;76.693;5.123;0.02;0.668;0.675;0.684;0.733
2013-03-20 11:00:00;2013;3;20;11;125.672;1.74;78.479;5.142;0.0;0.668;0.674;0.684;0.732
2013-03-20 12:00:00;2013;3;20;12;118.427;1.173;84.27;4.927;0.12;0.668;0.674;0.684;0.731
2013-03-20 13:00:00;2013;3;20;13;130.303;1.141;83.632;4.862;0.05;0.666;0.673;0.684;0.732
2013-03-20 14:00:00;2013;3;20;14;134.267;1.552;80.474;3.964;0.01;0.666;0.674;0.684;0.733
2013-03-20 15:00:00;2013;3;20;15;134.0;2.048;73.245;4.3;0.0;0.666;0.673;0.684;0.732
2013-03-20 16:00:00;2013;3;20;16;45.538;2.063;71.142;3.405;0.0;0.666;0.674;0.684;0.732
2013-03-20 17:00:00;2013;3;20;17;5.492;1.406;74.179;4.321;0.0;0.666;0.673;0.683;0.732
2013-03-20 18:00:00;2013;3;20;18;-2.339;0.981;74.197;3.646;0.0;0.667;0.673;0.684;0.73
2013-03-20 19:00:00;2013;3;20;19;-2.479;0.767;73.653;3.436;0.0;0.665;0.673;0.684;0.729
2013-03-20 20:00:00;2013;3;20;20;-2.363;0.637;72.765;3.536;0.0;0.666;0.673;0.684;0.729
2013-03-20 21:00:00;2013;3;20;21;-2.509;0.393;73.988;3.126;0.0;0.664;0.672;0.683;0.73
2013-03-20 22:00:00;2013;3;20;22;-2.596;0.272;74.46;2.586;0.0;0.662;0.672;0.683;0.73
2013-03-20 23:00:00;2013;3;20;23;-2.781;0.193;76.031;2.385;0.0;0.662;0.673;0.683;0.731
2013-03-21 00:00:00;2013;3;21;0;-2.53;0.201;74.157;3.111;0.01;0.662;0.673;0.683;0.729
2013-03-21 01:00:00;2013;3;21;1;-3.526;-0.297;74.852;1.846;0.0;0.663;0.672;0.683;0.73
2013-03-21 02:00:00;2013;3;21;2;-3.842;-0.934;79.81;1.531;0.0;0.663;0.672;0.683;0.73
2013-03-21 03:00:00;2013;3;21;3;-3.586;-0.812;79.609;1.636;0.0;0.662;0.672;0.683;0.729
2013-03-21 04:00:00;2013;3;21;4;-3.488;-0.957;80.095;2.46;0.0;0.66;0.672;0.682;0.729
2013-03-21 05:00:00;2013;3;21;5;-0.712;-1.482;82.595;2.762;0.0;0.66;0.671;0.682;0.729
2013-03-21 06:00:00;2013;3;21;6;74.541;-1.939;86.048;2.037;0.0;0.658;0.671;0.682;0.728
2013-03-21 07:00:00;2013;3;21;7;233.084;0.174;79.367;1.593;0.0;0.661;0.671;0.683;0.726
2013-03-21 08:00:00;2013;3;21;8;340.966;1.702;69.95;1.827;0.0;0.661;0.671;0.683;0.726
2013-03-21 09:00:00;2013;3;21;9;397.699;2.408;63.934;1.896;0.0;0.661;0.671;0.683;0.726
2013-03-21 10:00:00;2013;3;21;10;370.158;3.028;59.481;1.865;0.0;0.664;0.672;0.683;0.727
2013-03-21 11:00:00;2013;3;21;11;334.826;3.38;61.768;2.861;0.0;0.665;0.672;0.683;0.729
2013-03-21 12:00:00;2013;3;21;12;380.61;3.711;56.717;2.897;0.0;0.663;0.672;0.683;0.729
2013-03-21 13:00:00;2013;3;21;13;437.174;4.5;52.954;2.286;0.0;0.661;0.671;0.683;0.728
2013-03-21 14:00:00;2013;3;21;14;133.739;4.034;56.891;2.742;0.0;0.66;0.671;0.683;0.728
2013-03-21 15:00:00;2013;3;21;15;121.089;3.891;55.955;2.403;0.0;0.66;0.672;0.683;0.728
2013-03-21 16:00:00;2013;3;21;16;62.81;3.224;61.984;2.55;0.0;0.659;0.672;0.683;0.728
2013-03-21 17:00:00;2013;3;21;17;17.281;2.245;69.112;3.665;0.0;0.658;0.672;0.683;0.727
2013-03-21 18:00:00;2013;3;21;18;-4.348;0.615;75.546;2.467;0.0;0.658;0.671;0.683;0.725
2013-03-21 19:00:00;2013;3;21;19;-4.626;-0.822;80.627;2.458;0.0;0.657;0.671;0.683;0.725
2013-03-21 20:00:00;2013;3;21;20;-4.82;-2.232;84.21;2.135;0.0;0.655;0.671;0.682;0.727
2013-03-21 21:00:00;2013;3;21;21;-4.377;-2.866;86.412;2.921;0.0;0.653;0.671;0.682;0.729
2013-03-21 22:00:00;2013;3;21;22;-3.993;-2.431;88.093;3.491;0.0;0.652;0.67;0.682;0.728
2013-03-21 23:00:00;2013;3;21;23;-3.953;-2.15;87.885;3.632;0.0;0.653;0.668;0.682;0.725
2013-03-22 00:00:00;2013;3;22;0;-3.914;-2.236;88.72;3.595;0.0;0.652;0.668;0.683;0.724
2013-03-22 01:00:00;2013;3;22;1;-3.997;-2.761;89.717;3.71;0.0;0.652;0.667;0.682;0.725
2013-03-22 02:00:00;2013;3;22;2;-3.792;-2.962;90.312;4.359;0.0;0.651;0.666;0.682;0.725
2013-03-22 03:00:00;2013;3;22;3;-3.789;-3.182;90.405;4.219;0.0;0.65;0.666;0.682;0.725
2013-03-22 04:00:00;2013;3;22;4;-3.882;-3.633;90.952;3.843;0.0;0.65;0.665;0.682;0.724
2013-03-22 05:00:00;2013;3;22;5;1.055;-3.645;90.552;4.091;0.0;0.65;0.665;0.683;0.721
2013-03-22 06:00:00;2013;3;22;6;71.21;-2.18;87.248;4.34;0.0;0.65;0.665;0.683;0.721
2013-03-22 07:00:00;2013;3;22;7;215.312;-0.67;83.834;4.716;0.0;0.65;0.665;0.683;0.722
2013-03-22 08:00:00;2013;3;22;8;368.4;1.012;74.813;6.554;0.0;0.65;0.665;0.683;0.721
2013-03-22 09:00:00;2013;3;22;9;489.827;1.854;70.076;8.27;0.0;0.65;0.665;0.683;0.719
2013-03-22 10:00:00;2013;3;22;10;500.426;2.704;63.468;8.303;0.0;0.652;0.666;0.683;0.72
2013-03-22 11:00:00;2013;3;22;11;431.663;2.94;61.664;8.348;0.0;0.652;0.667;0.683;0.719
2013-03-22 12:00:00;2013;3;22;12;475.04;3.177;60.995;8.78;0.0;0.651;0.667;0.683;0.719
2013-03-22 13:00:00;2013;3;22;13;278.9;2.723;60.817;8.796;0.0;0.649;0.667;0.683;0.719
2013-03-22 14:00:00;2013;3;22;14;325.556;2.915;60.169;8.238;0.0;0.649;0.667;0.683;0.719
2013-03-22 15:00:00;2013;3;22;15;123.495;2.199;61.228;8.436;0.0;0.648;0.667;0.682;0.721
2013-03-22 16:00:00;2013;3;22;16;47.304;1.723;62.421;7.956;0.0;0.648;0.668;0.682;0.722
2013-03-22 17:00:00;2013;3;22;17;9.486;1.265;63.767;7.09;0.0;0.647;0.668;0.681;0.724
2013-03-22 18:00:00;2013;3;22;18;-2.556;1.033;62.891;7.865;0.0;0.647;0.667;0.683;0.719
2013-03-22 19:00:00;2013;3;22;19;-2.617;0.887;61.972;8.883;0.0;0.646;0.667;0.683;0.719
2013-03-22 20:00:00;2013;3;22;20;-2.731;0.476;63.21;8.544;0.0;0.646;0.667;0.683;0.721
2013-03-22 21:00:00;2013;3;22;21;-2.663;-0.031;64.418;8.183;0.0;0.645;0.666;0.682;0.722
2013-03-22 22:00:00;2013;3;22;22;-2.682;-0.212;64.016;8.207;0.0;0.645;0.665;0.682;0.722
2013-03-22 23:00:00;2013;3;22;23;-2.538;-0.233;63.487;9.23;0.0;0.645;0.664;0.682;0.721
2013-03-23 00:00:00;2013;3;23;0;-2.452;-0.198;62.903;8.465;0.0;0.645;0.664;0.682;0.722
2013-03-23 01:00:00;2013;3;23;1;-2.475;-0.207;64.062;7.872;0.0;0.644;0.663;0.683;0.721
2013-03-23 02:00:00;2013;3;23;2;-2.542;-0.229;65.459;8.067;0.0;0.644;0.663;0.682;0.721
2013-03-23 03:00:00;2013;3;23;3;-2.494;-0.416;67.054;8.045;0.0;0.644;0.662;0.682;0.721
2013-03-23 04:00:00;2013;3;23;4;-2.413;-0.726;67.623;8.191;0.0;0.643;0.662;0.682;0.721
2013-03-23 05:00:00;2013;3;23;5;0.768;-0.898;65.64;9.409;0.0;0.643;0.662;0.682;0.722
2013-03-23 06:00:00;2013;3;23;6;38.567;-1.09;62.339;10.541;0.0;0.642;0.662;0.682;0.721
2013-03-23 07:00:00;2013;3;23;7;116.859;-1.119;60.59;9.808;0.0;0.641;0.662;0.681;0.722
2013-03-23 08:00:00;2013;3;23;8;164.637;-0.306;58.986;9.932;0.0;0.641;0.662;0.683;0.721
2013-03-23 09:00:00;2013;3;23;9;263.644;-0.361;58.621;10.589;0.0;0.641;0.662;0.683;0.72
2013-03-23 10:00:00;2013;3;23;10;306.328;-0.119;56.905;9.927;0.0;0.641;0.662;0.682;0.72
2013-03-23 11:00:00;2013;3;23;11;360.464;0.665;55.41;9.19;0.0;0.641;0.661;0.682;0.72
2013-03-23 12:00:00;2013;3;23;12;485.238;1.177;53.94;10.06;0.0;0.641;0.66;0.682;0.72
2013-03-23 13:00:00;2013;3;23;13;308.136;0.997;52.384;10.032;0.0;0.64;0.66;0.682;0.721
2013-03-23 14:00:00;2013;3;23;14;156.213;0.709;50.553;9.442;0.0;0.641;0.66;0.682;0.722
2013-03-23 15:00:00;2013;3;23;15;115.441;0.759;47.4;8.737;0.0;0.64;0.66;0.682;0.723
2013-03-23 16:00:00;2013;3;23;16;66.751;0.381;43.871;9.695;0.0;0.64;0.659;0.682;0.723
2013-03-23 17:00:00;2013;3;23;17;14.856;-0.282;43.331;8.971;0.0;0.639;0.66;0.681;0.723
2013-03-23 18:00:00;2013;3;23;18;-2.098;-0.903;43.295;8.681;0.0;0.638;0.659;0.682;0.722
2013-03-23 19:00:00;2013;3;23;19;-2.371;-1.295;43.368;8.657;0.0;0.638;0.659;0.682;0.722
2013-03-23 20:00:00;2013;3;23;20;-2.421;-1.704;43.691;9.088;0.0;0.638;0.659;0.682;0.724
2013-03-23 21:00:00;2013;3;23;21;-2.369;-2.108;43.849;9.63;0.0;0.638;0.658;0.682;0.725
2013-03-23 22:00:00;2013;3;23;22;-2.463;-2.491;44.385;8.833;0.0;0.637;0.659;0.681;0.726
2013-03-23 23:00:00;2013;3;23;23;-2.43;-2.745;43.998;8.725;0.0;0.637;0.658;0.682;0.727
2013-03-24 00:00:00;2013;3;24;0;-2.35;-3.049;44.401;8.019;0.0;0.637;0.658;0.681;0.728
2013-03-24 01:00:00;2013;3;24;1;-2.504;-3.473;44.89;8.839;0.0;0.637;0.658;0.681;0.728
2013-03-24 02:00:00;2013;3;24;2;-2.438;-3.777;44.908;8.678;0.0;0.637;0.658;0.681;0.728
2013-03-24 03:00:00;2013;3;24;3;-2.2;-3.857;43.574;8.729;0.0;0.636;0.658;0.681;0.728
2013-03-24 04:00:00;2013;3;24;4;-2.141;-3.892;41.475;8.71;0.0;0.636;0.657;0.681;0.729
2013-03-24 05:00:00;2013;3;24;5;1.321;-3.873;36.739;8.97;0.0;0.636;0.657;0.681;0.728
2013-03-24 06:00:00;2013;3;24;6;27.046;-3.739;34.3;9.142;0.0;0.635;0.658;0.681;0.729
2013-03-24 07:00:00;2013;3;24;7;74.279;-3.286;30.849;8.521;0.0;0.634;0.657;0.68;0.731
2013-03-24 08:00:00;2013;3;24;8;162.501;-2.582;27.36;9.857;0.0;0.634;0.657;0.68;0.731
2013-03-24 09:00:00;2013;3;24;9;229.842;-1.646;25.123;10.022;0.0;0.633;0.658;0.68;0.731
2013-03-24 10:00:00;2013;3;24;10;255.927;-0.587;23.514;9.732;0.0;0.633;0.658;0.681;0.73
2013-03-24 11:00:00;2013;3;24;11;294.548;0.492;22.465;10.151;0.0;0.633;0.659;0.681;0.73
2013-03-24 12:00:00;2013;3;24;12;310.045;1.362;22.387;9.585;0.0;0.632;0.659;0.681;0.73
2013-03-24 13:00:00;2013;3;24;13;318.686;2.038;22.212;10.366;0.0;0.632;0.658;0.681;0.73
2013-03-24 14:00:00;2013;3;24;14;169.882;2.051;22.599;10.3;0.0;0.632;0.658;0.681;0.73
2013-03-24 15:00:00;2013;3;24;15;92.387;1.886;23.535;9.574;0.0;0.631;0.657;0.681;0.73
2013-03-24 16:00:00;2013;3;24;16;58.798;1.719;25.503;8.889;0.0;0.631;0.657;0.681;0.731
2013-03-24 17:00:00;2013;3;24;17;16.722;1.244;27.134;9.383;0.0;0.631;0.656;0.681;0.731
2013-03-24 18:00:00;2013;3;24;18;-2.283;0.741;29.485;8.852;0.0;0.63;0.657;0.681;0.731
2013-03-24 19:00:00;2013;3;24;19;-2.771;0.169;34.12;8.494;0.0;0.63;0.657;0.681;0.731
2013-03-24 20:00:00;2013;3;24;20;-2.648;-0.154;36.223;8.227;0.0;0.629;0.656;0.681;0.731
2013-03-24 21:00:00;2013;3;24;21;-2.76;-0.575;37.665;8.348;0.0;0.629;0.656;0.68;0.731
2013-03-24 22:00:00;2013;3;24;22;-2.567;-0.716;39.11;7.834;0.0;0.629;0.655;0.681;0.732
2013-03-24 23:00:00;2013;3;24;23;-2.68;-1.061;42.259;8.017;0.0;0.629;0.655;0.681;0.732
2013-03-25 00:00:00;2013;3;25;0;-3.026;-1.617;45.544;8.165;0.0;0.628;0.654;0.68;0.732
2013-03-25 01:00:00;2013;3;25;1;-3.129;-2.097;48.373;6.941;0.0;0.628;0.653;0.68;0.731
2013-03-25 02:00:00;2013;3;25;2;-2.689;-2.212;49.889;7.123;0.0;0.628;0.653;0.68;0.731
2013-03-25 03:00:00;2013;3;25;3;-2.632;-2.411;49.729;7.657;0.0;0.627;0.652;0.68;0.732
2013-03-25 04:00:00;2013;3;25;4;-2.768;-2.73;50.759;7.34;0.0;0.628;0.653;0.681;0.731
2013-03-25 05:00:00;2013;3;25;5;3.454;-2.835;52.057;7.617;0.0;0.627;0.653;0.681;0.731
2013-03-25 06:00:00;2013;3;25;6;48.047;-2.776;52.166;7.713;0.0;0.627;0.653;0.681;0.731
2013-03-25 07:00:00;2013;3;25;7;167.28;-2.291;50.689;7.797;0.0;0.627;0.653;0.681;0.731
2013-03-25 08:00:00;2013;3;25;8;378.89;-0.985;46.869;7.883;0.0;0.627;0.652;0.681;0.732
2013-03-25 09:00:00;2013;3;25;9;577.565;0.258;42.21;8.423;0.0;0.626;0.652;0.681;0.731
2013-03-25 10:00:00;2013;3;25;10;640.739;1.281;38.998;8.374;0.0;0.626;0.652;0.681;0.732
2013-03-25 11:00:00;2013;3;25;11;688.157;2.545;33.559;9.155;0.0;0.626;0.651;0.681;0.732
2013-03-25 12:00:00;2013;3;25;12;606.983;3.183;32.351;9.124;0.0;0.626;0.65;0.68;0.732
2013-03-25 13:00:00;2013;3;25;13;607.343;3.829;30.429;9.522;0.0;0.625;0.65;0.681;0.732
2013-03-25 14:00:00;2013;3;25;14;324.7;3.295;31.159;9.33;0.0;0.625;0.649;0.681;0.733
2013-03-25 15:00:00;2013;3;25;15;202.084;3.064;32.726;8.687;0.0;0.625;0.648;0.681;0.733
2013-03-25 16:00:00;2013;3;25;16;110.803;2.512;34.634;8.292;0.0;0.624;0.648;0.68;0.733
2013-03-25 17:00:00;2013;3;25;17;24.657;1.775;35.815;8.171;0.0;0.624;0.648;0.68;0.733
2013-03-25 18:00:00;2013;3;25;18;-2.732;0.933;40.609;7.038;0.0;0.623;0.648;0.68;0.733
2013-03-25 19:00:00;2013;3;25;19;-3.052;0.698;40.158;7.901;0.0;0.623;0.647;0.68;0.733
2013-03-25 20:00:00;2013;3;25;20;-3.375;0.141;44.121;7.215;0.0;0.623;0.648;0.68;0.733
2013-03-25 21:00:00;2013;3;25;21;-3.17;-0.611;48.04;6.581;0.0;0.622;0.647;0.68;0.733
2013-03-25 22:00:00;2013;3;25;22;-3.282;-1.066;50.497;5.944;0.0;0.621;0.648;0.681;0.734
2013-03-25 23:00:00;2013;3;25;23;-3.419;-1.577;52.295;6.347;0.0;0.621;0.648;0.681;0.735
2013-03-26 00:00:00;2013;3;26;0;-3.583;-2.169;54.472;6.046;0.01;0.622;0.647;0.68;0.734
2013-03-26 01:00:00;2013;3;26;1;-3.587;-2.468;55.157;6.103;0.0;0.621;0.647;0.68;0.734
2013-03-26 02:00:00;2013;3;26;2;-3.601;-2.752;55.386;6.157;0.0;0.621;0.647;0.68;0.734
2013-03-26 03:00:00;2013;3;26;3;-3.592;-3.42;58.417;4.981;0.0;0.621;0.647;0.679;0.735
2013-03-26 04:00:00;2013;3;26;4;-3.245;-3.671;60.105;5.079;0.0;0.62;0.646;0.679;0.735
2013-03-26 05:00:00;2013;3;26;5;6.536;-3.65;60.99;5.55;0.0;0.62;0.647;0.679;0.735
2013-03-26 06:00:00;2013;3;26;6;113.933;-3.082;59.564;6.909;0.0;0.62;0.647;0.68;0.735
2013-03-26 07:00:00;2013;3;26;7;297.237;-1.774;54.624;7.711;0.0;0.62;0.646;0.681;0.736
2013-03-26 08:00:00;2013;3;26;8;446.829;-0.648;49.391;8.247;0.0;0.62;0.647;0.681;0.737
2013-03-26 09:00:00;2013;3;26;9;553.588;0.593;43.985;8.309;0.0;0.619;0.646;0.681;0.737
2013-03-26 10:00:00;2013;3;26;10;649.765;1.941;38.445;8.676;0.0;0.619;0.647;0.681;0.737
2013-03-26 11:00:00;2013;3;26;11;688.039;2.937;33.97;8.673;0.0;0.619;0.646;0.681;0.737
2013-03-26 12:00:00;2013;3;26;12;671.377;3.738;33.035;8.465;0.0;0.618;0.646;0.681;0.738
2013-03-26 13:00:00;2013;3;26;13;603.962;4.279;31.403;8.048;0.0;0.618;0.646;0.681;0.737
2013-03-26 14:00:00;2013;3;26;14;496.429;4.529;31.521;8.285;0.0;0.619;0.646;0.68;0.735
2013-03-26 15:00:00;2013;3;26;15;353.245;4.435;32.702;7.485;0.0;0.619;0.646;0.681;0.734
2013-03-26 16:00:00;2013;3;26;16;190.112;3.777;34.211;6.948;0.0;0.618;0.646;0.681;0.734
2013-03-26 17:00:00;2013;3;26;17;44.757;2.659;36.447;6.648;0.0;0.618;0.647;0.68;0.735
2013-03-26 18:00:00;2013;3;26;18;-3.187;1.417;40.972;5.268;0.0;0.617;0.645;0.68;0.735
2013-03-26 19:00:00;2013;3;26;19;-4.03;-0.249;48.542;4.31;0.0;0.616;0.645;0.681;0.736
2013-03-26 20:00:00;2013;3;26;20;-3.818;-0.189;48.782;4.917;0.0;0.616;0.646;0.68;0.735
2013-03-26 21:00:00;2013;3;26;21;-3.897;-0.747;52.25;5.099;0.0;0.616;0.647;0.68;0.734
2013-03-26 22:00:00;2013;3;26;22;-3.767;-1.075;55.037;5.085;0.0;0.615;0.645;0.68;0.734
2013-03-26 23:00:00;2013;3;26;23;-3.858;-1.516;57.41;4.668;0.0;0.615;0.644;0.68;0.734
2013-03-27 00:00:00;2013;3;27;0;-3.899;-2.256;61.47;4.289;0.0;0.614;0.644;0.68;0.735
2013-03-27 01:00:00;2013;3;27;1;-3.986;-3.454;67.476;3.677;0.0;0.613;0.646;0.679;0.734
2013-03-27 02:00:00;2013;3;27;2;-3.833;-3.522;68.715;3.826;0.0;0.612;0.646;0.679;0.734
2013-03-27 03:00:00;2013;3;27;3;-3.785;-3.901;71.173;4.115;0.0;0.612;0.646;0.679;0.734
2013-03-27 04:00:00;2013;3;27;4;-3.674;-3.898;70.891;4.516;0.0;0.612;0.645;0.679;0.734
2013-03-27 05:00:00;2013;3;27;5;9.28;-4.091;71.297;4.376;0.0;0.613;0.645;0.68;0.736
2013-03-27 06:00:00;2013;3;27;6;122.657;-3.285;68.438;4.312;0.0;0.612;0.645;0.68;0.735
2013-03-27 07:00:00;2013;3;27;7;287.648;-1.498;58.916;5.299;0.0;0.613;0.645;0.681;0.735
2013-03-27 08:00:00;2013;3;27;8;440.938;0.042;51.073;5.66;0.0;0.613;0.645;0.681;0.735
2013-03-27 09:00:00;2013;3;27;9;562.309;1.053;47.469;6.028;0.0;0.612;0.645;0.68;0.735
2013-03-27 10:00:00;2013;3;27;10;647.049;2.133;44.346;6.016;0.0;0.612;0.644;0.681;0.735
2013-03-27 11:00:00;2013;3;27;11;682.061;3.222;39.818;6.491;0.0;0.612;0.644;0.681;0.735
2013-03-27 12:00:00;2013;3;27;12;665.685;4.468;35.666;6.36;0.0;0.612;0.643;0.681;0.735
2013-03-27 13:00:00;2013;3;27;13;601.432;5.231;32.259;6.856;0.0;0.612;0.643;0.681;0.735
2013-03-27 14:00:00;2013;3;27;14;495.475;5.417;29.289;7.035;0.0;0.613;0.643;0.68;0.734
2013-03-27 15:00:00;2013;3;27;15;351.376;5.384;29.19;6.558;0.0;0.613;0.644;0.68;0.735
2013-03-27 16:00:00;2013;3;27;16;189.907;4.694;33.235;6.658;0.0;0.612;0.644;0.68;0.734
2013-03-27 17:00:00;2013;3;27;17;52.043;3.707;37.925;5.359;0.0;0.611;0.644;0.68;0.733
2013-03-27 18:00:00;2013;3;27;18;-2.821;1.928;44.263;3.996;0.0;0.61;0.645;0.681;0.733
2013-03-27 19:00:00;2013;3;27;19;-3.939;0.936;47.268;4.259;0.0;0.609;0.645;0.681;0.734
2013-03-27 20:00:00;2013;3;27;20;-3.834;1.201;44.637;4.717;0.0;0.61;0.645;0.68;0.733
2013-03-27 21:00:00;2013;3;27;21;-3.734;0.784;46.447;5.315;0.0;0.609;0.645;0.68;0.733
2013-03-27 22:00:00;2013;3;27;22;-3.744;0.367;48.707;5.287;0.0;0.608;0.645;0.68;0.732
2013-03-27 23:00:00;2013;3;27;23;-3.963;-0.733;53.163;4.195;0.0;0.608;0.644;0.68;0.732
2013-03-28 00:00:00;2013;3;28;0;-4.257;-3.149;63.128;3.17;0.01;0.607;0.644;0.68;0.733
2013-03-28 01:00:00;2013;3;28;1;-3.833;-3.122;64.251;3.721;0.0;0.607;0.645;0.68;0.733
2013-03-28 02:00:00;2013;3;28;2;-3.833;-3.607;64.79;3.612;0.0;0.607;0.643;0.68;0.733
2013-03-28 03:00:00;2013;3;28;3;-3.784;-3.884;68.437;3.949;0.0;0.606;0.643;0.68;0.732
2013-03-28 04:00:00;2013;3;28;4;-3.691;-3.946;70.806;3.901;0.0;0.606;0.643;0.679;0.733
2013-03-28 05:00:00;2013;3;28;5;9.255;-3.571;70.628;4.417;0.0;0.605;0.642;0.679;0.733
2013-03-28 06:00:00;2013;3;28;6;101.179;-2.682;68.404;4.532;0.0;0.606;0.642;0.681;0.733
2013-03-28 07:00:00;2013;3;28;7;238.951;-1.274;65.116;5.285;0.0;0.606;0.642;0.681;0.734
2013-03-28 08:00:00;2013;3;28;8;390.519;0.362;60.372;5.555;0.0;0.606;0.642;0.681;0.734
2013-03-28 09:00:00;2013;3;28;9;329.983;1.316;57.823;5.232;0.0;0.605;0.641;0.681;0.734
2013-03-28 10:00:00;2013;3;28;10;376.636;2.357;55.296;4.958;0.0;0.605;0.641;0.681;0.734
2013-03-28 11:00:00;2013;3;28;11;335.319;2.788;53.718;4.723;0.0;0.605;0.641;0.681;0.734
2013-03-28 12:00:00;2013;3;28;12;164.436;2.59;54.717;4.131;0.0;0.605;0.641;0.681;0.734
2013-03-28 13:00:00;2013;3;28;13;109.246;2.379;56.555;4.012;0.0;0.605;0.641;0.681;0.734
2013-03-28 14:00:00;2013;3;28;14;133.557;2.218;58.979;4.559;0.0;0.606;0.643;0.68;0.733
2013-03-28 15:00:00;2013;3;28;15;103.479;1.997;57.696;4.416;0.0;0.605;0.642;0.68;0.733
2013-03-28 16:00:00;2013;3;28;16;59.641;1.675;57.97;4.428;0.0;0.604;0.642;0.681;0.734
2013-03-28 17:00:00;2013;3;28;17;28.057;1.015;60.438;4.416;0.0;0.604;0.642;0.681;0.733
2013-03-28 18:00:00;2013;3;28;18;-2.331;0.053;64.878;3.24;0.0;0.604;0.642;0.681;0.734
2013-03-28 19:00:00;2013;3;28;19;-3.206;-0.39;70.015;2.924;0.0;0.604;0.642;0.681;0.734
2013-03-28 20:00:00;2013;3;28;20;-3.527;-1.04;75.662;3.026;0.0;0.605;0.643;0.68;0.733
2013-03-28 21:00:00;2013;3;28;21;-3.815;-2.034;81.165;2.804;0.0;0.604;0.641;0.679;0.733
2013-03-28 22:00:00;2013;3;28;22;-3.823;-2.668;84.577;2.79;0.0;0.603;0.642;0.681;0.733
2013-03-28 23:00:00;2013;3;28;23;-4.088;-3.745;88.805;2.622;0.0;0.603;0.642;0.681;0.733
2013-03-29 00:00:00;2013;3;29;0;-3.493;-3.3;88.637;2.728;0.01;0.603;0.642;0.68;0.733
2013-03-29 01:00:00;2013;3;29;1;-3.663;-3.0;89.035;2.748;0.0;0.604;0.642;0.68;0.733
2013-03-29 02:00:00;2013;3;29;2;-2.552;-2.604;90.555;3.308;0.0;0.604;0.641;0.68;0.733
2013-03-29 03:00:00;2013;3;29;3;-2.616;-1.869;89.732;2.483;0.0;0.603;0.641;0.68;0.733
2013-03-29 04:00:00;2013;3;29;4;-3.353;-2.057;88.947;2.466;0.0;0.603;0.642;0.68;0.734
2013-03-29 05:00:00;2013;3;29;5;0.926;-2.028;90.977;2.428;0.0;0.602;0.64;0.68;0.734
2013-03-29 06:00:00;2013;3;29;6;16.601;-1.292;89.322;3.102;0.0;0.602;0.641;0.681;0.734
2013-03-29 07:00:00;2013;3;29;7;39.361;-1.049;86.44;3.181;0.0;0.602;0.641;0.681;0.734
2013-03-29 08:00:00;2013;3;29;8;113.169;-0.55;83.902;2.891;0.0;0.602;0.641;0.681;0.734
2013-03-29 09:00:00;2013;3;29;9;77.486;-0.167;78.744;2.203;0.0;0.603;0.64;0.681;0.734
2013-03-29 10:00:00;2013;3;29;10;123.135;0.343;72.565;1.976;0.0;0.603;0.641;0.68;0.733
2013-03-29 11:00:00;2013;3;29;11;141.02;0.603;70.334;2.192;0.0;0.603;0.641;0.681;0.733
2013-03-29 12:00:00;2013;3;29;12;127.271;0.966;66.879;2.133;0.0;0.603;0.641;0.681;0.733
2013-03-29 13:00:00;2013;3;29;13;143.248;1.205;66.469;3.009;0.0;0.603;0.641;0.68;0.734
2013-03-29 14:00:00;2013;3;29;14;200.915;1.624;64.51;2.469;0.0;0.603;0.64;0.681;0.733
2013-03-29 15:00:00;2013;3;29;15;146.752;1.779;60.797;1.156;0.0;0.603;0.64;0.68;0.733
2013-03-29 16:00:00;2013;3;29;16;96.754;1.917;59.877;1.237;0.0;0.603;0.641;0.681;0.733
2013-03-29 17:00:00;2013;3;29;17;12.57;1.372;64.109;0.907;0.0;0.603;0.639;0.68;0.733
2013-03-29 18:00:00;2013;3;29;18;-3.962;0.38;70.282;1.516;0.0;0.602;0.64;0.68;0.733
2013-03-29 19:00:00;2013;3;29;19;-4.221;-0.978;84.403;2.033;0.0;0.601;0.642;0.68;0.733
2013-03-29 20:00:00;2013;3;29;20;-4.932;-1.941;88.375;1.646;0.0;0.601;0.641;0.681;0.733
2013-03-29 21:00:00;2013;3;29;21;-4.951;-2.891;93.967;1.492;0.0;0.6;0.64;0.68;0.733
2013-03-29 22:00:00;2013;3;29;22;-4.677;-3.585;95.68;1.422;0.0;0.6;0.642;0.681;0.733
2013-03-29 23:00:00;2013;3;29;23;-3.944;-3.984;93.323;0.834;0.0;0.6;0.64;0.681;0.733
2013-03-30 00:00:00;2013;3;30;0;-4.096;-3.259;93.458;1.559;0.0;0.601;0.642;0.68;0.733
2013-03-30 01:00:00;2013;3;30;1;-3.691;-2.173;94.773;1.916;0.0;0.6;0.64;0.68;0.733
2013-03-30 02:00:00;2013;3;30;2;-4.201;-1.745;93.987;1.172;0.0;0.6;0.639;0.68;0.733
2013-03-30 03:00:00;2013;3;30;3;-4.109;-2.532;93.527;2.203;0.0;0.599;0.639;0.68;0.733
2013-03-30 04:00:00;2013;3;30;4;-3.603;-2.381;94.358;1.858;0.0;0.599;0.639;0.68;0.733
2013-03-30 05:00:00;2013;3;30;5;10.315;-2.957;94.06;2.095;0.0;0.599;0.64;0.68;0.734
2013-03-30 06:00:00;2013;3;30;6;92.374;-3.189;94.798;1.817;0.0;0.598;0.639;0.679;0.733
2013-03-30 07:00:00;2013;3;30;7;235.244;-1.2;93.728;1.478;0.0;0.598;0.639;0.681;0.733
2013-03-30 08:00:00;2013;3;30;8;311.058;0.247;85.592;3.199;0.0;0.599;0.639;0.681;0.734
2013-03-30 09:00:00;2013;3;30;9;335.378;0.927;77.523;2.799;0.0;0.598;0.639;0.681;0.734
2013-03-30 10:00:00;2013;3;30;10;350.68;2.039;69.442;2.681;0.0;0.599;0.639;0.681;0.734
2013-03-30 11:00:00;2013;3;30;11;156.054;2.194;67.819;4.686;0.0;0.599;0.639;0.681;0.734
2013-03-30 12:00:00;2013;3;30;12;333.152;3.131;57.666;4.691;0.0;0.6;0.64;0.681;0.734
2013-03-30 13:00:00;2013;3;30;13;198.745;3.159;61.958;4.016;0.0;0.6;0.639;0.681;0.734
2013-03-30 14:00:00;2013;3;30;14;111.074;2.637;67.804;3.25;0.0;0.6;0.639;0.681;0.735
2013-03-30 15:00:00;2013;3;30;15;117.784;2.625;69.264;3.582;0.0;0.6;0.639;0.681;0.734
2013-03-30 16:00:00;2013;3;30;16;128.52;2.272;74.275;3.562;0.0;0.6;0.64;0.681;0.734
2013-03-30 17:00:00;2013;3;30;17;16.534;1.474;80.639;4.333;0.0;0.599;0.64;0.681;0.734
2013-03-30 18:00:00;2013;3;30;18;-2.197;1.245;84.499;3.957;0.02;0.6;0.641;0.681;0.734
2013-03-30 19:00:00;2013;3;30;19;-3.099;0.861;89.42;2.775;0.0;0.599;0.641;0.681;0.734
2013-03-30 20:00:00;2013;3;30;20;-3.162;0.413;84.887;2.53;0.0;0.6;0.64;0.681;0.734
2013-03-30 21:00:00;2013;3;30;21;-3.903;-0.166;84.998;2.574;0.0;0.6;0.638;0.681;0.733
2013-03-30 22:00:00;2013;3;30;22;-4.332;-1.943;85.228;2.705;0.01;0.599;0.64;0.68;0.733
2013-03-30 23:00:00;2013;3;30;23;-3.92;-3.481;86.07;3.128;0.0;0.598;0.637;0.68;0.734
2013-03-31 00:00:00;2013;3;31;0;-3.944;-3.89;87.183;2.969;0.01;0.597;0.636;0.679;0.734
2013-03-31 01:00:00;2013;3;31;1;-4.258;-4.264;89.077;2.58;0.0;0.597;0.636;0.68;0.734
2013-03-31 02:00:00;2013;3;31;2;-4.347;-5.152;90.998;2.426;0.0;0.596;0.636;0.679;0.734
2013-03-31 03:00:00;2013;3;31;3;-3.941;-5.04;93.62;2.443;0.0;0.595;0.636;0.679;0.734
2013-03-31 04:00:00;2013;3;31;4;-3.834;-5.44;94.012;2.258;0.0;0.595;0.636;0.679;0.734
2013-03-31 05:00:00;2013;3;31;5;18.221;-5.402;94.393;2.169;0.0;0.595;0.635;0.679;0.733
2013-03-31 06:00:00;2013;3;31;6;154.145;-3.672;93.893;2.359;0.0;0.595;0.635;0.68;0.734
2013-03-31 07:00:00;2013;3;31;7;135.781;-1.383;92.598;2.57;0.0;0.595;0.636;0.68;0.733
2013-03-31 08:00:00;2013;3;31;8;318.284;0.417;87.692;3.175;0.0;0.595;0.635;0.681;0.734
2013-03-31 09:00:00;2013;3;31;9;267.959;1.824;70.987;3.039;0.0;0.595;0.635;0.681;0.734
2013-03-31 10:00:00;2013;3;31;10;340.208;2.294;71.191;3.563;0.0;0.595;0.635;0.681;0.734
2013-03-31 11:00:00;2013;3;31;11;283.665;2.661;68.278;3.989;0.0;0.596;0.635;0.681;0.734
2013-03-31 12:00:00;2013;3;31;12;148.297;2.507;63.428;3.896;0.0;0.596;0.635;0.681;0.734
2013-03-31 13:00:00;2013;3;31;13;119.847;2.141;65.902;3.628;0.0;0.597;0.635;0.68;0.735
2013-03-31 14:00:00;2013;3;31;14;118.365;2.325;63.098;3.976;0.0;0.597;0.635;0.68;0.734
2013-03-31 15:00:00;2013;3;31;15;97.496;2.503;63.112;2.795;0.0;0.596;0.635;0.68;0.735
2013-03-31 16:00:00;2013;3;31;16;37.795;2.19;65.334;1.921;0.0;0.597;0.636;0.68;0.735
2013-03-31 17:00:00;2013;3;31;17;15.211;1.869;66.936;1.955;0.0;0.597;0.635;0.68;0.734
2013-03-31 18:00:00;2013;3;31;18;-2.814;1.236;69.097;2.113;0.0;0.595;0.636;0.681;0.735
2013-03-31 19:00:00;2013;3;31;19;-3.716;0.574;72.827;2.104;0.0;0.595;0.636;0.681;0.735
2013-03-31 20:00:00;2013;3;31;20;-4.923;-1.26;78.324;2.001;0.0;0.594;0.635;0.681;0.735
2013-03-31 21:00:00;2013;3;31;21;-4.803;-2.038;83.715;1.487;0.0;0.594;0.635;0.681;0.735
2013-03-31 22:00:00;2013;3;31;22;-3.984;-3.178;86.263;1.501;0.0;0.594;0.635;0.681;0.734
2013-03-31 23:00:00;2013;3;31;23;-3.136;-2.009;84.493;2.015;0.0;0.593;0.635;0.681;0.734
2013-04-01 00:00:00;2013;4;1;0;-3.121;-1.239;83.688;2.998;0.01;0.594;0.634;0.681;0.734
2013-04-01 01:00:00;2013;4;1;1;-3.879;-1.855;84.623;2.873;0.0;0.594;0.634;0.681;0.734
2013-04-01 02:00:00;2013;4;1;2;-4.277;-3.22;87.297;3.127;0.0;0.593;0.634;0.68;0.734
2013-04-01 03:00:00;2013;4;1;3;-4.219;-3.711;87.0;3.112;0.0;0.593;0.633;0.68;0.734
2013-04-01 04:00:00;2013;4;1;4;-4.31;-4.302;87.357;2.896;0.0;0.592;0.633;0.68;0.734
2013-04-01 05:00:00;2013;4;1;5;18.963;-4.509;89.662;1.05;0.0;0.592;0.633;0.68;0.734
2013-04-01 06:00:00;2013;4;1;6;136.355;-2.871;88.945;1.381;0.0;0.592;0.633;0.68;0.733
2013-04-01 07:00:00;2013;4;1;7;304.034;0.399;78.424;4.04;0.0;0.592;0.633;0.68;0.733
2013-04-01 08:00:00;2013;4;1;8;457.09;2.59;66.765;4.377;0.0;0.592;0.632;0.681;0.733
2013-04-01 09:00:00;2013;4;1;9;536.416;4.2;52.816;5.334;0.0;0.592;0.632;0.681;0.734
2013-04-01 10:00:00;2013;4;1;10;699.652;5.132;45.574;6.475;0.0;0.592;0.632;0.681;0.734
2013-04-01 11:00:00;2013;4;1;11;800.945;5.969;42.114;5.816;0.0;0.592;0.632;0.681;0.735
2013-04-01 12:00:00;2013;4;1;12;687.79;6.052;41.934;5.475;0.0;0.593;0.632;0.681;0.736
2013-04-01 13:00:00;2013;4;1;13;507.766;6.3;38.08;5.393;0.0;0.594;0.633;0.681;0.735
2013-04-01 14:00:00;2013;4;1;14;487.135;6.667;36.089;5.595;0.0;0.593;0.633;0.681;0.735
2013-04-01 15:00:00;2013;4;1;15;338.969;6.473;36.624;5.635;0.0;0.594;0.633;0.681;0.734
2013-04-01 16:00:00;2013;4;1;16;192.23;5.888;36.634;5.295;0.0;0.593;0.634;0.68;0.735
2013-04-01 17:00:00;2013;4;1;17;58.162;4.462;39.168;4.547;0.0;0.593;0.634;0.68;0.734
2013-04-01 18:00:00;2013;4;1;18;-2.275;1.701;47.187;3.157;0.0;0.591;0.634;0.68;0.734
2013-04-01 19:00:00;2013;4;1;19;-4.609;0.46;50.69;2.394;0.0;0.59;0.634;0.681;0.735
2013-04-01 20:00:00;2013;4;1;20;-4.131;-0.504;57.624;3.518;0.0;0.589;0.633;0.681;0.735
2013-04-01 21:00:00;2013;4;1;21;-3.974;-0.085;64.737;4.634;0.0;0.588;0.633;0.682;0.735
2013-04-01 22:00:00;2013;4;1;22;-3.949;0.05;68.316;4.451;0.0;0.588;0.633;0.682;0.735
2013-04-01 23:00:00;2013;4;1;23;-3.875;-0.653;68.555;4.44;0.0;0.587;0.632;0.682;0.735
2013-04-02 00:00:00;2013;4;2;0;-3.94;-1.782;68.426;3.832;0.0;0.587;0.632;0.682;0.735
2013-04-02 01:00:00;2013;4;2;1;-3.853;-2.045;66.997;3.972;0.0;0.587;0.632;0.682;0.735
2013-04-02 02:00:00;2013;4;2;2;-3.849;-2.433;67.326;3.851;0.0;0.587;0.631;0.682;0.735
2013-04-02 03:00:00;2013;4;2;3;-3.873;-3.047;70.178;3.708;0.0;0.586;0.631;0.681;0.735
2013-04-02 04:00:00;2013;4;2;4;-3.528;-3.172;71.174;3.931;0.0;0.586;0.631;0.68;0.734
2013-04-02 05:00:00;2013;4;2;5;26.236;-2.991;71.137;4.188;0.0;0.585;0.631;0.68;0.734
2013-04-02 06:00:00;2013;4;2;6;156.168;-1.186;64.478;4.153;0.0;0.586;0.63;0.682;0.735
2013-04-02 07:00:00;2013;4;2;7;327.998;1.24;53.406;4.77;0.0;0.586;0.629;0.682;0.734
2013-04-02 08:00:00;2013;4;2;8;486.038;3.475;40.182;6.069;0.0;0.586;0.629;0.682;0.735
2013-04-02 09:00:00;2013;4;2;9;611.075;4.706;34.456;8.431;0.0;0.585;0.629;0.682;0.735
2013-04-02 10:00:00;2013;4;2;10;694.128;6.074;30.98;8.546;0.0;0.585;0.628;0.682;0.736
2013-04-02 11:00:00;2013;4;2;11;723.314;6.968;29.357;8.936;0.0;0.585;0.629;0.682;0.736
2013-04-02 12:00:00;2013;4;2;12;708.435;7.411;27.934;8.711;0.0;0.585;0.629;0.682;0.736
2013-04-02 13:00:00;2013;4;2;13;637.653;7.809;27.654;8.001;0.0;0.586;0.628;0.682;0.736
2013-04-02 14:00:00;2013;4;2;14;526.076;7.942;27.373;7.524;0.0;0.585;0.629;0.681;0.736
2013-04-02 15:00:00;2013;4;2;15;381.758;7.723;27.723;6.903;0.0;0.585;0.629;0.682;0.736
2013-04-02 16:00:00;2013;4;2;16;219.635;7.15;29.298;6.964;0.0;0.585;0.629;0.681;0.735
2013-04-02 17:00:00;2013;4;2;17;66.32;5.83;33.537;5.788;0.0;0.585;0.629;0.681;0.735
2013-04-02 18:00:00;2013;4;2;18;-1.735;3.259;42.108;4.149;0.0;0.583;0.629;0.681;0.735
2013-04-02 19:00:00;2013;4;2;19;-4.514;1.062;49.832;3.21;0.0;0.582;0.629;0.682;0.735
2013-04-02 20:00:00;2013;4;2;20;-4.003;0.296;54.179;3.829;0.0;0.582;0.63;0.681;0.734
2013-04-02 21:00:00;2013;4;2;21;-4.003;1.444;55.256;4.443;0.0;0.582;0.631;0.681;0.734
2013-04-02 22:00:00;2013;4;2;22;-4.045;0.254;60.183;4.237;0.0;0.582;0.631;0.682;0.734
2013-04-02 23:00:00;2013;4;2;23;-3.915;-0.813;64.056;4.532;0.0;0.58;0.63;0.682;0.734
2013-04-03 00:00:00;2013;4;3;0;-3.215;-1.486;67.241;3.776;0.0;0.58;0.629;0.682;0.734
2013-04-03 01:00:00;2013;4;3;1;-2.824;-0.234;62.833;3.83;0.0;0.579;0.629;0.682;0.734
2013-04-03 02:00:00;2013;4;3;2;-3.244;-0.52;62.519;4.001;0.0;0.579;0.628;0.682;0.734
2013-04-03 03:00:00;2013;4;3;3;-2.751;-0.402;62.007;4.896;0.0;0.579;0.628;0.682;0.734
2013-04-03 04:00:00;2013;4;3;4;-2.475;0.061;60.914;5.819;0.0;0.579;0.628;0.682;0.733
2013-04-03 05:00:00;2013;4;3;5;13.554;0.384;61.892;6.036;0.0;0.578;0.628;0.682;0.733
2013-04-03 06:00:00;2013;4;3;6;127.11;0.252;61.377;5.784;0.0;0.578;0.627;0.682;0.734
2013-04-03 07:00:00;2013;4;3;7;312.528;1.674;56.069;7.023;0.0;0.578;0.626;0.682;0.734
2013-04-03 08:00:00;2013;4;3;8;472.243;3.112;50.612;8.426;0.0;0.577;0.627;0.682;0.734
2013-04-03 09:00:00;2013;4;3;9;513.339;4.012;47.486;8.437;0.0;0.578;0.626;0.682;0.734
2013-04-03 10:00:00;2013;4;3;10;617.564;4.871;44.935;8.723;0.0;0.577;0.627;0.682;0.734
2013-04-03 11:00:00;2013;4;3;11;677.713;5.931;39.503;8.551;0.0;0.577;0.627;0.682;0.735
2013-04-03 12:00:00;2013;4;3;12;719.796;6.795;36.894;8.19;0.0;0.577;0.627;0.682;0.734
2013-04-03 13:00:00;2013;4;3;13;514.634;7.078;35.997;7.952;0.0;0.578;0.628;0.681;0.735
2013-04-03 14:00:00;2013;4;3;14;417.374;6.936;36.762;7.564;0.0;0.577;0.628;0.681;0.734
2013-04-03 15:00:00;2013;4;3;15;305.114;6.617;37.299;7.603;0.0;0.577;0.627;0.681;0.734
2013-04-03 16:00:00;2013;4;3;16;200.373;5.901;39.446;7.104;0.0;0.576;0.626;0.682;0.734
2013-04-03 17:00:00;2013;4;3;17;32.413;4.628;41.94;6.314;0.0;0.575;0.627;0.681;0.734
2013-04-03 18:00:00;2013;4;3;18;-1.059;3.654;44.781;5.33;0.0;0.574;0.627;0.682;0.734
2013-04-03 19:00:00;2013;4;3;19;-4.275;1.797;53.425;3.145;0.0;0.573;0.626;0.682;0.735
2013-04-03 20:00:00;2013;4;3;20;-4.405;0.407;60.033;2.958;0.0;0.572;0.628;0.681;0.734
2013-04-03 21:00:00;2013;4;3;21;-4.068;-1.32;66.719;2.575;0.0;0.571;0.625;0.682;0.735
2013-04-03 22:00:00;2013;4;3;22;-2.816;-0.757;68.967;2.892;0.0;0.571;0.625;0.682;0.735
2013-04-03 23:00:00;2013;4;3;23;-2.601;0.749;61.09;3.34;0.0;0.571;0.625;0.682;0.734
2013-04-04 00:00:00;2013;4;4;0;-2.667;0.992;60.011;3.739;0.0;0.57;0.625;0.681;0.735
2013-04-04 01:00:00;2013;4;4;1;-2.646;0.837;60.232;4.956;0.0;0.57;0.625;0.681;0.734
2013-04-04 02:00:00;2013;4;4;2;-2.607;0.885;59.992;5.317;0.0;0.57;0.624;0.682;0.734
2013-04-04 03:00:00;2013;4;4;3;-2.633;0.872;60.405;4.801;0.0;0.569;0.624;0.682;0.734
2013-04-04 04:00:00;2013;4;4;4;-2.588;0.912;60.965;5.712;0.0;0.568;0.623;0.683;0.734
2013-04-04 05:00:00;2013;4;4;5;0.802;0.949;62.518;5.39;0.0;0.568;0.624;0.682;0.735
2013-04-04 06:00:00;2013;4;4;6;19.461;1.129;63.557;5.575;0.0;0.568;0.624;0.681;0.734
2013-04-04 07:00:00;2013;4;4;7;103.461;1.804;62.526;5.94;0.0;0.567;0.623;0.683;0.734
2013-04-04 08:00:00;2013;4;4;8;149.595;2.346;60.856;6.799;0.0;0.567;0.623;0.683;0.735
2013-04-04 09:00:00;2013;4;4;9;91.108;2.305;61.816;5.809;0.0;0.567;0.623;0.683;0.735
2013-04-04 10:00:00;2013;4;4;10;90.046;2.68;60.845;5.765;0.0;0.567;0.623;0.682;0.735
2013-04-04 11:00:00;2013;4;4;11;241.914;3.53;58.05;6.849;0.0;0.567;0.622;0.682;0.735
2013-04-04 12:00:00;2013;4;4;12;134.304;4.213;55.497;5.914;0.0;0.567;0.622;0.682;0.735
2013-04-04 13:00:00;2013;4;4;13;85.554;4.096;55.396;5.204;0.0;0.567;0.622;0.682;0.735
2013-04-04 14:00:00;2013;4;4;14;74.268;4.175;55.398;5.457;0.0;0.567;0.622;0.682;0.735
2013-04-04 15:00:00;2013;4;4;15;51.252;4.264;56.054;5.012;0.0;0.567;0.622;0.682;0.735
2013-04-04 16:00:00;2013;4;4;16;71.115;4.651;56.115;5.275;0.0;0.566;0.622;0.682;0.735
2013-04-04 17:00:00;2013;4;4;17;28.537;4.674;56.465;4.845;0.0;0.566;0.621;0.682;0.735
2013-04-04 18:00:00;2013;4;4;18;-0.632;4.214;58.781;3.404;0.0;0.566;0.621;0.682;0.735
2013-04-04 19:00:00;2013;4;4;19;-3.253;3.566;62.399;2.956;0.0;0.566;0.621;0.682;0.735
2013-04-04 20:00:00;2013;4;4;20;-2.773;4.29;59.059;5.421;0.0;0.565;0.621;0.682;0.735
2013-04-04 21:00:00;2013;4;4;21;-2.798;3.918;60.06;5.931;0.0;0.565;0.621;0.682;0.735
2013-04-04 22:00:00;2013;4;4;22;-2.805;3.314;62.25;5.486;0.0;0.565;0.621;0.682;0.735
2013-04-04 23:00:00;2013;4;4;23;-2.738;3.074;62.147;5.798;0.0;0.565;0.62;0.682;0.735
2013-04-05 00:00:00;2013;4;5;0;-2.81;2.747;64.268;5.11;0.0;0.565;0.62;0.682;0.734
2013-04-05 01:00:00;2013;4;5;1;-2.738;2.465;66.879;4.698;0.0;0.564;0.62;0.682;0.735
2013-04-05 02:00:00;2013;4;5;2;-2.642;2.454;68.206;4.344;0.0;0.564;0.62;0.682;0.734
2013-04-05 03:00:00;2013;4;5;3;-2.58;2.585;67.353;4.561;0.0;0.564;0.62;0.682;0.734
2013-04-05 04:00:00;2013;4;5;4;-2.478;2.553;66.048;5.064;0.0;0.564;0.62;0.682;0.734
2013-04-05 05:00:00;2013;4;5;5;6.201;1.962;70.154;4.592;0.0;0.562;0.619;0.682;0.734
2013-04-05 06:00:00;2013;4;5;6;43.019;1.622;71.689;4.801;0.0;0.562;0.619;0.682;0.734
2013-04-05 07:00:00;2013;4;5;7;66.999;1.772;70.22;5.946;0.0;0.562;0.619;0.682;0.734
2013-04-05 08:00:00;2013;4;5;8;84.114;1.744;70.29;6.327;0.0;0.563;0.619;0.682;0.734
2013-04-05 09:00:00;2013;4;5;9;220.349;2.99;66.096;5.665;0.0;0.563;0.619;0.682;0.734
2013-04-05 10:00:00;2013;4;5;10;262.143;4.006;63.116;6.112;0.0;0.562;0.619;0.682;0.734
2013-04-05 11:00:00;2013;4;5;11;224.993;4.291;63.262;6.071;0.0;0.562;0.619;0.681;0.734
2013-04-05 12:00:00;2013;4;5;12;369.006;5.266;57.656;5.943;0.0;0.562;0.619;0.681;0.734
2013-04-05 13:00:00;2013;4;5;13;419.711;6.246;52.255;5.64;0.0;0.562;0.619;0.68;0.735
2013-04-05 14:00:00;2013;4;5;14;275.001;6.697;49.05;5.531;0.0;0.562;0.619;0.68;0.734
2013-04-05 15:00:00;2013;4;5;15;133.77;6.761;47.832;4.358;0.0;0.562;0.619;0.68;0.735
2013-04-05 16:00:00;2013;4;5;16;50.689;6.576;47.144;3.917;0.0;0.561;0.619;0.68;0.734
2013-04-05 17:00:00;2013;4;5;17;20.362;6.059;49.821;4.059;0.0;0.56;0.62;0.68;0.734
2013-04-05 18:00:00;2013;4;5;18;-1.156;5.152;55.281;4.446;0.0;0.559;0.62;0.68;0.734
2013-04-05 19:00:00;2013;4;5;19;-2.945;4.468;59.906;4.408;0.0;0.558;0.619;0.681;0.735
2013-04-05 20:00:00;2013;4;5;20;-3.01;3.87;64.076;3.263;0.0;0.558;0.619;0.681;0.735
2013-04-05 21:00:00;2013;4;5;21;-3.158;3.549;66.832;2.589;0.0;0.557;0.619;0.681;0.734
2013-04-05 22:00:00;2013;4;5;22;-2.963;3.389;69.694;3.309;0.0;0.557;0.619;0.681;0.734
2013-04-05 23:00:00;2013;4;5;23;-2.882;3.224;71.835;2.913;0.0;0.557;0.619;0.681;0.734
2013-04-06 00:00:00;2013;4;6;0;-2.837;3.003;74.101;3.415;0.0;0.557;0.619;0.68;0.734
2013-04-06 01:00:00;2013;4;6;1;-2.794;2.792;76.222;3.446;0.0;0.557;0.619;0.681;0.733
2013-04-06 02:00:00;2013;4;6;2;-2.685;2.594;78.026;3.468;0.0;0.556;0.619;0.68;0.733
2013-04-06 03:00:00;2013;4;6;3;-2.725;2.381;78.762;3.969;0.0;0.556;0.619;0.681;0.733
2013-04-06 04:00:00;2013;4;6;4;-2.762;2.079;79.806;3.558;0.0;0.556;0.619;0.681;0.733
2013-04-06 05:00:00;2013;4;6;5;2.555;1.92;78.524;3.848;0.0;0.556;0.618;0.681;0.733
2013-04-06 06:00:00;2013;4;6;6;32.925;2.077;77.922;3.931;0.0;0.555;0.619;0.68;0.734
2013-04-06 07:00:00;2013;4;6;7;102.202;2.57;74.81;4.094;0.0;0.554;0.617;0.681;0.733
2013-04-06 08:00:00;2013;4;6;8;176.854;3.265;68.098;5.161;0.0;0.555;0.618;0.681;0.733
2013-04-06 09:00:00;2013;4;6;9;294.872;4.449;57.828;5.48;0.0;0.555;0.618;0.681;0.734
2013-04-06 10:00:00;2013;4;6;10;612.142;5.746;49.248;5.287;0.0;0.554;0.617;0.681;0.734
2013-04-06 11:00:00;2013;4;6;11;706.531;7.108;40.493;5.615;0.0;0.554;0.617;0.681;0.735
2013-04-06 12:00:00;2013;4;6;12;676.193;8.104;36.286;5.057;0.0;0.554;0.617;0.681;0.735
2013-04-06 13:00:00;2013;4;6;13;239.221;8.026;37.679;4.88;0.0;0.554;0.618;0.68;0.734
2013-04-06 14:00:00;2013;4;6;14;111.922;7.491;40.985;4.959;0.0;0.554;0.619;0.68;0.734
2013-04-06 15:00:00;2013;4;6;15;150.687;7.662;42.993;4.632;0.0;0.553;0.619;0.68;0.735
2013-04-06 16:00:00;2013;4;6;16;117.004;7.39;44.017;5.072;0.0;0.553;0.619;0.68;0.735
2013-04-06 17:00:00;2013;4;6;17;38.408;6.732;46.375;4.804;0.0;0.552;0.619;0.68;0.735
2013-04-06 18:00:00;2013;4;6;18;0.628;5.374;50.438;4.487;0.0;0.55;0.619;0.68;0.735
2013-04-06 19:00:00;2013;4;6;19;-3.857;3.734;55.847;4.038;0.0;0.549;0.618;0.681;0.736
2013-04-06 20:00:00;2013;4;6;20;-4.531;0.367;67.395;3.142;0.0;0.548;0.618;0.681;0.736
2013-04-06 21:00:00;2013;4;6;21;-4.471;-0.393;72.304;2.657;0.0;0.548;0.618;0.68;0.735
2013-04-06 22:00:00;2013;4;6;22;-4.273;-1.476;77.643;2.763;0.0;0.546;0.619;0.68;0.735
2013-04-06 23:00:00;2013;4;6;23;-4.212;-1.381;81.377;2.441;0.0;0.546;0.618;0.68;0.736
2013-04-07 00:00:00;2013;4;7;0;-4.763;-2.163;84.052;1.986;0.0;0.545;0.618;0.68;0.734
2013-04-07 01:00:00;2013;4;7;1;-4.652;-2.669;91.288;2.108;0.0;0.544;0.617;0.68;0.734
2013-04-07 02:00:00;2013;4;7;2;-3.825;-4.064;91.542;1.335;0.0;0.543;0.617;0.68;0.734
2013-04-07 03:00:00;2013;4;7;3;-3.1;-1.17;96.577;2.129;0.0;0.544;0.616;0.681;0.734
2013-04-07 04:00:00;2013;4;7;4;-2.883;-0.779;96.837;1.862;0.0;0.544;0.616;0.681;0.734
2013-04-07 05:00:00;2013;4;7;5;12.419;-0.963;96.597;1.284;0.0;0.544;0.615;0.681;0.734
2013-04-07 06:00:00;2013;4;7;6;57.254;-1.091;96.057;1.301;0.0;0.543;0.615;0.68;0.734
2013-04-07 07:00:00;2013;4;7;7;143.345;-0.975;96.298;1.558;0.0;0.543;0.615;0.681;0.734
2013-04-07 08:00:00;2013;4;7;8;403.548;0.015;93.268;1.574;0.0;0.543;0.614;0.681;0.734
2013-04-07 09:00:00;2013;4;7;9;627.757;2.669;78.955;1.241;0.0;0.543;0.614;0.681;0.735
2013-04-07 10:00:00;2013;4;7;10;708.596;5.589;60.188;1.664;0.0;0.543;0.614;0.681;0.736
2013-04-07 11:00:00;2013;4;7;11;748.182;7.541;41.598;2.076;0.0;0.544;0.614;0.681;0.737
2013-04-07 12:00:00;2013;4;7;12;716.69;8.194;37.671;2.259;0.0;0.544;0.614;0.68;0.737
2013-04-07 13:00:00;2013;4;7;13;658.801;8.934;35.112;1.797;0.0;0.544;0.615;0.68;0.737
2013-04-07 14:00:00;2013;4;7;14;519.035;9.369;34.147;1.434;0.0;0.544;0.615;0.68;0.736
2013-04-07 15:00:00;2013;4;7;15;370.771;9.589;33.914;1.72;0.0;0.544;0.615;0.68;0.736
2013-04-07 16:00:00;2013;4;7;16;183.252;9.187;35.146;1.537;0.0;0.543;0.616;0.68;0.736
2013-04-07 17:00:00;2013;4;7;17;62.533;7.553;44.679;3.058;0.0;0.543;0.617;0.68;0.735
2013-04-07 18:00:00;2013;4;7;18;-0.148;5.117;45.241;2.909;0.0;0.542;0.618;0.68;0.735
2013-04-07 19:00:00;2013;4;7;19;-5.55;2.775;52.357;1.668;0.0;0.54;0.618;0.681;0.735
2013-04-07 20:00:00;2013;4;7;20;-4.336;1.038;58.628;2.723;0.0;0.539;0.618;0.681;0.736
2013-04-07 21:00:00;2013;4;7;21;-4.421;-0.529;67.021;2.278;0.0;0.538;0.619;0.681;0.736
2013-04-07 22:00:00;2013;4;7;22;-3.998;-0.984;72.047;2.016;0.0;0.537;0.619;0.681;0.736
2013-04-07 23:00:00;2013;4;7;23;-3.975;0.002;69.087;1.904;0.0;0.537;0.618;0.681;0.736
2013-04-08 00:00:00;2013;4;8;0;-3.46;0.992;68.711;3.715;0.01;0.536;0.618;0.681;0.736
2013-04-08 01:00:00;2013;4;8;1;-3.467;1.11;67.741;3.389;0.0;0.535;0.617;0.681;0.736
2013-04-08 02:00:00;2013;4;8;2;-3.5;0.93;65.636;2.946;0.0;0.535;0.617;0.682;0.736
2013-04-08 03:00:00;2013;4;8;3;-3.863;0.795;65.626;2.261;0.0;0.534;0.616;0.682;0.735
2013-04-08 04:00:00;2013;4;8;4;-3.628;0.621;67.012;2.001;0.0;0.533;0.617;0.681;0.734
2013-04-08 05:00:00;2013;4;8;5;21.45;0.454;69.55;2.567;0.0;0.532;0.615;0.682;0.734
2013-04-08 06:00:00;2013;4;8;6;101.501;1.535;68.684;3.017;0.0;0.532;0.615;0.682;0.734
2013-04-08 07:00:00;2013;4;8;7;213.829;3.115;63.804;3.309;0.0;0.532;0.615;0.682;0.734
2013-04-08 08:00:00;2013;4;8;8;353.791;5.287;55.025;4.188;0.0;0.532;0.615;0.682;0.734
2013-04-08 09:00:00;2013;4;8;9;417.943;7.267;46.892;4.665;0.0;0.532;0.615;0.682;0.734
2013-04-08 10:00:00;2013;4;8;10;571.204;8.448;42.878;5.197;0.0;0.532;0.615;0.682;0.734
2013-04-08 11:00:00;2013;4;8;11;622.495;9.51;38.983;6.098;0.0;0.532;0.615;0.681;0.734
2013-04-08 12:00:00;2013;4;8;12;480.591;10.035;35.551;6.46;0.0;0.533;0.615;0.681;0.734
2013-04-08 13:00:00;2013;4;8;13;337.059;9.973;33.67;6.296;0.0;0.532;0.616;0.681;0.734
2013-04-08 14:00:00;2013;4;8;14;294.267;10.094;33.844;6.152;0.0;0.531;0.616;0.681;0.734
2013-04-08 15:00:00;2013;4;8;15;227.476;10.041;31.521;5.714;0.0;0.53;0.616;0.681;0.734
2013-04-08 16:00:00;2013;4;8;16;148.702;9.719;31.97;5.413;0.0;0.529;0.616;0.681;0.735
2013-04-08 17:00:00;2013;4;8;17;50.595;8.74;34.626;4.33;0.0;0.528;0.616;0.681;0.735
2013-04-08 18:00:00;2013;4;8;18;0.338;7.483;38.303;3.149;0.0;0.527;0.616;0.681;0.735
2013-04-08 19:00:00;2013;4;8;19;-3.743;5.856;44.876;3.089;0.0;0.527;0.616;0.681;0.735
2013-04-08 20:00:00;2013;4;8;20;-4.125;5.802;42.953;3.337;0.0;0.526;0.616;0.681;0.735
2013-04-08 21:00:00;2013;4;8;21;-3.479;6.109;46.601;3.614;0.0;0.525;0.616;0.682;0.735
2013-04-08 22:00:00;2013;4;8;22;-3.391;5.354;63.074;3.462;0.0;0.524;0.616;0.682;0.735
2013-04-08 23:00:00;2013;4;8;23;-3.887;4.08;75.617;2.64;0.0;0.523;0.615;0.682;0.734
2013-04-09 00:00:00;2013;4;9;0;-4.405;3.079;79.919;2.399;0.01;0.523;0.614;0.682;0.734
2013-04-09 01:00:00;2013;4;9;1;-5.031;1.142;86.19;1.477;0.0;0.522;0.614;0.682;0.734
2013-04-09 02:00:00;2013;4;9;2;-4.556;-0.407;91.31;1.704;0.0;0.522;0.614;0.682;0.734
2013-04-09 03:00:00;2013;4;9;3;-3.657;1.594;90.783;2.193;0.0;0.52;0.613;0.682;0.733
2013-04-09 04:00:00;2013;4;9;4;-3.263;2.6;88.712;2.53;0.0;0.52;0.613;0.682;0.733
2013-04-09 05:00:00;2013;4;9;5;28.071;2.011;90.667;2.717;0.0;0.52;0.613;0.682;0.733
2013-04-09 06:00:00;2013;4;9;6;88.998;4.138;86.815;3.34;0.0;0.518;0.612;0.682;0.733
2013-04-09 07:00:00;2013;4;9;7;199.197;5.22;83.465;3.95;0.0;0.518;0.612;0.682;0.733
2013-04-09 08:00:00;2013;4;9;8;295.612;6.412;76.886;4.39;0.0;0.518;0.612;0.682;0.733
2013-04-09 09:00:00;2013;4;9;9;420.179;7.995;69.162;4.494;0.0;0.518;0.612;0.682;0.733
2013-04-09 10:00:00;2013;4;9;10;420.818;9.303;63.549;4.881;0.0;0.519;0.612;0.682;0.734
2013-04-09 11:00:00;2013;4;9;11;343.33;10.115;60.465;4.946;0.0;0.519;0.612;0.682;0.734
2013-04-09 12:00:00;2013;4;9;12;142.27;8.266;78.01;6.644;0.06;0.518;0.613;0.682;0.734
2013-04-09 13:00:00;2013;4;9;13;235.355;8.008;81.729;4.894;0.12;0.518;0.613;0.682;0.734
2013-04-09 14:00:00;2013;4;9;14;222.889;8.32;80.835;3.839;0.1;0.518;0.613;0.682;0.734
2013-04-09 15:00:00;2013;4;9;15;128.503;8.065;83.649;4.19;0.36;0.518;0.614;0.682;0.734
2013-04-09 16:00:00;2013;4;9;16;71.484;7.609;87.122;3.733;0.36;0.518;0.614;0.681;0.735
2013-04-09 17:00:00;2013;4;9;17;24.065;7.741;87.672;3.164;0.01;0.518;0.615;0.681;0.735
2013-04-09 18:00:00;2013;4;9;18;-1.25;7.546;89.36;2.984;0.0;0.518;0.615;0.681;0.735
2013-04-09 19:00:00;2013;4;9;19;-3.84;7.003;90.693;3.082;0.0;0.517;0.615;0.681;0.735
2013-04-09 20:00:00;2013;4;9;20;-3.396;6.963;91.475;2.757;0.0;0.517;0.615;0.681;0.735
2013-04-09 21:00:00;2013;4;9;21;-4.174;6.39;91.103;2.05;0.0;0.516;0.616;0.681;0.735
2013-04-09 22:00:00;2013;4;9;22;-4.226;5.645;92.693;2.092;0.0;0.516;0.616;0.681;0.735
2013-04-09 23:00:00;2013;4;9;23;-5.088;3.702;93.628;1.911;0.01;0.516;0.615;0.681;0.734
2013-04-10 00:00:00;2013;4;10;0;-4.231;3.276;96.505;1.6;0.01;0.516;0.614;0.681;0.734
2013-04-10 01:00:00;2013;4;10;1;-3.286;3.867;96.803;2.692;0.0;0.516;0.614;0.681;0.734
2013-04-10 02:00:00;2013;4;10;2;-3.378;4.708;96.635;2.437;0.0;0.515;0.614;0.682;0.734
2013-04-10 03:00:00;2013;4;10;3;-3.294;5.037;96.785;2.465;0.0;0.515;0.614;0.681;0.734
2013-04-10 04:00:00;2013;4;10;4;-3.272;5.342;95.9;2.532;0.01;0.514;0.615;0.682;0.734
2013-04-10 05:00:00;2013;4;10;5;4.722;5.792;95.725;2.01;0.02;0.514;0.615;0.682;0.734
2013-04-10 06:00:00;2013;4;10;6;45.175;6.577;95.605;2.087;0.04;0.514;0.614;0.682;0.734
2013-04-10 07:00:00;2013;4;10;7;89.289;7.396;93.757;3.29;0.0;0.514;0.614;0.682;0.734
2013-04-10 08:00:00;2013;4;10;8;92.774;7.883;90.473;3.627;0.0;0.514;0.614;0.683;0.734
2013-04-10 09:00:00;2013;4;10;9;334.59;8.966;83.597;3.629;0.0;0.514;0.615;0.683;0.734
2013-04-10 10:00:00;2013;4;10;10;391.464;9.879;74.247;4.71;0.0;0.515;0.615;0.682;0.735
2013-04-10 11:00:00;2013;4;10;11;414.903;10.548;67.266;5.625;0.0;0.516;0.617;0.682;0.735
2013-04-10 12:00:00;2013;4;10;12;199.814;9.8;70.123;6.091;0.0;0.516;0.617;0.682;0.736
2013-04-10 13:00:00;2013;4;10;13;601.456;10.996;63.989;6.918;0.0;0.515;0.617;0.682;0.736
2013-04-10 14:00:00;2013;4;10;14;503.507;10.139;65.17;7.055;0.0;0.516;0.617;0.681;0.735
2013-04-10 15:00:00;2013;4;10;15;344.397;9.046;64.182;6.421;0.0;0.515;0.617;0.681;0.736
2013-04-10 16:00:00;2013;4;10;16;179.006;8.293;66.347;5.316;0.0;0.515;0.617;0.681;0.736
2013-04-10 17:00:00;2013;4;10;17;65.905;6.87;72.4;4.314;0.0;0.514;0.617;0.681;0.736
2013-04-10 18:00:00;2013;4;10;18;2.458;4.951;79.448;2.45;0.0;0.513;0.617;0.681;0.735
2013-04-10 19:00:00;2013;4;10;19;-5.827;3.175;87.35;0.898;0.0;0.512;0.616;0.681;0.735
2013-04-10 20:00:00;2013;4;10;20;-5.217;1.465;93.465;0.46;0.0;0.511;0.616;0.681;0.734
2013-04-10 21:00:00;2013;4;10;21;-4.013;0.834;95.79;1.369;0.0;0.51;0.615;0.681;0.734
2013-04-10 22:00:00;2013;4;10;22;-3.809;2.376;95.725;1.591;0.0;0.51;0.614;0.682;0.733
2013-04-10 23:00:00;2013;4;10;23;-3.411;4.323;89.308;2.769;0.06;0.509;0.613;0.682;0.733
2013-04-11 00:00:00;2013;4;11;0;-3.12;5.054;89.042;4.423;0.63;0.509;0.612;0.682;0.733
2013-04-11 01:00:00;2013;4;11;1;-2.845;5.491;92.065;4.253;0.6;0.509;0.612;0.682;0.733
2013-04-11 02:00:00;2013;4;11;2;-2.675;6.052;93.688;4.927;0.493;0.509;0.612;0.682;0.733
2013-04-11 03:00:00;2013;4;11;3;-2.359;6.521;94.858;4.963;1.003;0.509;0.613;0.681;0.733
2013-04-11 04:00:00;2013;4;11;4;-2.194;6.87;94.94;5.419;0.698;0.509;0.613;0.682;0.733
2013-04-11 05:00:00;2013;4;11;5;2.54;7.211;95.322;4.046;1.193;0.509;0.612;0.681;0.733
2013-04-11 06:00:00;2013;4;11;6;22.398;7.806;96.222;2.838;0.111;0.51;0.612;0.681;0.733
2013-04-11 07:00:00;2013;4;11;7;51.684;9.315;95.61;3.836;0.09;0.511;0.613;0.681;0.733
2013-04-11 08:00:00;2013;4;11;8;144.455;10.302;90.982;5.651;0.11;0.511;0.613;0.681;0.733
2013-04-11 09:00:00;2013;4;11;9;181.685;10.66;85.943;6.153;0.04;0.512;0.613;0.681;0.733
2013-04-11 10:00:00;2013;4;11;10;177.412;10.664;82.742;7.08;0.0;0.513;0.613;0.681;0.733
2013-04-11 11:00:00;2013;4;11;11;112.353;9.488;91.173;7.213;0.14;0.514;0.613;0.681;0.733
2013-04-11 12:00:00;2013;4;11;12;79.979;9.5;87.073;7.111;0.01;0.514;0.614;0.681;0.733
2013-04-11 13:00:00;2013;4;11;13;101.068;9.911;83.978;5.868;0.0;0.514;0.614;0.681;0.733
2013-04-11 14:00:00;2013;4;11;14;104.946;9.919;83.932;5.259;0.0;0.514;0.614;0.681;0.734
2013-04-11 15:00:00;2013;4;11;15;112.565;10.59;77.314;5.332;0.0;0.515;0.614;0.681;0.734
2013-04-11 16:00:00;2013;4;11;16;106.687;10.434;74.277;8.214;0.0;0.516;0.614;0.681;0.734
2013-04-11 17:00:00;2013;4;11;17;43.022;8.352;79.566;8.252;0.0;0.516;0.614;0.681;0.735
2013-04-11 18:00:00;2013;4;11;18;0.244;6.886;85.253;5.906;0.0;0.516;0.615;0.681;0.735
2013-04-11 19:00:00;2013;4;11;19;-2.801;6.323;86.473;5.358;0.0;0.515;0.615;0.682;0.735
2013-04-11 20:00:00;2013;4;11;20;-2.771;6.014;89.178;4.175;0.0;0.515;0.615;0.682;0.735
2013-04-11 21:00:00;2013;4;11;21;-2.809;5.514;90.792;4.631;0.0;0.515;0.615;0.682;0.735
2013-04-11 22:00:00;2013;4;11;22;-2.798;5.735;91.275;3.316;0.0;0.515;0.615;0.682;0.735
2013-04-11 23:00:00;2013;4;11;23;-2.801;5.224;92.348;2.871;0.01;0.514;0.615;0.682;0.735
2013-04-12 00:00:00;2013;4;12;0;-2.86;5.065;93.675;2.96;0.01;0.514;0.614;0.682;0.734
2013-04-12 01:00:00;2013;4;12;1;-2.803;4.673;94.757;3.378;0.0;0.514;0.615;0.682;0.735
2013-04-12 02:00:00;2013;4;12;2;-2.75;4.65;94.77;3.339;0.0;0.514;0.614;0.682;0.734
2013-04-12 03:00:00;2013;4;12;3;-2.811;4.903;95.065;2.029;0.0;0.513;0.614;0.682;0.735
2013-04-12 04:00:00;2013;4;12;4;-2.465;5.204;95.037;1.865;0.0;0.513;0.614;0.682;0.735
2013-04-12 05:00:00;2013;4;12;5;13.141;5.624;95.135;1.903;0.0;0.513;0.614;0.682;0.735
2013-04-12 06:00:00;2013;4;12;6;45.214;6.352;93.74;3.216;0.0;0.513;0.614;0.682;0.735
2013-04-12 07:00:00;2013;4;12;7;95.939;7.177;93.167;4.337;0.1;0.514;0.614;0.682;0.735
2013-04-12 08:00:00;2013;4;12;8;204.736;9.207;88.355;4.694;0.0;0.514;0.615;0.682;0.735
2013-04-12 09:00:00;2013;4;12;9;341.698;11.436;76.567;7.153;0.0;0.515;0.614;0.682;0.735
2013-04-12 10:00:00;2013;4;12;10;206.887;11.179;75.859;7.801;0.97;0.515;0.614;0.682;0.735
2013-04-12 11:00:00;2013;4;12;11;283.806;10.494;84.27;6.5;0.41;0.516;0.615;0.682;0.736
2013-04-12 12:00:00;2013;4;12;12;567.869;12.679;74.074;7.835;0.0;0.517;0.615;0.682;0.736
2013-04-12 13:00:00;2013;4;12;13;270.247;13.173;65.649;8.268;0.0;0.518;0.615;0.682;0.735
2013-04-12 14:00:00;2013;4;12;14;264.764;9.933;79.698;5.974;0.65;0.519;0.615;0.682;0.736
2013-04-12 15:00:00;2013;4;12;15;222.68;11.413;74.509;4.567;0.0;0.519;0.616;0.682;0.736
2013-04-12 16:00:00;2013;4;12;16;97.821;10.616;81.861;4.67;1.02;0.52;0.616;0.682;0.736
2013-04-12 17:00:00;2013;4;12;17;36.298;10.647;68.372;7.348;0.0;0.521;0.616;0.682;0.736
2013-04-12 18:00:00;2013;4;12;18;-1.415;10.369;68.562;5.974;0.0;0.521;0.617;0.682;0.735
2013-04-12 19:00:00;2013;4;12;19;-2.995;10.35;67.388;6.151;0.0;0.521;0.617;0.682;0.735
2013-04-12 20:00:00;2013;4;12;20;-3.937;9.372;76.461;5.896;0.03;0.52;0.617;0.682;0.736
2013-04-12 21:00:00;2013;4;12;21;-3.241;9.274;78.614;7.736;0.02;0.52;0.618;0.682;0.736
2013-04-12 22:00:00;2013;4;12;22;-2.941;8.884;83.468;7.423;0.0;0.521;0.618;0.683;0.736
2013-04-12 23:00:00;2013;4;12;23;-2.689;8.127;86.1;7.952;0.0;0.521;0.618;0.683;0.736
2013-04-13 00:00:00;2013;4;13;0;-2.745;6.759;89.513;7.929;0.0;0.521;0.618;0.683;0.736
2013-04-13 01:00:00;2013;4;13;1;-2.811;6.308;88.973;6.172;0.0;0.52;0.619;0.683;0.736
2013-04-13 02:00:00;2013;4;13;2;-2.697;6.293;91.018;5.222;0.0;0.52;0.619;0.683;0.737
2013-04-13 03:00:00;2013;4;13;3;-2.73;6.317;92.217;4.569;0.0;0.52;0.618;0.683;0.736
2013-04-13 04:00:00;2013;4;13;4;-2.125;6.062;94.6;3.534;0.0;0.521;0.617;0.683;0.736
2013-04-13 05:00:00;2013;4;13;5;14.78;6.485;92.82;5.132;0.0;0.521;0.618;0.683;0.736
2013-04-13 06:00:00;2013;4;13;6;60.138;7.051;91.685;4.92;0.0;0.521;0.618;0.683;0.736
2013-04-13 07:00:00;2013;4;13;7;224.059;8.263;87.232;4.188;0.0;0.52;0.618;0.683;0.736
2013-04-13 08:00:00;2013;4;13;8;207.555;9.263;81.433;5.765;0.0;0.521;0.617;0.683;0.736
2013-04-13 09:00:00;2013;4;13;9;273.838;9.811;76.444;6.445;0.0;0.521;0.618;0.683;0.736
2013-04-13 10:00:00;2013;4;13;10;315.305;10.379;73.986;6.536;0.0;0.521;0.618;0.683;0.736
2013-04-13 11:00:00;2013;4;13;11;366.166;11.393;69.863;5.985;0.0;0.522;0.618;0.683;0.737
2013-04-13 12:00:00;2013;4;13;12;479.713;12.486;65.574;5.329;0.0;0.523;0.618;0.683;0.736
2013-04-13 13:00:00;2013;4;13;13;529.653;13.233;57.281;6.366;0.0;0.523;0.616;0.683;0.735
2013-04-13 14:00:00;2013;4;13;14;282.755;13.437;55.187;5.3;0.0;0.524;0.617;0.683;0.735
2013-04-13 15:00:00;2013;4;13;15;194.548;13.594;53.495;4.684;0.0;0.524;0.617;0.683;0.736
2013-04-13 16:00:00;2013;4;13;16;183.637;13.927;47.633;4.984;0.0;0.524;0.618;0.683;0.736
2013-04-13 17:00:00;2013;4;13;17;38.077;12.754;51.915;3.782;0.0;0.524;0.618;0.683;0.737
2013-04-13 18:00:00;2013;4;13;18;-1.257;12.114;58.488;3.945;0.0;0.524;0.619;0.683;0.738
2013-04-13 19:00:00;2013;4;13;19;-3.3;12.008;62.208;4.181;0.0;0.523;0.618;0.684;0.737
2013-04-13 20:00:00;2013;4;13;20;-4.244;11.075;75.187;5.288;0.0;0.523;0.618;0.684;0.738
2013-04-13 21:00:00;2013;4;13;21;-3.924;10.323;85.612;5.238;0.05;0.523;0.619;0.684;0.738
2013-04-13 22:00:00;2013;4;13;22;-3.501;10.615;87.465;5.704;0.22;0.523;0.619;0.684;0.738
2013-04-13 23:00:00;2013;4;13;23;-3.341;10.505;89.552;5.713;0.03;0.523;0.619;0.684;0.739
2013-04-14 00:00:00;2013;4;14;0;-2.901;11.173;86.448;6.647;0.0;0.523;0.618;0.684;0.738
2013-04-14 01:00:00;2013;4;14;1;-2.686;11.327;86.52;5.869;0.0;0.523;0.618;0.684;0.738
2013-04-14 02:00:00;2013;4;14;2;-2.699;11.54;85.857;5.963;0.0;0.523;0.618;0.684;0.738
2013-04-14 03:00:00;2013;4;14;3;-2.584;11.778;84.853;5.648;0.0;0.523;0.618;0.684;0.738
2013-04-14 04:00:00;2013;4;14;4;-1.638;11.928;84.663;5.421;0.0;0.523;0.618;0.684;0.738
2013-04-14 05:00:00;2013;4;14;5;22.051;12.191;84.007;5.207;0.0;0.523;0.617;0.684;0.737
2013-04-14 06:00:00;2013;4;14;6;41.981;12.49;82.962;4.845;0.0;0.523;0.617;0.685;0.737
2013-04-14 07:00:00;2013;4;14;7;101.406;13.026;80.954;5.247;0.0;0.524;0.617;0.685;0.737
2013-04-14 08:00:00;2013;4;14;8;181.139;14.171;76.296;6.195;0.0;0.524;0.617;0.685;0.738
2013-04-14 09:00:00;2013;4;14;9;209.435;14.809;73.104;5.655;0.0;0.525;0.617;0.684;0.737
2013-04-14 10:00:00;2013;4;14;10;320.937;15.472;70.286;5.373;0.0;0.524;0.617;0.684;0.737
2013-04-14 11:00:00;2013;4;14;11;634.221;17.548;63.863;6.313;0.0;0.524;0.618;0.685;0.737
2013-04-14 12:00:00;2013;4;14;12;561.25;18.875;57.505;6.857;0.0;0.525;0.618;0.685;0.736
2013-04-14 13:00:00;2013;4;14;13;426.591;19.399;53.102;7.416;0.0;0.525;0.618;0.685;0.737
2013-04-14 14:00:00;2013;4;14;14;453.472;19.963;49.572;7.461;0.0;0.526;0.619;0.685;0.736
2013-04-14 15:00:00;2013;4;14;15;252.335;19.932;47.43;6.777;0.0;0.526;0.619;0.685;0.736
2013-04-14 16:00:00;2013;4;14;16;203.111;20.252;48.241;5.943;0.0;0.526;0.619;0.685;0.737
2013-04-14 17:00:00;2013;4;14;17;124.37;19.919;52.753;5.014;0.0;0.525;0.62;0.685;0.736
2013-04-14 18:00:00;2013;4;14;18;12.481;18.091;61.277;3.072;0.0;0.525;0.62;0.685;0.737
2013-04-14 19:00:00;2013;4;14;19;-4.413;15.806;70.413;3.29;0.0;0.524;0.621;0.685;0.739
2013-04-14 20:00:00;2013;4;14;20;-4.123;13.925;76.652;3.181;0.0;0.524;0.621;0.686;0.739
2013-04-14 21:00:00;2013;4;14;21;-3.907;13.635;76.775;4.027;0.0;0.524;0.621;0.686;0.74
2013-04-14 22:00:00;2013;4;14;22;-3.618;12.977;77.332;4.648;0.0;0.523;0.621;0.686;0.74
2013-04-14 23:00:00;2013;4;14;23;-3.671;13.166;74.755;5.168;0.0;0.523;0.621;0.686;0.74
2013-04-15 00:00:00;2013;4;15;0;-3.698;13.303;73.398;5.393;0.0;0.523;0.62;0.686;0.74
2013-04-15 01:00:00;2013;4;15;1;-4.082;11.576;78.719;4.281;0.0;0.522;0.62;0.686;0.741
2013-04-15 02:00:00;2013;4;15;2;-4.053;11.099;80.467;2.686;0.0;0.522;0.62;0.687;0.741
2013-04-15 03:00:00;2013;4;15;3;-4.546;10.128;82.56;2.864;0.01;0.522;0.62;0.687;0.741
2013-04-15 04:00:00;2013;4;15;4;-0.526;10.475;82.079;2.198;0.0;0.521;0.619;0.687;0.741
2013-04-15 05:00:00;2013;4;15;5;73.142;10.319;84.315;2.062;0.0;0.52;0.619;0.687;0.741
2013-04-15 06:00:00;2013;4;15;6;183.074;13.829;76.467;2.694;0.0;0.52;0.619;0.687;0.741
2013-04-15 07:00:00;2013;4;15;7;171.885;14.845;71.287;4.467;0.0;0.52;0.619;0.687;0.741
2013-04-15 08:00:00;2013;4;15;8;206.815;15.235;67.716;4.417;0.0;0.521;0.619;0.687;0.741
2013-04-15 09:00:00;2013;4;15;9;80.337;13.982;70.065;4.889;0.59;0.521;0.619;0.687;0.741
2013-04-15 10:00:00;2013;4;15;10;120.305;12.233;85.958;1.458;1.14;0.522;0.619;0.687;0.741
2013-04-15 11:00:00;2013;4;15;11;276.424;13.097;85.425;3.915;0.0;0.522;0.619;0.687;0.741
2013-04-15 12:00:00;2013;4;15;12;269.658;13.738;81.787;4.647;0.0;0.523;0.619;0.687;0.74
2013-04-15 13:00:00;2013;4;15;13;456.275;14.624;76.758;4.34;0.0;0.523;0.619;0.687;0.74
2013-04-15 14:00:00;2013;4;15;14;300.499;15.188;73.523;4.172;0.0;0.524;0.619;0.687;0.74
2013-04-15 15:00:00;2013;4;15;15;140.584;14.938;72.816;3.538;0.0;0.525;0.62;0.687;0.74
2013-04-15 16:00:00;2013;4;15;16;162.224;14.969;73.073;2.706;0.0;0.525;0.62;0.687;0.74
2013-04-15 17:00:00;2013;4;15;17;65.051;14.249;77.304;1.824;0.0;0.525;0.62;0.687;0.74
2013-04-15 18:00:00;2013;4;15;18;4.584;12.332;84.155;2.287;0.0;0.525;0.621;0.687;0.741
2013-04-15 19:00:00;2013;4;15;19;-5.329;10.757;89.895;1.295;0.0;0.524;0.621;0.687;0.741
2013-04-15 20:00:00;2013;4;15;20;-5.102;9.193;93.55;1.518;0.0;0.524;0.621;0.687;0.741
2013-04-15 21:00:00;2013;4;15;21;-4.587;9.838;92.965;1.75;0.0;0.524;0.621;0.687;0.741
2013-04-15 22:00:00;2013;4;15;22;-5.587;8.014;93.517;1.011;0.01;0.523;0.621;0.687;0.741
2013-04-15 23:00:00;2013;4;15;23;-5.076;5.893;95.18;1.416;0.0;0.522;0.621;0.688;0.742
2013-04-16 00:00:00;2013;4;16;0;-4.853;4.92;96.168;1.183;0.0;0.522;0.62;0.688;0.742
2013-04-16 01:00:00;2013;4;16;1;-4.818;4.204;95.712;1.548;0.01;0.521;0.62;0.688;0.742
2013-04-16 02:00:00;2013;4;16;2;-4.219;4.103;96.84;2.961;0.0;0.521;0.62;0.688;0.742
2013-04-16 03:00:00;2013;4;16;3;-3.452;6.353;97.807;3.484;0.0;0.521;0.619;0.688;0.742
2013-04-16 04:00:00;2013;4;16;4;-0.73;6.604;97.577;3.512;0.0;0.519;0.62;0.688;0.742
2013-04-16 05:00:00;2013;4;16;5;55.943;6.569;97.24;4.112;0.0;0.519;0.619;0.688;0.742
2013-04-16 06:00:00;2013;4;16;6;242.541;10.565;93.953;4.634;0.0;0.519;0.619;0.688;0.742
2013-04-16 07:00:00;2013;4;16;7;251.993;12.805;81.039;5.309;0.0;0.519;0.619;0.688;0.742
2013-04-16 08:00:00;2013;4;16;8;288.976;13.459;74.282;6.051;0.0;0.52;0.618;0.688;0.742
2013-04-16 09:00:00;2013;4;16;9;439.728;14.455;66.119;6.667;0.0;0.52;0.619;0.688;0.742
2013-04-16 10:00:00;2013;4;16;10;655.699;15.945;54.125;8.526;0.0;0.52;0.619;0.687;0.742
2013-04-16 11:00:00;2013;4;16;11;600.427;16.472;47.733;8.408;0.0;0.521;0.619;0.687;0.742
2013-04-16 12:00:00;2013;4;16;12;487.251;16.935;47.96;8.484;0.0;0.521;0.619;0.687;0.742
2013-04-16 13:00:00;2013;4;16;13;224.763;16.375;53.574;7.365;0.0;0.521;0.619;0.687;0.741
2013-04-16 14:00:00;2013;4;16;14;194.595;15.769;62.628;6.981;0.0;0.52;0.619;0.687;0.741
2013-04-16 15:00:00;2013;4;16;15;48.913;15.017;66.118;6.372;0.0;0.521;0.619;0.687;0.742
2013-04-16 16:00:00;2013;4;16;16;35.943;13.361;79.349;6.413;0.0;0.52;0.621;0.687;0.741
2013-04-16 17:00:00;2013;4;16;17;30.404;13.037;82.193;4.918;0.0;0.52;0.621;0.687;0.742
2013-04-16 18:00:00;2013;4;16;18;12.538;13.04;82.12;4.747;0.0;0.519;0.621;0.688;0.742
2013-04-16 19:00:00;2013;4;16;19;-4.267;11.382;88.852;3.79;0.0;0.519;0.621;0.688;0.742
2013-04-16 20:00:00;2013;4;16;20;-3.938;11.34;90.788;3.484;0.0;0.518;0.621;0.688;0.742
2013-04-16 21:00:00;2013;4;16;21;-3.561;11.46;85.892;4.222;0.0;0.518;0.621;0.688;0.742
2013-04-16 22:00:00;2013;4;16;22;-3.163;11.411;82.675;5.118;0.0;0.518;0.621;0.688;0.742
2013-04-16 23:00:00;2013;4;16;23;-3.671;11.104;87.943;4.338;0.0;0.518;0.621;0.688;0.742
2013-04-17 00:00:00;2013;4;17;0;-3.16;10.847;88.267;4.196;0.0;0.518;0.621;0.688;0.742
2013-04-17 01:00:00;2013;4;17;1;-3.601;10.476;90.302;4.133;0.0;0.518;0.621;0.688;0.742
2013-04-17 02:00:00;2013;4;17;2;-4.485;9.453;92.757;2.18;0.01;0.518;0.621;0.688;0.742
2013-04-17 03:00:00;2013;4;17;3;-4.49;9.219;94.72;1.424;0.0;0.518;0.621;0.688;0.742
2013-04-17 04:00:00;2013;4;17;4;-0.085;9.069;96.118;2.606;0.01;0.517;0.62;0.688;0.742
2013-04-17 05:00:00;2013;4;17;5;42.963;10.124;95.943;2.103;0.0;0.516;0.62;0.689;0.742
2013-04-17 06:00:00;2013;4;17;6;66.352;11.384;93.728;2.328;0.0;0.516;0.62;0.689;0.742
2013-04-17 07:00:00;2013;4;17;7;103.29;12.056;91.657;3.295;0.0;0.516;0.62;0.689;0.742
2013-04-17 08:00:00;2013;4;17;8;209.629;13.166;87.417;4.529;0.0;0.517;0.62;0.689;0.742
2013-04-17 09:00:00;2013;4;17;9;386.076;14.435;84.173;4.803;0.0;0.517;0.621;0.688;0.742
2013-04-17 10:00:00;2013;4;17;10;565.31;16.276;74.328;6.489;0.0;0.518;0.621;0.688;0.742
2013-04-17 11:00:00;2013;4;17;11;557.496;17.34;68.486;6.698;0.0;0.518;0.62;0.688;0.741
2013-04-17 12:00:00;2013;4;17;12;615.094;18.55;61.766;6.924;0.0;0.518;0.62;0.688;0.741
2013-04-17 13:00:00;2013;4;17;13;544.086;19.72;58.058;6.753;0.0;0.518;0.619;0.688;0.74
2013-04-17 14:00:00;2013;4;17;14;372.754;20.307;51.084;6.887;0.0;0.518;0.618;0.688;0.739
2013-04-17 15:00:00;2013;4;17;15;202.677;19.95;50.016;5.642;0.0;0.518;0.618;0.688;0.738
2013-04-17 16:00:00;2013;4;17;16;112.939;19.625;51.793;5.069;0.0;0.517;0.618;0.688;0.738
2013-04-17 17:00:00;2013;4;17;17;53.681;18.481;57.708;3.798;0.0;0.517;0.619;0.688;0.737
2013-04-17 18:00:00;2013;4;17;18;2.299;16.804;62.513;3.287;0.0;0.517;0.619;0.689;0.738
2013-04-17 19:00:00;2013;4;17;19;-4.01;14.171;71.1;3.324;0.0;0.516;0.619;0.689;0.738
2013-04-17 20:00:00;2013;4;17;20;-3.646;13.369;74.646;3.595;0.0;0.516;0.619;0.689;0.738
2013-04-17 21:00:00;2013;4;17;21;-3.183;14.727;70.985;4.585;0.0;0.515;0.619;0.689;0.738
2013-04-17 22:00:00;2013;4;17;22;-3.827;14.441;70.147;4.892;0.0;0.514;0.619;0.689;0.738
2013-04-17 23:00:00;2013;4;17;23;-3.608;14.386;70.211;5.455;0.0;0.513;0.618;0.69;0.738
2013-04-18 00:00:00;2013;4;18;0;-3.61;14.67;69.683;5.655;0.0;0.513;0.618;0.69;0.738
2013-04-18 01:00:00;2013;4;18;1;-2.944;15.97;64.95;5.773;0.0;0.513;0.618;0.69;0.738
2013-04-18 02:00:00;2013;4;18;2;-3.626;14.691;66.939;7.26;0.0;0.512;0.617;0.69;0.738
2013-04-18 03:00:00;2013;4;18;3;-2.709;13.064;61.877;7.662;0.0;0.512;0.617;0.69;0.738
2013-04-18 04:00:00;2013;4;18;4;0.652;12.216;55.123;7.844;0.0;0.512;0.616;0.69;0.738
2013-04-18 05:00:00;2013;4;18;5;82.055;11.024;63.635;7.796;0.0;0.51;0.616;0.69;0.737
2013-04-18 06:00:00;2013;4;18;6;197.965;10.84;64.166;9.576;0.0;0.51;0.616;0.69;0.737
2013-04-18 07:00:00;2013;4;18;7;373.062;11.395;59.31;10.793;0.0;0.509;0.616;0.69;0.737
2013-04-18 08:00:00;2013;4;18;8;494.167;12.05;58.014;10.908;0.0;0.508;0.615;0.69;0.737
2013-04-18 09:00:00;2013;4;18;9;659.184;13.311;52.655;11.628;0.0;0.507;0.613;0.69;0.736
2013-04-18 10:00:00;2013;4;18;10;565.652;13.561;49.799;12.708;0.0;0.506;0.611;0.69;0.736
2013-04-18 11:00:00;2013;4;18;11;746.51;14.596;46.948;12.74;0.0;0.505;0.608;0.691;0.736
2013-04-18 12:00:00;2013;4;18;12;648.905;14.766;43.623;12.292;0.0;0.503;0.605;0.691;0.736
2013-04-18 13:00:00;2013;4;18;13;451.32;14.577;42.419;12.332;0.0;0.502;0.603;0.691;0.737
2013-04-18 14:00:00;2013;4;18;14;371.813;14.399;45.165;11.306;0.0;0.5;0.601;0.691;0.739
2013-04-18 15:00:00;2013;4;18;15;322.019;14.383;45.618;10.861;0.0;0.499;0.6;0.691;0.741
2013-04-18 16:00:00;2013;4;18;16;269.24;14.104;48.997;9.791;0.0;0.497;0.599;0.691;0.742
2013-04-18 17:00:00;2013;4;18;17;121.852;13.106;49.39;10.05;0.0;0.496;0.599;0.691;0.744
2013-04-18 18:00:00;2013;4;18;18;12.374;11.671;56.691;7.427;0.0;0.494;0.598;0.691;0.745
2013-04-18 19:00:00;2013;4;18;19;-3.978;10.549;61.563;5.427;0.0;0.493;0.599;0.69;0.746
2013-04-18 20:00:00;2013;4;18;20;-3.897;10.506;58.922;6.034;0.0;0.492;0.598;0.691;0.747
2013-04-18 21:00:00;2013;4;18;21;-3.969;10.365;60.403;7.285;0.0;0.491;0.597;0.691;0.748
2013-04-18 22:00:00;2013;4;18;22;-3.957;9.633;66.96;7.533;0.0;0.49;0.597;0.691;0.749
2013-04-18 23:00:00;2013;4;18;23;-3.964;8.801;72.029;6.397;0.0;0.49;0.597;0.691;0.749
2013-04-19 00:00:00;2013;4;19;0;-3.999;7.916;78.224;5.619;0.0;0.489;0.596;0.691;0.749
2013-04-19 01:00:00;2013;4;19;1;-4.07;7.117;82.64;4.789;0.01;0.489;0.596;0.691;0.75
2013-04-19 02:00:00;2013;4;19;2;-4.038;6.716;83.442;5.114;0.0;0.488;0.595;0.691;0.748
2013-04-19 03:00:00;2013;4;19;3;-3.988;6.434;84.932;5.472;0.0;0.487;0.595;0.691;0.749
2013-04-19 04:00:00;2013;4;19;4;2.376;6.078;84.993;4.979;0.0;0.486;0.594;0.692;0.75
2013-04-19 05:00:00;2013;4;19;5;79.769;6.283;84.097;4.94;0.0;0.486;0.594;0.692;0.75
2013-04-19 06:00:00;2013;4;19;6;227.556;7.413;80.206;5.619;0.0;0.486;0.593;0.692;0.749
2013-04-19 07:00:00;2013;4;19;7;381.132;8.571;75.922;6.387;0.0;0.486;0.593;0.691;0.749
2013-04-19 08:00:00;2013;4;19;8;305.86;9.256;73.202;6.096;0.0;0.485;0.592;0.691;0.75
2013-04-19 09:00:00;2013;4;19;9;164.797;9.339;72.567;5.414;0.0;0.485;0.592;0.691;0.749
2013-04-19 10:00:00;2013;4;19;10;173.491;9.153;77.592;4.348;0.0;0.485;0.592;0.691;0.749
2013-04-19 11:00:00;2013;4;19;11;262.256;9.677;76.902;4.17;0.0;0.486;0.592;0.691;0.748
2013-04-19 12:00:00;2013;4;19;12;472.962;10.015;77.274;3.431;0.14;0.486;0.592;0.691;0.748
2013-04-19 13:00:00;2013;4;19;13;278.216;10.168;75.62;4.506;1.42;0.486;0.592;0.691;0.747
2013-04-19 14:00:00;2013;4;19;14;334.463;10.275;76.047;4.941;0.0;0.487;0.592;0.69;0.746
2013-04-19 15:00:00;2013;4;19;15;171.01;9.743;76.786;6.266;0.084;0.487;0.593;0.69;0.747
2013-04-19 16:00:00;2013;4;19;16;191.331;9.955;66.779;7.074;0.003;0.486;0.593;0.69;0.747
2013-04-19 17:00:00;2013;4;19;17;122.818;9.047;66.718;6.649;0.007;0.486;0.593;0.69;0.747
2013-04-19 18:00:00;2013;4;19;18;14.54;7.551;70.946;6.02;0.009;0.486;0.593;0.69;0.747
2013-04-19 19:00:00;2013;4;19;19;-3.997;5.899;78.258;4.372;0.007;0.485;0.593;0.69;0.747
2013-04-19 20:00:00;2013;4;19;20;-4.116;5.1;81.415;3.807;0.005;0.484;0.593;0.691;0.748
2013-04-19 21:00:00;2013;4;19;21;-4.065;4.607;81.004;3.966;0.003;0.483;0.593;0.691;0.747
2013-04-19 22:00:00;2013;4;19;22;-4.189;3.398;83.832;3.676;0.005;0.483;0.592;0.691;0.747
2013-04-19 23:00:00;2013;4;19;23;-4.16;2.824;87.657;3.608;0.003;0.482;0.591;0.691;0.747
2013-04-20 00:00:00;2013;4;20;0;-4.812;1.652;91.117;2.17;0.002;0.481;0.591;0.69;0.746
2013-04-20 01:00:00;2013;4;20;1;-4.427;1.161;91.775;3.176;0.003;0.481;0.592;0.69;0.746
2013-04-20 02:00:00;2013;4;20;2;-5.009;0.81;91.31;2.328;0.0;0.48;0.59;0.69;0.745
2013-04-20 03:00:00;2013;4;20;3;-4.935;0.194;93.118;2.05;0.001;0.479;0.59;0.69;0.745
2013-04-20 04:00:00;2013;4;20;4;3.578;-0.659;94.0;1.908;0.001;0.478;0.59;0.689;0.744
2013-04-20 05:00:00;2013;4;20;5;97.968;-0.608;95.987;1.804;0.0;0.477;0.589;0.689;0.744
2013-04-20 06:00:00;2013;4;20;6;259.876;2.755;91.463;2.544;0.0;0.477;0.589;0.69;0.744
2013-04-20 07:00:00;2013;4;20;7;405.803;5.494;74.042;4.583;0.0;0.477;0.588;0.69;0.744
2013-04-20 08:00:00;2013;4;20;8;396.672;6.31;63.806;4.89;0.0;0.477;0.588;0.69;0.744
2013-04-20 09:00:00;2013;4;20;9;673.664;7.58;56.852;5.734;0.0;0.478;0.587;0.69;0.745
2013-04-20 10:00:00;2013;4;20;10;789.079;8.784;51.383;6.029;0.0;0.478;0.587;0.69;0.745
2013-04-20 11:00:00;2013;4;20;11;805.831;9.648;48.253;5.37;0.0;0.479;0.585;0.69;0.745
2013-04-20 12:00:00;2013;4;20;12;790.187;10.73;45.1;5.653;0.0;0.479;0.585;0.689;0.745
2013-04-20 13:00:00;2013;4;20;13;720.742;11.239;42.706;5.965;0.0;0.479;0.585;0.689;0.745
2013-04-20 14:00:00;2013;4;20;14;607.637;11.818;42.15;5.746;0.0;0.478;0.585;0.689;0.746
2013-04-20 15:00:00;2013;4;20;15;459.706;11.629;42.089;5.754;0.0;0.478;0.585;0.688;0.745
2013-04-20 16:00:00;2013;4;20;16;294.46;11.078;43.053;5.751;0.0;0.477;0.585;0.688;0.745
2013-04-20 17:00:00;2013;4;20;17;130.269;9.951;45.952;4.732;0.0;0.476;0.585;0.688;0.745
2013-04-20 18:00:00;2013;4;20;18;16.081;7.64;54.148;3.88;0.0;0.474;0.584;0.689;0.746
2013-04-20 19:00:00;2013;4;20;19;-4.437;5.868;60.799;3.59;0.0;0.474;0.583;0.689;0.746
2013-04-20 20:00:00;2013;4;20;20;-4.246;5.257;64.07;3.922;0.0;0.472;0.582;0.689;0.746
2013-04-20 21:00:00;2013;4;20;21;-4.389;3.821;71.204;3.645;0.0;0.472;0.583;0.689;0.745
2013-04-20 22:00:00;2013;4;20;22;-4.208;3.19;76.433;3.749;0.0;0.471;0.582;0.689;0.746
2013-04-20 23:00:00;2013;4;20;23;-4.187;2.582;79.532;3.355;0.0;0.47;0.582;0.689;0.746
2013-04-21 00:00:00;2013;4;21;0;-4.233;1.629;83.843;2.421;0.001;0.469;0.581;0.689;0.746
2013-04-21 01:00:00;2013;4;21;1;-4.064;0.168;89.428;2.897;0.002;0.468;0.581;0.689;0.746
2013-04-21 02:00:00;2013;4;21;2;-4.033;-0.319;92.228;2.309;0.002;0.467;0.581;0.688;0.746
2013-04-21 03:00:00;2013;4;21;3;-4.32;-0.745;93.292;1.966;0.001;0.466;0.58;0.688;0.745
2013-04-21 04:00:00;2013;4;21;4;4.602;-0.852;94.953;1.827;0.001;0.466;0.579;0.688;0.746
2013-04-21 05:00:00;2013;4;21;5;96.079;0.105;95.368;1.591;0.0;0.465;0.579;0.688;0.746
2013-04-21 06:00:00;2013;4;21;6;167.815;3.092;88.998;1.714;0.0;0.464;0.578;0.689;0.746
2013-04-21 07:00:00;2013;4;21;7;220.871;5.484;77.858;1.655;0.0;0.464;0.578;0.688;0.746
2013-04-21 08:00:00;2013;4;21;8;390.029;8.128;64.234;1.432;0.0;0.465;0.577;0.688;0.747
2013-04-21 09:00:00;2013;4;21;9;515.388;10.225;56.327;1.538;0.0;0.465;0.577;0.688;0.747
2013-04-21 10:00:00;2013;4;21;10;679.961;11.622;52.264;2.226;0.0;0.466;0.577;0.688;0.747
2013-04-21 11:00:00;2013;4;21;11;664.965;13.059;46.843;2.535;0.0;0.466;0.576;0.687;0.746
2013-04-21 12:00:00;2013;4;21;12;426.313;13.488;44.456;2.322;0.0;0.466;0.576;0.687;0.745
2013-04-21 13:00:00;2013;4;21;13;317.793;13.575;44.965;2.164;0.0;0.466;0.576;0.687;0.744
2013-04-21 14:00:00;2013;4;21;14;336.165;13.774;44.646;1.917;0.0;0.465;0.576;0.687;0.743
2013-04-21 15:00:00;2013;4;21;15;331.532;13.921;43.081;2.728;0.0;0.465;0.576;0.687;0.742
2013-04-21 16:00:00;2013;4;21;16;194.265;13.284;46.905;3.025;0.0;0.465;0.576;0.687;0.741
2013-04-21 17:00:00;2013;4;21;17;101.595;12.513;52.425;1.904;0.0;0.464;0.577;0.687;0.741
2013-04-21 18:00:00;2013;4;21;18;15.559;11.29;56.351;3.598;0.0;0.464;0.577;0.687;0.742
2013-04-21 19:00:00;2013;4;21;19;-3.035;9.58;63.491;4.543;0.0;0.462;0.576;0.687;0.742
2013-04-21 20:00:00;2013;4;21;20;-2.855;8.093;59.286;5.352;0.0;0.462;0.575;0.687;0.742
2013-04-21 21:00:00;2013;4;21;21;-3.723;6.705;62.568;3.18;0.0;0.46;0.575;0.687;0.743
2013-04-21 22:00:00;2013;4;21;22;-5.925;3.871;73.254;1.776;0.0;0.46;0.575;0.688;0.743
2013-04-21 23:00:00;2013;4;21;23;-5.777;1.71;82.578;1.874;0.0;0.458;0.575;0.688;0.743
2013-04-22 00:00:00;2013;4;22;0;-5.647;-0.008;85.545;2.006;0.006;0.457;0.574;0.688;0.743
2013-04-22 01:00:00;2013;4;22;1;-5.04;0.25;87.555;1.083;0.004;0.456;0.574;0.688;0.744
2013-04-22 02:00:00;2013;4;22;2;-4.895;0.617;89.05;1.579;0.001;0.455;0.573;0.688;0.744
2013-04-22 03:00:00;2013;4;22;3;-5.511;-1.001;93.225;1.259;0.0;0.454;0.572;0.688;0.743
2013-04-22 04:00:00;2013;4;22;4;6.686;-0.945;95.4;2.074;0.001;0.451;0.572;0.686;0.743
2013-04-22 05:00:00;2013;4;22;5;103.225;1.254;93.318;2.294;0.0;0.452;0.57;0.687;0.742
2013-04-22 06:00:00;2013;4;22;6;239.466;5.118;81.658;2.854;0.0;0.451;0.569;0.687;0.742
2013-04-22 07:00:00;2013;4;22;7;404.005;7.437;74.96;3.318;0.0;0.451;0.569;0.687;0.742
2013-04-22 08:00:00;2013;4;22;8;553.366;9.725;67.762;4.041;0.0;0.452;0.568;0.687;0.742
2013-04-22 09:00:00;2013;4;22;9;671.802;10.951;57.08;4.685;0.0;0.452;0.568;0.687;0.741
2013-04-22 10:00:00;2013;4;22;10;748.436;12.325;50.902;4.615;0.0;0.451;0.567;0.686;0.741
2013-04-22 11:00:00;2013;4;22;11;789.209;13.304;47.142;5.054;0.0;0.451;0.566;0.686;0.74
2013-04-22 12:00:00;2013;4;22;12;739.556;13.964;46.073;4.568;0.0;0.45;0.565;0.686;0.74
2013-04-22 13:00:00;2013;4;22;13;657.151;14.297;45.222;4.694;0.0;0.45;0.564;0.686;0.74
2013-04-22 14:00:00;2013;4;22;14;517.308;14.318;46.167;5.013;0.0;0.449;0.564;0.686;0.739
2013-04-22 15:00:00;2013;4;22;15;364.256;14.175;48.028;4.578;0.0;0.448;0.564;0.686;0.74
2013-04-22 16:00:00;2013;4;22;16;157.175;13.468;50.159;4.152;0.0;0.447;0.564;0.686;0.74
2013-04-22 17:00:00;2013;4;22;17;65.39;12.511;53.957;2.908;0.0;0.445;0.564;0.686;0.741
2013-04-22 18:00:00;2013;4;22;18;7.225;11.357;58.672;2.253;0.0;0.444;0.564;0.686;0.741
2013-04-22 19:00:00;2013;4;22;19;-3.971;10.698;62.655;3.291;0.0;0.443;0.564;0.686;0.741
2013-04-22 20:00:00;2013;4;22;20;-3.722;10.02;68.34;3.258;0.0;0.442;0.564;0.686;0.74
2013-04-22 21:00:00;2013;4;22;21;-3.286;9.582;75.434;3.487;0.0;0.442;0.564;0.686;0.74
2013-04-22 22:00:00;2013;4;22;22;-3.06;10.165;71.168;5.049;0.0;0.441;0.563;0.687;0.74
2013-04-22 23:00:00;2013;4;22;23;-3.044;10.094;63.544;5.806;0.0;0.44;0.563;0.687;0.741
2013-04-23 00:00:00;2013;4;23;0;-3.125;9.803;64.06;5.422;0.001;0.44;0.563;0.687;0.74
2013-04-23 01:00:00;2013;4;23;1;-2.79;9.765;66.515;5.472;0.001;0.44;0.562;0.687;0.74
2013-04-23 02:00:00;2013;4;23;2;-2.705;9.791;72.159;6.488;0.0;0.439;0.562;0.687;0.741
2013-04-23 03:00:00;2013;4;23;3;-2.675;9.775;75.351;6.016;0.0;0.439;0.562;0.687;0.74
2013-04-23 04:00:00;2013;4;23;4;-1.356;9.705;79.396;5.998;0.0;0.438;0.562;0.687;0.74
2013-04-23 05:00:00;2013;4;23;5;7.822;9.282;87.688;5.695;0.0;0.438;0.562;0.687;0.74
2013-04-23 06:00:00;2013;4;23;6;29.894;9.145;92.128;5.216;0.111;0.438;0.561;0.687;0.74
2013-04-23 07:00:00;2013;4;23;7;70.912;9.313;94.62;4.867;0.606;0.438;0.562;0.687;0.74
2013-04-23 08:00:00;2013;4;23;8;93.367;9.672;94.6;5.172;0.483;0.437;0.561;0.687;0.74
2013-04-23 09:00:00;2013;4;23;9;109.275;10.051;93.988;5.514;0.222;0.437;0.561;0.687;0.74
2013-04-23 10:00:00;2013;4;23;10;163.481;10.709;92.045;6.052;0.064;0.437;0.561;0.687;0.74
2013-04-23 11:00:00;2013;4;23;11;207.173;11.318;89.708;5.708;0.0;0.438;0.561;0.687;0.74
2013-04-23 12:00:00;2013;4;23;12;386.251;12.442;84.41;6.105;0.0;0.438;0.561;0.687;0.74
2013-04-23 13:00:00;2013;4;23;13;404.119;13.445;78.97;5.656;0.0;0.439;0.561;0.687;0.74
2013-04-23 14:00:00;2013;4;23;14;332.617;13.958;72.632;5.711;0.0;0.439;0.562;0.686;0.74
2013-04-23 15:00:00;2013;4;23;15;252.7;14.201;69.052;5.239;0.0;0.439;0.562;0.686;0.739
2013-04-23 16:00:00;2013;4;23;16;179.611;13.947;67.216;4.963;0.0;0.439;0.562;0.686;0.739
2013-04-23 17:00:00;2013;4;23;17;85.845;13.27;69.774;3.829;0.0;0.439;0.562;0.686;0.739
2013-04-23 18:00:00;2013;4;23;18;17.077;11.558;76.284;1.888;0.0;0.439;0.563;0.686;0.74
2013-04-23 19:00:00;2013;4;23;19;-6.029;9.396;84.915;0.85;0.0;0.438;0.563;0.685;0.74
2013-04-23 20:00:00;2013;4;23;20;-5.623;7.354;93.09;0.698;0.0;0.438;0.563;0.685;0.739
2013-04-23 21:00:00;2013;4;23;21;-5.088;5.573;94.562;0.842;0.0;0.436;0.563;0.685;0.739
2013-04-23 22:00:00;2013;4;23;22;-3.984;6.467;96.372;0.649;0.0;0.436;0.562;0.685;0.739
2013-04-23 23:00:00;2013;4;23;23;-4.065;7.778;95.652;1.81;0.0;0.435;0.562;0.686;0.739
2013-04-24 00:00:00;2013;4;24;0;-4.748;7.613;94.878;1.401;0.003;0.435;0.561;0.685;0.739
2013-04-24 01:00:00;2013;4;24;1;-5.085;6.143;95.515;1.742;0.005;0.435;0.561;0.685;0.738
2013-04-24 02:00:00;2013;4;24;2;-4.167;5.312;96.265;3.208;0.004;0.434;0.561;0.685;0.738
2013-04-24 03:00:00;2013;4;24;3;-3.777;6.311;96.302;3.558;0.0;0.434;0.561;0.685;0.738
2013-04-24 04:00:00;2013;4;24;4;9.053;5.882;95.972;2.409;0.0;0.434;0.56;0.686;0.738
2013-04-24 05:00:00;2013;4;24;5;74.754;7.137;94.993;3.048;0.0;0.433;0.56;0.686;0.737
2013-04-24 06:00:00;2013;4;24;6;232.136;9.849;88.605;2.633;0.0;0.433;0.56;0.685;0.738
2013-04-24 07:00:00;2013;4;24;7;415.17;12.421;76.719;3.955;0.0;0.433;0.56;0.685;0.738
2013-04-24 08:00:00;2013;4;24;8;555.392;13.645;70.408;5.412;0.0;0.434;0.56;0.685;0.737
2013-04-24 09:00:00;2013;4;24;9;677.55;15.171;64.009;5.245;0.0;0.434;0.559;0.685;0.737
2013-04-24 10:00:00;2013;4;24;10;752.136;16.981;58.322;4.962;0.0;0.435;0.558;0.685;0.737
2013-04-24 11:00:00;2013;4;24;11;776.134;18.489;53.454;5.771;0.0;0.434;0.558;0.684;0.736
2013-04-24 12:00:00;2013;4;24;12;678.081;19.246;52.006;6.401;0.0;0.434;0.556;0.684;0.735
2013-04-24 13:00:00;2013;4;24;13;681.182;19.83;52.343;7.411;0.0;0.433;0.555;0.684;0.735
2013-04-24 14:00:00;2013;4;24;14;547.237;19.069;56.898;6.812;0.0;0.433;0.554;0.684;0.734
2013-04-24 15:00:00;2013;4;24;15;396.486;18.748;58.479;5.733;0.0;0.432;0.553;0.684;0.735
2013-04-24 16:00:00;2013;4;24;16;228.249;18.738;58.693;5.477;0.0;0.431;0.552;0.684;0.735
2013-04-24 17:00:00;2013;4;24;17;54.414;17.854;60.788;5.041;0.0;0.43;0.553;0.684;0.736
2013-04-24 18:00:00;2013;4;24;18;5.295;16.451;63.865;4.903;0.0;0.429;0.553;0.685;0.736
2013-04-24 19:00:00;2013;4;24;19;-3.781;14.621;69.987;3.813;0.0;0.427;0.553;0.685;0.737
2013-04-24 20:00:00;2013;4;24;20;-3.556;13.817;74.135;3.432;0.0;0.427;0.553;0.685;0.737
2013-04-24 21:00:00;2013;4;24;21;-4.453;12.059;78.884;3.29;0.0;0.426;0.553;0.685;0.738
2013-04-24 22:00:00;2013;4;24;22;-3.789;11.492;81.42;2.665;0.0;0.426;0.553;0.685;0.739
2013-04-24 23:00:00;2013;4;24;23;-4.812;10.722;84.702;1.54;0.0;0.425;0.553;0.685;0.74
2013-04-25 00:00:00;2013;4;25;0;-4.717;9.975;88.623;1.087;0.004;0.424;0.552;0.686;0.74
2013-04-25 01:00:00;2013;4;25;1;-4.296;10.399;89.375;0.976;0.0;0.424;0.552;0.686;0.74
2013-04-25 02:00:00;2013;4;25;2;-4.003;10.584;88.352;1.864;0.0;0.423;0.552;0.686;0.74
2013-04-25 03:00:00;2013;4;25;3;-4.779;10.135;89.387;1.234;0.001;0.423;0.552;0.686;0.741
2013-04-25 04:00:00;2013;4;25;4;1.516;9.696;91.942;0.8;0.004;0.423;0.551;0.686;0.741
2013-04-25 05:00:00;2013;4;25;5;48.245;10.181;92.123;2.013;0.0;0.423;0.552;0.686;0.741
2013-04-25 06:00:00;2013;4;25;6;179.411;11.296;87.952;2.116;0.0;0.423;0.552;0.686;0.742
2013-04-25 07:00:00;2013;4;25;7;412.765;13.112;81.388;2.636;0.0;0.423;0.551;0.686;0.742
2013-04-25 08:00:00;2013;4;25;8;391.595;14.822;76.17;3.966;0.0;0.423;0.551;0.686;0.743
2013-04-25 09:00:00;2013;4;25;9;452.178;15.94;72.281;3.982;0.0;0.424;0.55;0.686;0.743
2013-04-25 10:00:00;2013;4;25;10;280.768;16.185;71.568;3.727;0.0;0.424;0.549;0.686;0.744
2013-04-25 11:00:00;2013;4;25;11;461.02;17.112;67.415;2.878;0.0;0.424;0.549;0.686;0.743
2013-04-25 12:00:00;2013;4;25;12;579.926;18.518;64.11;3.086;0.0;0.424;0.547;0.685;0.745
2013-04-25 13:00:00;2013;4;25;13;645.471;20.3;59.633;3.349;0.0;0.423;0.546;0.685;0.745
2013-04-25 14:00:00;2013;4;25;14;551.437;21.822;55.602;3.757;0.0;0.423;0.544;0.685;0.744
2013-04-25 15:00:00;2013;4;25;15;357.683;22.159;52.823;4.314;0.0;0.423;0.543;0.685;0.745
2013-04-25 16:00:00;2013;4;25;16;253.36;21.88;51.398;3.566;0.0;0.422;0.543;0.685;0.745
2013-04-25 17:00:00;2013;4;25;17;116.89;20.518;55.626;3.441;0.0;0.421;0.542;0.685;0.745
2013-04-25 18:00:00;2013;4;25;18;11.611;18.179;61.799;2.702;0.0;0.42;0.542;0.684;0.745
2013-04-25 19:00:00;2013;4;25;19;-4.99;16.068;69.005;2.913;0.0;0.419;0.542;0.684;0.745
2013-04-25 20:00:00;2013;4;25;20;-5.643;14.47;74.545;1.236;0.0;0.418;0.542;0.684;0.745
2013-04-25 21:00:00;2013;4;25;21;-4.462;13.167;79.437;1.745;0.0;0.417;0.542;0.685;0.747
2013-04-25 22:00:00;2013;4;25;22;-4.5;11.271;86.674;2.803;0.0;0.416;0.541;0.685;0.747
2013-04-25 23:00:00;2013;4;25;23;-4.203;11.256;88.508;2.393;0.0;0.414;0.54;0.685;0.747
2013-04-26 00:00:00;2013;4;26;0;-4.54;11.024;87.045;2.332;0.006;0.413;0.54;0.685;0.747
2013-04-26 01:00:00;2013;4;26;1;-4.693;8.928;91.367;1.178;0.007;0.412;0.539;0.685;0.747
2013-04-26 02:00:00;2013;4;26;2;-4.816;7.849;92.185;1.227;0.003;0.411;0.539;0.685;0.746
2013-04-26 03:00:00;2013;4;26;3;-3.298;8.487;95.29;1.5;0.001;0.411;0.538;0.685;0.746
2013-04-26 04:00:00;2013;4;26;4;0.532;10.215;91.693;1.961;0.0;0.411;0.537;0.685;0.746
2013-04-26 05:00:00;2013;4;26;5;37.268;10.366;89.79;3.78;0.0;0.41;0.537;0.685;0.746
2013-04-26 06:00:00;2013;4;26;6;100.96;10.579;92.77;4.094;0.044;0.41;0.536;0.685;0.746
2013-04-26 07:00:00;2013;4;26;7;61.483;10.529;92.812;5.312;0.013;0.41;0.536;0.685;0.747
2013-04-26 08:00:00;2013;4;26;8;32.952;9.494;93.72;5.782;0.972;0.41;0.536;0.685;0.747
2013-04-26 09:00:00;2013;4;26;9;52.903;9.322;92.715;4.015;0.952;0.411;0.536;0.685;0.748
2013-04-26 10:00:00;2013;4;26;10;34.911;8.947;92.253;6.203;0.8;0.413;0.535;0.684;0.751
2013-04-26 11:00:00;2013;4;26;11;65.993;8.507;91.367;8.046;0.92;0.415;0.535;0.684;0.752
2013-04-26 12:00:00;2013;4;26;12;56.165;7.697;89.672;7.11;1.21;0.417;0.536;0.684;0.749
2013-04-26 13:00:00;2013;4;26;13;66.049;7.464;89.443;5.783;1.2;0.422;0.535;0.684;0.74
2013-04-26 14:00:00;2013;4;26;14;113.819;7.474;88.327;5.492;0.37;0.426;0.535;0.684;0.738
2013-04-26 15:00:00;2013;4;26;15;93.341;7.476;83.292;5.6;0.07;0.426;0.535;0.684;0.738
2013-04-26 16:00:00;2013;4;26;16;60.978;7.638;78.307;5.488;0.0;0.425;0.535;0.684;0.739
2013-04-26 17:00:00;2013;4;26;17;9.064;7.15;80.125;4.459;0.0;0.424;0.535;0.684;0.739
2013-04-26 18:00:00;2013;4;26;18;-2.053;6.615;88.403;3.516;0.48;0.423;0.535;0.684;0.739
2013-04-26 19:00:00;2013;4;26;19;-3.749;6.338;91.373;2.285;0.04;0.423;0.535;0.684;0.739
2013-04-26 20:00:00;2013;4;26;20;-4.326;6.164;91.938;1.908;0.0;0.423;0.535;0.684;0.739
2013-04-26 21:00:00;2013;4;26;21;-4.187;5.588;92.538;2.987;0.0;0.423;0.535;0.684;0.74
2013-04-26 22:00:00;2013;4;26;22;-4.151;4.803;92.355;2.702;0.01;0.422;0.535;0.684;0.74
2013-04-26 23:00:00;2013;4;26;23;-4.107;4.128;93.052;3.236;0.0;0.421;0.535;0.684;0.739
2013-04-27 00:00:00;2013;4;27;0;-3.87;3.846;92.938;3.255;0.0;0.421;0.535;0.683;0.74
2013-04-27 01:00:00;2013;4;27;1;-3.928;3.485;92.898;2.961;0.0;0.42;0.535;0.683;0.74
2013-04-27 02:00:00;2013;4;27;2;-4.145;2.942;93.665;2.63;0.01;0.42;0.534;0.683;0.74
2013-04-27 03:00:00;2013;4;27;3;-4.288;3.084;93.627;1.473;0.0;0.419;0.534;0.683;0.742
2013-04-27 04:00:00;2013;4;27;4;5.412;3.445;94.3;1.654;0.0;0.418;0.533;0.683;0.742
2013-04-27 05:00:00;2013;4;27;5;65.807;3.912;94.067;1.593;0.0;0.418;0.533;0.683;0.743
2013-04-27 06:00:00;2013;4;27;6;190.361;5.216;85.098;2.766;0.0;0.418;0.532;0.683;0.743
2013-04-27 07:00:00;2013;4;27;7;359.512;6.36;75.472;3.958;0.0;0.419;0.532;0.683;0.743
2013-04-27 08:00:00;2013;4;27;8;422.224;6.957;70.479;4.736;0.0;0.419;0.532;0.683;0.743
2013-04-27 09:00:00;2013;4;27;9;553.569;7.615;64.583;4.783;0.0;0.42;0.533;0.683;0.743
2013-04-27 10:00:00;2013;4;27;10;737.646;8.79;59.092;4.605;0.0;0.421;0.533;0.683;0.742
2013-04-27 11:00:00;2013;4;27;11;610.595;9.346;54.864;5.062;0.0;0.422;0.533;0.683;0.741
2013-04-27 12:00:00;2013;4;27;12;537.593;9.877;51.928;5.183;0.0;0.423;0.534;0.683;0.741
2013-04-27 13:00:00;2013;4;27;13;562.295;10.316;53.134;6.28;0.0;0.423;0.535;0.682;0.741
2013-04-27 14:00:00;2013;4;27;14;518.461;10.468;55.764;7.118;0.0;0.424;0.534;0.682;0.741
2013-04-27 15:00:00;2013;4;27;15;383.913;10.086;57.251;7.788;0.0;0.424;0.535;0.682;0.74
2013-04-27 16:00:00;2013;4;27;16;323.102;9.606;59.674;8.035;0.0;0.424;0.534;0.682;0.741
2013-04-27 17:00:00;2013;4;27;17;162.55;8.902;58.616;7.288;0.0;0.423;0.534;0.683;0.741
2013-04-27 18:00:00;2013;4;27;18;44.094;7.857;59.102;6.0;0.0;0.423;0.534;0.683;0.742
2013-04-27 19:00:00;2013;4;27;19;-3.323;6.15;66.83;4.195;0.0;0.421;0.533;0.683;0.743
2013-04-27 20:00:00;2013;4;27;20;-4.017;5.232;70.544;4.37;0.0;0.42;0.533;0.682;0.743
2013-04-27 21:00:00;2013;4;27;21;-4.403;3.601;76.12;3.628;0.0;0.42;0.532;0.684;0.745
2013-04-27 22:00:00;2013;4;27;22;-4.89;2.109;81.325;2.744;0.0;0.418;0.532;0.684;0.746
2013-04-27 23:00:00;2013;4;27;23;-4.811;1.402;85.51;2.348;0.0;0.417;0.531;0.683;0.746
2013-04-28 00:00:00;2013;4;28;0;-5.32;0.439;90.335;1.624;0.01;0.416;0.531;0.683;0.747
2013-04-28 01:00:00;2013;4;28;1;-5.429;-0.243;94.065;0.989;0.0;0.415;0.531;0.682;0.746
2013-04-28 02:00:00;2013;4;28;2;-4.849;-0.585;95.435;2.027;0.0;0.414;0.53;0.682;0.747
2013-04-28 03:00:00;2013;4;28;3;-5.02;-1.292;94.507;0.998;0.0;0.413;0.53;0.682;0.747
2013-04-28 04:00:00;2013;4;28;4;15.203;-1.767;95.253;0.916;0.0;0.413;0.529;0.682;0.747
2013-04-28 05:00:00;2013;4;28;5;143.855;-0.803;96.453;0.94;0.0;0.413;0.529;0.681;0.747
2013-04-28 06:00:00;2013;4;28;6;300.556;3.346;93.56;1.081;0.0;0.413;0.528;0.683;0.747
2013-04-28 07:00:00;2013;4;28;7;436.937;5.9;77.899;1.404;0.0;0.414;0.527;0.682;0.746
2013-04-28 08:00:00;2013;4;28;8;470.493;7.182;68.033;1.703;0.0;0.415;0.527;0.683;0.746
2013-04-28 09:00:00;2013;4;28;9;725.326;8.531;59.336;1.636;0.0;0.417;0.527;0.682;0.745
2013-04-28 10:00:00;2013;4;28;10;846.608;9.603;53.335;2.407;0.0;0.419;0.528;0.682;0.743
2013-04-28 11:00:00;2013;4;28;11;861.43;10.175;51.522;2.281;0.0;0.421;0.529;0.682;0.741
2013-04-28 12:00:00;2013;4;28;12;800.494;10.748;50.247;3.009;0.0;0.422;0.529;0.681;0.74
2013-04-28 13:00:00;2013;4;28;13;592.647;11.033;45.544;3.088;0.0;0.424;0.53;0.681;0.74
2013-04-28 14:00:00;2013;4;28;14;499.704;11.214;47.478;3.448;0.0;0.425;0.532;0.681;0.74
2013-04-28 15:00:00;2013;4;28;15;520.055;11.94;43.875;3.875;0.0;0.424;0.533;0.681;0.74
2013-04-28 16:00:00;2013;4;28;16;324.723;11.607;42.698;4.335;0.0;0.424;0.534;0.681;0.74
2013-04-28 17:00:00;2013;4;28;17;126.183;10.9;45.874;4.063;0.0;0.424;0.534;0.681;0.74
2013-04-28 18:00:00;2013;4;28;18;28.863;9.157;54.958;3.592;0.0;0.423;0.534;0.682;0.741
2013-04-28 19:00:00;2013;4;28;19;-4.27;6.701;68.0;3.376;0.0;0.422;0.534;0.682;0.742
2013-04-28 20:00:00;2013;4;28;20;-5.222;5.183;80.747;1.227;0.0;0.42;0.533;0.682;0.743
2013-04-28 21:00:00;2013;4;28;21;-4.41;3.597;85.992;2.247;0.0;0.419;0.532;0.682;0.744
2013-04-28 22:00:00;2013;4;28;22;-4.633;2.984;90.125;2.496;0.0;0.418;0.532;0.682;0.745
2013-04-28 23:00:00;2013;4;28;23;-4.06;3.551;86.948;3.04;0.0;0.416;0.532;0.682;0.746
2013-04-29 00:00:00;2013;4;29;0;-3.982;3.524;81.683;3.665;0.0;0.415;0.531;0.682;0.746
2013-04-29 01:00:00;2013;4;29;1;-4.143;4.731;75.809;4.1;0.0;0.415;0.531;0.682;0.747
2013-04-29 02:00:00;2013;4;29;2;-4.255;3.847;82.371;4.383;0.0;0.414;0.531;0.682;0.747
2013-04-29 03:00:00;2013;4;29;3;-3.542;4.554;71.009;5.448;0.0;0.413;0.531;0.682;0.747
2013-04-29 04:00:00;2013;4;29;4;17.114;4.537;71.058;4.925;0.0;0.413;0.53;0.682;0.747
2013-04-29 05:00:00;2013;4;29;5;32.168;5.523;66.811;5.3;0.0;0.413;0.529;0.682;0.747
2013-04-29 06:00:00;2013;4;29;6;64.181;6.254;74.265;6.718;0.0;0.413;0.529;0.683;0.748
2013-04-29 07:00:00;2013;4;29;7;130.181;7.056;72.199;7.309;0.0;0.413;0.528;0.683;0.747
2013-04-29 08:00:00;2013;4;29;8;226.259;8.0;71.459;8.076;0.0;0.414;0.528;0.682;0.747
2013-04-29 09:00:00;2013;4;29;9;238.792;8.928;71.734;7.656;0.0;0.414;0.528;0.682;0.746
2013-04-29 10:00:00;2013;4;29;10;39.013;7.53;79.669;5.993;0.96;0.414;0.528;0.682;0.746
2013-04-29 11:00:00;2013;4;29;11;124.486;7.067;86.197;4.544;0.19;0.415;0.528;0.682;0.746
2013-04-29 12:00:00;2013;4;29;12;647.669;9.452;76.749;4.722;0.0;0.415;0.528;0.682;0.746
2013-04-29 13:00:00;2013;4;29;13;504.878;11.369;65.489;5.472;0.0;0.416;0.528;0.682;0.746
2013-04-29 14:00:00;2013;4;29;14;462.077;12.073;51.284;6.543;0.0;0.417;0.529;0.682;0.745
2013-04-29 15:00:00;2013;4;29;15;432.758;12.166;46.404;5.969;0.0;0.418;0.529;0.682;0.744
2013-04-29 16:00:00;2013;4;29;16;329.785;11.599;45.355;6.062;0.0;0.418;0.529;0.681;0.743
2013-04-29 17:00:00;2013;4;29;17;159.86;10.981;49.089;5.257;0.0;0.418;0.529;0.682;0.744
2013-04-29 18:00:00;2013;4;29;18;31.827;9.291;53.773;3.023;0.0;0.418;0.53;0.682;0.745
2013-04-29 19:00:00;2013;4;29;19;-4.436;6.58;66.054;1.998;0.0;0.417;0.529;0.682;0.745
2013-04-29 20:00:00;2013;4;29;20;-4.878;4.245;76.259;1.746;0.0;0.416;0.529;0.682;0.746
2013-04-29 21:00:00;2013;4;29;21;-4.459;4.094;79.759;1.669;0.0;0.415;0.529;0.682;0.746
2013-04-29 22:00:00;2013;4;29;22;-4.106;3.42;83.52;2.108;0.0;0.414;0.529;0.682;0.746
2013-04-29 23:00:00;2013;4;29;23;-3.752;3.884;81.562;2.221;0.0;0.413;0.529;0.682;0.746
2013-04-30 00:00:00;2013;4;30;0;-3.614;3.801;81.607;2.789;0.0;0.413;0.528;0.682;0.746
2013-04-30 01:00:00;2013;4;30;1;-3.537;4.217;78.94;2.473;0.0;0.412;0.528;0.681;0.746
2013-04-30 02:00:00;2013;4;30;2;-3.746;4.727;75.127;1.671;0.0;0.412;0.527;0.682;0.746
2013-04-30 03:00:00;2013;4;30;3;-4.398;4.334;77.923;0.57;0.01;0.412;0.527;0.682;0.746
2013-04-30 04:00:00;2013;4;30;4;18.283;3.498;84.478;0.965;0.0;0.411;0.527;0.682;0.746
2013-04-30 05:00:00;2013;4;30;5;119.306;4.61;86.942;1.319;0.0;0.411;0.527;0.682;0.745
2013-04-30 06:00:00;2013;4;30;6;210.373;6.836;82.477;0.636;0.0;0.411;0.526;0.681;0.745
2013-04-30 07:00:00;2013;4;30;7;290.307;8.536;76.275;1.968;0.0;0.411;0.526;0.681;0.746
2013-04-30 08:00:00;2013;4;30;8;467.767;10.032;70.457;2.239;0.0;0.412;0.526;0.681;0.745
2013-04-30 09:00:00;2013;4;30;9;567.993;11.446;64.157;3.405;0.0;0.414;0.526;0.681;0.745
2013-04-30 10:00:00;2013;4;30;10;716.39;12.428;54.072;3.32;0.0;0.415;0.526;0.681;0.744
2013-04-30 11:00:00;2013;4;30;11;777.499;13.271;49.112;4.126;0.0;0.416;0.526;0.681;0.743
2013-04-30 12:00:00;2013;4;30;12;744.629;13.844;47.801;6.096;0.0;0.418;0.527;0.681;0.742
2013-04-30 13:00:00;2013;4;30;13;612.223;13.204;49.271;7.803;0.0;0.418;0.527;0.68;0.741
2013-04-30 14:00:00;2013;4;30;14;601.537;13.333;48.642;7.312;0.0;0.418;0.527;0.68;0.74
2013-04-30 15:00:00;2013;4;30;15;472.708;13.302;50.324;6.923;0.0;0.418;0.527;0.68;0.741
2013-04-30 16:00:00;2013;4;30;16;333.538;13.316;46.995;5.646;0.0;0.417;0.527;0.68;0.741
2013-04-30 17:00:00;2013;4;30;17;200.141;12.68;50.309;4.883;0.0;0.417;0.526;0.681;0.741
2013-04-30 18:00:00;2013;4;30;18;41.397;10.679;58.886;4.915;0.0;0.416;0.527;0.681;0.742
2013-04-30 19:00:00;2013;4;30;19;-2.833;8.307;66.743;3.388;0.0;0.414;0.527;0.68;0.742
2013-04-30 20:00:00;2013;4;30;20;-3.806;8.019;66.829;4.603;0.0;0.412;0.527;0.681;0.743
2013-04-30 21:00:00;2013;4;30;21;-4.021;6.784;72.78;3.84;0.0;0.412;0.526;0.681;0.745
2013-04-30 22:00:00;2013;4;30;22;-4.071;5.435;78.117;3.766;0.0;0.411;0.525;0.682;0.745
2013-04-30 23:00:00;2013;4;30;23;-3.934;4.757;79.972;3.751;0.0;0.41;0.525;0.682;0.744
2013-05-01 00:00:00;2013;5;1;0;-3.884;4.291;81.438;3.577;0.01;0.41;0.525;0.682;0.744
2013-05-01 01:00:00;2013;5;1;1;-3.899;3.899;80.278;3.425;0.0;0.409;0.524;0.682;0.744
2013-05-01 02:00:00;2013;5;1;2;-4.171;3.443;81.314;2.398;0.01;0.408;0.524;0.681;0.743
2013-05-01 03:00:00;2013;5;1;3;-4.159;2.719;84.003;2.211;0.0;0.408;0.524;0.681;0.743
2013-05-01 04:00:00;2013;5;1;4;20.228;2.393;85.637;2.391;0.0;0.407;0.523;0.681;0.742
2013-05-01 05:00:00;2013;5;1;5;127.719;4.066;82.833;2.814;0.0;0.407;0.522;0.681;0.741
2013-05-01 06:00:00;2013;5;1;6;297.43;6.417;74.603;3.612;0.0;0.407;0.521;0.681;0.741
2013-05-01 07:00:00;2013;5;1;7;467.751;9.343;63.856;3.305;0.0;0.407;0.521;0.681;0.741
2013-05-01 08:00:00;2013;5;1;8;615.535;12.086;54.34;3.383;0.0;0.408;0.52;0.681;0.74
2013-05-01 09:00:00;2013;5;1;9;724.372;13.889;48.107;4.543;0.0;0.409;0.52;0.68;0.74
2013-05-01 10:00:00;2013;5;1;10;797.335;14.952;43.288;5.404;0.0;0.41;0.52;0.68;0.74
2013-05-01 11:00:00;2013;5;1;11;841.666;15.781;40.948;5.671;0.0;0.411;0.519;0.68;0.739
2013-05-01 12:00:00;2013;5;1;12;831.022;16.476;40.289;4.909;0.0;0.411;0.519;0.68;0.738
2013-05-01 13:00:00;2013;5;1;13;739.814;16.993;39.569;4.779;0.0;0.412;0.519;0.679;0.737
2013-05-01 14:00:00;2013;5;1;14;448.548;16.554;40.774;4.351;0.0;0.413;0.519;0.679;0.737
2013-05-01 15:00:00;2013;5;1;15;488.444;16.947;40.501;4.233;0.0;0.412;0.519;0.679;0.736
2013-05-01 16:00:00;2013;5;1;16;254.651;16.416;42.612;3.701;0.0;0.411;0.519;0.679;0.736
2013-05-01 17:00:00;2013;5;1;17;82.04;14.658;49.456;3.559;0.0;0.41;0.519;0.679;0.736
2013-05-01 18:00:00;2013;5;1;18;28.421;12.961;54.247;3.296;0.0;0.409;0.518;0.68;0.736
2013-05-01 19:00:00;2013;5;1;19;-3.014;11.596;57.061;3.238;0.0;0.408;0.518;0.68;0.737
2013-05-01 20:00:00;2013;5;1;20;-3.786;10.875;62.145;4.683;0.0;0.407;0.518;0.68;0.737
2013-05-01 21:00:00;2013;5;1;21;-3.786;9.457;63.438;4.046;0.0;0.406;0.517;0.68;0.737
2013-05-01 22:00:00;2013;5;1;22;-3.246;8.574;64.732;3.404;0.0;0.405;0.517;0.68;0.738
2013-05-01 23:00:00;2013;5;1;23;-3.651;7.354;68.667;3.135;0.0;0.404;0.516;0.68;0.737
2013-05-02 00:00:00;2013;5;2;0;-2.96;7.24;68.609;3.543;0.0;0.403;0.516;0.681;0.737
2013-05-02 01:00:00;2013;5;2;1;-2.983;7.31;66.46;3.11;0.0;0.402;0.516;0.681;0.737
2013-05-02 02:00:00;2013;5;2;2;-2.996;7.503;64.849;1.904;0.0;0.402;0.515;0.681;0.737
2013-05-02 03:00:00;2013;5;2;3;-2.965;7.295;68.463;2.168;0.0;0.401;0.515;0.681;0.737
2013-05-02 04:00:00;2013;5;2;4;5.557;6.949;70.826;2.694;0.0;0.401;0.515;0.681;0.737
2013-05-02 05:00:00;2013;5;2;5;55.059;6.672;73.74;3.136;0.01;0.401;0.514;0.681;0.736
2013-05-02 06:00:00;2013;5;2;6;157.252;8.556;67.026;2.585;0.0;0.401;0.514;0.681;0.736
2013-05-02 07:00:00;2013;5;2;7;213.489;10.593;63.964;2.814;0.0;0.401;0.513;0.681;0.736
2013-05-02 08:00:00;2013;5;2;8;158.069;11.419;64.214;3.428;0.0;0.401;0.513;0.681;0.736
2013-05-02 09:00:00;2013;5;2;9;180.866;12.351;62.817;3.524;0.0;0.401;0.513;0.68;0.736
2013-05-02 10:00:00;2013;5;2;10;629.185;14.381;60.132;4.953;0.0;0.401;0.513;0.68;0.736
2013-05-02 11:00:00;2013;5;2;11;475.191;15.504;57.096;5.409;0.0;0.401;0.511;0.68;0.735
2013-05-02 12:00:00;2013;5;2;12;478.088;15.976;55.944;5.601;0.0;0.402;0.511;0.68;0.734
2013-05-02 13:00:00;2013;5;2;13;319.536;16.043;55.372;5.198;0.0;0.402;0.51;0.679;0.734
2013-05-02 14:00:00;2013;5;2;14;302.55;16.257;54.888;4.878;0.0;0.402;0.51;0.679;0.734
2013-05-02 15:00:00;2013;5;2;15;209.64;16.239;53.904;4.317;0.0;0.401;0.51;0.679;0.734
2013-05-02 16:00:00;2013;5;2;16;208.41;16.14;53.698;4.887;0.0;0.401;0.509;0.679;0.734
2013-05-02 17:00:00;2013;5;2;17;90.224;15.307;56.148;4.202;0.0;0.4;0.509;0.679;0.734
2013-05-02 18:00:00;2013;5;2;18;23.382;13.091;61.229;3.327;0.0;0.399;0.509;0.679;0.734
2013-05-02 19:00:00;2013;5;2;19;-4.036;10.715;67.183;2.543;0.0;0.398;0.509;0.679;0.734
2013-05-02 20:00:00;2013;5;2;20;-4.717;9.701;70.031;2.406;0.0;0.397;0.508;0.679;0.736
2013-05-02 21:00:00;2013;5;2;21;-4.435;8.852;75.963;2.477;0.0;0.396;0.508;0.679;0.735
2013-05-02 22:00:00;2013;5;2;22;-4.296;7.874;78.196;2.271;0.0;0.395;0.507;0.68;0.735
2013-05-02 23:00:00;2013;5;2;23;-4.471;5.678;86.542;1.162;0.0;0.395;0.507;0.68;0.734
2013-05-03 00:00:00;2013;5;3;0;-4.541;5.444;85.803;1.241;0.0;0.394;0.507;0.68;0.734
2013-05-03 01:00:00;2013;5;3;1;-4.407;4.322;88.33;1.969;0.01;0.393;0.507;0.68;0.735
2013-05-03 02:00:00;2013;5;3;2;-4.073;4.24;87.98;1.505;0.0;0.393;0.507;0.68;0.735
2013-05-03 03:00:00;2013;5;3;3;-3.339;4.786;85.133;1.827;0.01;0.392;0.506;0.68;0.735
2013-05-03 04:00:00;2013;5;3;4;31.596;3.922;88.295;2.178;0.0;0.391;0.507;0.679;0.735
2013-05-03 05:00:00;2013;5;3;5;148.969;6.14;87.687;2.046;0.0;0.391;0.505;0.68;0.735
2013-05-03 06:00:00;2013;5;3;6;262.797;9.416;75.377;1.148;0.0;0.391;0.505;0.68;0.736
2013-05-03 07:00:00;2013;5;3;7;418.492;12.296;60.338;1.076;0.0;0.392;0.505;0.68;0.736
2013-05-03 08:00:00;2013;5;3;8;603.742;14.222;59.092;1.28;0.0;0.392;0.505;0.68;0.735
2013-05-03 09:00:00;2013;5;3;9;698.26;15.567;56.503;1.768;0.0;0.393;0.504;0.68;0.735
2013-05-03 10:00:00;2013;5;3;10;759.423;16.924;53.307;2.059;0.0;0.395;0.504;0.679;0.734
2013-05-03 11:00:00;2013;5;3;11;727.769;17.66;49.239;2.316;0.0;0.396;0.502;0.679;0.734
2013-05-03 12:00:00;2013;5;3;12;608.282;18.008;48.138;2.803;0.0;0.397;0.502;0.678;0.734
2013-05-03 13:00:00;2013;5;3;13;679.004;18.522;45.902;3.407;0.0;0.397;0.501;0.678;0.733
2013-05-03 14:00:00;2013;5;3;14;378.841;18.245;46.588;3.003;0.0;0.397;0.501;0.678;0.733
2013-05-03 15:00:00;2013;5;3;15;354.423;18.236;46.223;3.153;0.0;0.396;0.501;0.678;0.733
2013-05-03 16:00:00;2013;5;3;16;319.334;18.139;47.175;3.785;0.0;0.395;0.5;0.678;0.732
2013-05-03 17:00:00;2013;5;3;17;168.155;16.797;50.063;3.919;0.0;0.394;0.5;0.679;0.732
2013-05-03 18:00:00;2013;5;3;18;49.309;14.757;51.513;4.518;0.0;0.392;0.5;0.679;0.733
2013-05-03 19:00:00;2013;5;3;19;-3.714;11.795;58.991;3.103;0.0;0.39;0.5;0.679;0.734
2013-05-03 20:00:00;2013;5;3;20;-4.904;9.696;66.837;2.214;0.0;0.389;0.5;0.68;0.733
2013-05-03 21:00:00;2013;5;3;21;-5.569;7.879;74.508;1.136;0.0;0.388;0.5;0.681;0.735
2013-05-03 22:00:00;2013;5;3;22;-5.66;6.301;85.6;0.745;0.0;0.386;0.5;0.68;0.737
2013-05-03 23:00:00;2013;5;3;23;-5.592;5.347;91.098;0.912;0.0;0.385;0.5;0.681;0.738
2013-05-04 00:00:00;2013;5;4;0;-5.356;4.6;93.437;0.861;0.01;0.384;0.5;0.681;0.74
2013-05-04 01:00:00;2013;5;4;1;-4.974;4.03;94.268;1.165;0.0;0.383;0.501;0.681;0.74
2013-05-04 02:00:00;2013;5;4;2;-5.207;5.399;93.872;1.577;0.01;0.382;0.501;0.681;0.74
2013-05-04 03:00:00;2013;5;4;3;-4.3;5.752;89.925;2.163;0.0;0.381;0.501;0.681;0.741
2013-05-04 04:00:00;2013;5;4;4;27.298;6.334;82.265;3.223;0.0;0.38;0.501;0.681;0.741
2013-05-04 05:00:00;2013;5;4;5;142.362;8.192;79.957;2.91;0.0;0.379;0.501;0.681;0.741
2013-05-04 06:00:00;2013;5;4;6;295.96;10.122;76.207;2.971;0.0;0.369;0.497;0.68;0.738
2013-05-04 07:00:00;2013;5;4;7;467.815;11.823;67.414;4.873;0.0;0.367;0.495;0.68;0.738
2013-05-04 08:00:00;2013;5;4;8;625.099;13.175;62.662;5.593;0.0;0.368;0.493;0.68;0.738
2013-05-04 09:00:00;2013;5;4;9;743.278;14.574;54.232;6.926;0.0;0.368;0.493;0.679;0.738
2013-05-04 10:00:00;2013;5;4;10;806.422;15.414;51.657;7.176;0.0;0.368;0.492;0.679;0.738
2013-05-04 11:00:00;2013;5;4;11;873.817;16.107;49.506;6.594;0.0;0.369;0.492;0.679;0.739
2013-05-04 12:00:00;2013;5;4;12;820.372;16.597;46.525;6.648;0.0;0.37;0.491;0.678;0.738
2013-05-04 13:00:00;2013;5;4;13;780.798;17.073;45.235;6.577;0.0;0.37;0.491;0.678;0.738
2013-05-04 14:00:00;2013;5;4;14;602.031;17.065;45.307;6.606;0.0;0.37;0.491;0.678;0.738
2013-05-04 15:00:00;2013;5;4;15;372.859;16.34;50.628;6.855;0.0;0.369;0.49;0.678;0.738
2013-05-04 16:00:00;2013;5;4;16;100.242;14.962;57.608;5.311;0.0;0.369;0.489;0.678;0.738
2013-05-04 17:00:00;2013;5;4;17;31.808;14.106;59.472;5.205;0.0;0.367;0.489;0.678;0.739
2013-05-04 18:00:00;2013;5;4;18;12.43;13.384;63.239;4.49;0.0;0.366;0.488;0.678;0.739
2013-05-04 19:00:00;2013;5;4;19;-2.582;11.921;68.83;3.402;0.0;0.365;0.488;0.678;0.739
2013-05-04 20:00:00;2013;5;4;20;-4.846;10.033;75.774;2.553;0.0;0.364;0.487;0.678;0.74
2013-05-04 21:00:00;2013;5;4;21;-4.517;9.528;76.369;2.598;0.0;0.363;0.487;0.678;0.74
2013-05-04 22:00:00;2013;5;4;22;-4.881;8.777;79.315;2.218;0.0;0.362;0.486;0.678;0.741
2013-05-04 23:00:00;2013;5;4;23;-4.716;7.669;85.521;2.364;0.0;0.361;0.485;0.679;0.741
2013-05-05 00:00:00;2013;5;5;0;-4.353;6.758;89.867;1.983;0.0;0.36;0.484;0.678;0.741
2013-05-05 01:00:00;2013;5;5;1;-4.484;6.367;89.952;2.894;0.0;0.359;0.484;0.678;0.741
2013-05-05 02:00:00;2013;5;5;2;-3.641;6.861;91.128;2.278;0.0;0.359;0.483;0.678;0.741
2013-05-05 03:00:00;2013;5;5;3;-2.666;8.007;87.612;2.751;0.0;0.358;0.482;0.679;0.74
2013-05-05 04:00:00;2013;5;5;4;22.969;8.502;85.793;3.272;0.0;0.358;0.482;0.679;0.74
2013-05-05 05:00:00;2013;5;5;5;81.282;8.518;88.122;2.604;0.0;0.358;0.482;0.679;0.74
2013-05-05 06:00:00;2013;5;5;6;258.896;10.118;83.633;3.664;0.0;0.358;0.481;0.678;0.74
2013-05-05 07:00:00;2013;5;5;7;475.618;11.482;79.044;3.448;0.0;0.359;0.481;0.678;0.74
2013-05-05 08:00:00;2013;5;5;8;621.928;13.081;73.188;3.459;0.0;0.359;0.481;0.678;0.74
2013-05-05 09:00:00;2013;5;5;9;734.594;14.657;64.83;3.221;0.0;0.36;0.481;0.678;0.74
2013-05-05 10:00:00;2013;5;5;10;807.773;15.921;55.364;3.044;0.0;0.361;0.48;0.677;0.74
2013-05-05 11:00:00;2013;5;5;11;567.69;16.499;49.611;2.609;0.0;0.363;0.481;0.677;0.74
2013-05-05 12:00:00;2013;5;5;12;843.504;17.805;42.597;2.559;0.0;0.364;0.481;0.677;0.74
2013-05-05 13:00:00;2013;5;5;13;680.943;18.433;42.303;2.58;0.0;0.365;0.482;0.677;0.74
2013-05-05 14:00:00;2013;5;5;14;636.747;18.847;38.203;2.399;0.0;0.365;0.483;0.677;0.74
2013-05-05 15:00:00;2013;5;5;15;532.769;18.978;37.561;1.947;0.0;0.365;0.483;0.677;0.739
2013-05-05 16:00:00;2013;5;5;16;342.476;19.188;36.555;1.619;0.0;0.365;0.483;0.677;0.74
2013-05-05 17:00:00;2013;5;5;17;171.976;18.588;38.568;1.141;0.0;0.364;0.483;0.677;0.74
2013-05-05 18:00:00;2013;5;5;18;43.414;15.04;60.059;4.026;0.0;0.363;0.483;0.678;0.74
2013-05-05 19:00:00;2013;5;5;19;-2.97;11.607;70.767;2.876;0.0;0.362;0.482;0.678;0.742
2013-05-05 20:00:00;2013;5;5;20;-4.668;9.749;77.649;2.646;0.0;0.36;0.481;0.678;0.742
2013-05-05 21:00:00;2013;5;5;21;-4.289;8.386;81.158;2.912;0.0;0.358;0.48;0.678;0.742
2013-05-05 22:00:00;2013;5;5;22;-4.109;7.74;83.86;2.849;0.0;0.357;0.479;0.678;0.743
2013-05-05 23:00:00;2013;5;5;23;-4.418;7.375;86.01;1.863;0.0;0.356;0.478;0.679;0.743
2013-05-06 00:00:00;2013;5;6;0;-4.785;6.627;89.707;1.859;0.01;0.355;0.477;0.679;0.742
2013-05-06 01:00:00;2013;5;6;1;-4.579;6.387;92.728;1.977;0.0;0.354;0.477;0.679;0.742
2013-05-06 02:00:00;2013;5;6;2;-4.862;5.388;94.193;1.668;0.01;0.353;0.476;0.679;0.741
2013-05-06 03:00:00;2013;5;6;3;-3.616;4.531;95.73;2.336;0.0;0.352;0.475;0.679;0.74
2013-05-06 04:00:00;2013;5;6;4;31.465;5.0;96.535;2.594;0.0;0.352;0.474;0.68;0.74
2013-05-06 05:00:00;2013;5;6;5;140.548;7.582;95.987;2.245;0.0;0.351;0.474;0.68;0.74
2013-05-06 06:00:00;2013;5;6;6;295.21;11.093;86.126;1.705;0.0;0.351;0.473;0.68;0.74
2013-05-06 07:00:00;2013;5;6;7;453.147;15.365;68.544;0.903;0.0;0.352;0.473;0.68;0.74
2013-05-06 08:00:00;2013;5;6;8;604.0;19.289;49.079;1.846;0.0;0.353;0.473;0.679;0.741
2013-05-06 09:00:00;2013;5;6;9;722.228;21.027;41.469;2.221;0.0;0.355;0.473;0.679;0.742
2013-05-06 10:00:00;2013;5;6;10;778.464;21.985;38.534;2.267;0.0;0.357;0.473;0.679;0.741
2013-05-06 11:00:00;2013;5;6;11;817.101;22.548;35.866;2.295;0.0;0.359;0.473;0.678;0.741
2013-05-06 12:00:00;2013;5;6;12;747.197;22.984;35.833;2.144;0.0;0.36;0.474;0.678;0.74
2013-05-06 13:00:00;2013;5;6;13;688.077;23.469;33.561;2.624;0.0;0.361;0.474;0.678;0.74
2013-05-06 14:00:00;2013;5;6;14;570.523;23.79;32.287;1.598;0.0;0.361;0.475;0.677;0.739
2013-05-06 15:00:00;2013;5;6;15;425.455;22.447;42.924;4.584;0.0;0.361;0.475;0.677;0.739
2013-05-06 16:00:00;2013;5;6;16;201.934;20.421;48.556;6.091;0.0;0.36;0.475;0.677;0.739
2013-05-06 17:00:00;2013;5;6;17;89.289;18.537;53.587;5.251;0.0;0.358;0.474;0.677;0.74
2013-05-06 18:00:00;2013;5;6;18;30.856;16.856;61.238;4.402;0.0;0.357;0.473;0.678;0.741
2013-05-06 19:00:00;2013;5;6;19;-2.658;14.949;70.263;3.948;0.0;0.355;0.473;0.678;0.74
2013-05-06 20:00:00;2013;5;6;20;-4.306;13.65;75.179;3.738;0.0;0.354;0.472;0.678;0.741
2013-05-06 21:00:00;2013;5;6;21;-4.201;12.273;80.535;3.84;0.0;0.353;0.471;0.678;0.741
2013-05-06 22:00:00;2013;5;6;22;-4.464;11.267;83.495;2.948;0.0;0.352;0.471;0.679;0.74
2013-05-06 23:00:00;2013;5;6;23;-4.344;10.446;86.518;3.237;0.0;0.35;0.47;0.679;0.738
2013-05-07 00:00:00;2013;5;7;0;-4.129;9.953;88.243;2.875;0.0;0.35;0.469;0.679;0.738
2013-05-07 01:00:00;2013;5;7;1;-4.468;9.05;90.662;3.012;0.01;0.349;0.468;0.679;0.737
2013-05-07 02:00:00;2013;5;7;2;-4.3;8.362;93.622;3.089;0.01;0.348;0.468;0.679;0.736
2013-05-07 03:00:00;2013;5;7;3;-2.936;7.823;94.885;2.516;0.0;0.347;0.467;0.679;0.736
2013-05-07 04:00:00;2013;5;7;4;32.458;7.892;95.635;2.738;0.0;0.346;0.466;0.679;0.736
2013-05-07 05:00:00;2013;5;7;5;113.868;9.557;94.012;2.484;0.0;0.345;0.466;0.679;0.737
2013-05-07 06:00:00;2013;5;7;6;288.005;13.262;82.536;1.768;0.0;0.345;0.465;0.679;0.737
2013-05-07 07:00:00;2013;5;7;7;338.298;17.079;65.188;1.904;0.0;0.346;0.465;0.679;0.737
2013-05-07 08:00:00;2013;5;7;8;503.119;19.849;57.124;3.21;0.0;0.347;0.465;0.679;0.738
2013-05-07 09:00:00;2013;5;7;9;733.507;21.927;41.452;6.723;0.0;0.349;0.465;0.678;0.738
2013-05-07 10:00:00;2013;5;7;10;582.036;22.131;43.486;6.109;0.0;0.35;0.464;0.678;0.739
2013-05-07 11:00:00;2013;5;7;11;389.805;21.502;50.031;6.238;0.0;0.35;0.464;0.677;0.739
2013-05-07 12:00:00;2013;5;7;12;461.01;20.736;53.52;5.859;0.0;0.35;0.464;0.677;0.739
2013-05-07 13:00:00;2013;5;7;13;253.119;19.884;55.965;6.354;0.0;0.35;0.464;0.677;0.739
2013-05-07 14:00:00;2013;5;7;14;181.119;18.837;62.302;6.231;0.04;0.35;0.464;0.677;0.739
2013-05-07 15:00:00;2013;5;7;15;128.555;16.938;78.203;3.712;1.158;0.35;0.464;0.677;0.739
2013-05-07 16:00:00;2013;5;7;16;71.395;16.602;75.901;4.088;0.119;0.35;0.466;0.677;0.739
2013-05-07 17:00:00;2013;5;7;17;22.938;15.449;80.893;4.884;0.007;0.349;0.466;0.678;0.738
2013-05-07 18:00:00;2013;5;7;18;3.75;15.115;83.04;3.131;0.006;0.349;0.466;0.678;0.738
2013-05-07 19:00:00;2013;5;7;19;-2.757;15.043;83.54;2.732;0.0;0.349;0.466;0.678;0.738
2013-05-07 20:00:00;2013;5;7;20;-3.251;15.042;86.015;2.388;0.001;0.348;0.465;0.679;0.738
2013-05-07 21:00:00;2013;5;7;21;-3.417;15.077;87.953;2.199;0.002;0.348;0.465;0.678;0.737
2013-05-07 22:00:00;2013;5;7;22;-4.374;14.905;89.995;1.503;0.001;0.348;0.465;0.678;0.737
2013-05-07 23:00:00;2013;5;7;23;-3.883;15.288;89.502;2.001;0.0;0.347;0.464;0.678;0.738
2013-05-08 00:00:00;2013;5;8;0;-4.392;14.683;90.568;2.437;0.004;0.347;0.464;0.678;0.737
2013-05-08 01:00:00;2013;5;8;1;-3.824;14.046;93.523;2.09;0.002;0.347;0.464;0.678;0.737
2013-05-08 02:00:00;2013;5;8;2;-3.679;14.196;94.157;1.871;0.0;0.346;0.464;0.679;0.737
2013-05-08 03:00:00;2013;5;8;3;-2.899;14.312;93.048;2.877;0.0;0.346;0.464;0.678;0.737
2013-05-08 04:00:00;2013;5;8;4;2.443;14.133;93.03;4.094;0.0;0.346;0.464;0.679;0.736
2013-05-08 05:00:00;2013;5;8;5;19.939;13.922;91.66;3.711;0.0;0.346;0.464;0.678;0.737
2013-05-08 06:00:00;2013;5;8;6;92.797;14.17;89.602;4.239;0.0;0.346;0.463;0.679;0.737
2013-05-08 07:00:00;2013;5;8;7;144.363;14.53;87.707;4.55;0.0;0.346;0.463;0.679;0.737
2013-05-08 08:00:00;2013;5;8;8;391.124;15.675;83.357;4.165;0.0;0.347;0.464;0.678;0.737
2013-05-08 09:00:00;2013;5;8;9;588.257;17.91;73.663;4.872;0.0;0.348;0.464;0.678;0.737
2013-05-08 10:00:00;2013;5;8;10;737.704;19.927;58.788;5.707;0.0;0.349;0.464;0.678;0.738
2013-05-08 11:00:00;2013;5;8;11;736.059;21.097;53.619;5.933;0.0;0.35;0.464;0.677;0.738
2013-05-08 12:00:00;2013;5;8;12;277.64;20.479;52.616;6.83;0.0;0.352;0.464;0.677;0.739
2013-05-08 13:00:00;2013;5;8;13;149.141;16.947;75.681;6.671;0.418;0.352;0.465;0.677;0.739
2013-05-08 14:00:00;2013;5;8;14;252.642;17.719;73.452;6.058;0.002;0.351;0.465;0.677;0.739
2013-05-08 15:00:00;2013;5;8;15;175.223;17.755;76.363;6.008;0.003;0.35;0.465;0.677;0.739
2013-05-08 16:00:00;2013;5;8;16;150.497;17.846;77.884;5.978;0.001;0.351;0.466;0.678;0.739
2013-05-08 17:00:00;2013;5;8;17;80.754;17.407;78.989;4.49;0.001;0.35;0.466;0.679;0.738
2013-05-08 18:00:00;2013;5;8;18;12.973;16.788;77.175;4.469;0.003;0.35;0.466;0.679;0.738
2013-05-08 19:00:00;2013;5;8;19;-3.007;14.704;86.26;2.893;0.007;0.349;0.466;0.679;0.738
2013-05-08 20:00:00;2013;5;8;20;-3.245;14.558;89.345;2.682;11.119;0.35;0.467;0.68;0.738
2013-05-08 21:00:00;2013;5;8;21;-2.458;14.366;92.863;2.699;0.362;0.358;0.485;0.689;0.745
2013-05-08 22:00:00;2013;5;8;22;-2.874;14.264;90.608;3.508;0.002;0.357;0.483;0.689;0.746
2013-05-08 23:00:00;2013;5;8;23;-3.345;13.714;90.262;3.597;0.004;0.356;0.482;0.689;0.745
2013-05-09 00:00:00;2013;5;9;0;-4.173;12.865;91.752;3.38;0.005;0.356;0.481;0.689;0.746
2013-05-09 01:00:00;2013;5;9;1;-4.066;12.196;93.095;3.311;0.004;0.355;0.481;0.689;0.747
2013-05-09 02:00:00;2013;5;9;2;-3.361;12.551;89.987;3.605;0.001;0.354;0.48;0.688;0.747
2013-05-09 03:00:00;2013;5;9;3;-1.933;12.754;87.585;4.131;0.001;0.353;0.479;0.688;0.747
2013-05-09 04:00:00;2013;5;9;4;9.702;12.968;85.185;5.157;0.0;0.353;0.479;0.688;0.747
2013-05-09 05:00:00;2013;5;9;5;51.066;12.243;85.113;5.696;0.129;0.353;0.478;0.689;0.747
2013-05-09 06:00:00;2013;5;9;6;217.135;11.831;83.147;5.214;0.0;0.353;0.478;0.688;0.747
2013-05-09 07:00:00;2013;5;9;7;363.812;12.716;78.159;5.142;0.0;0.352;0.477;0.688;0.747
2013-05-09 08:00:00;2013;5;9;8;612.959;13.204;72.496;5.658;0.0;0.353;0.477;0.688;0.747
2013-05-09 09:00:00;2013;5;9;9;692.748;13.653;63.607;6.073;0.0;0.354;0.477;0.688;0.747
2013-05-09 10:00:00;2013;5;9;10;798.302;14.67;54.668;5.413;0.0;0.355;0.477;0.687;0.746
2013-05-09 11:00:00;2013;5;9;11;852.802;15.306;42.913;6.35;0.0;0.356;0.477;0.687;0.745
2013-05-09 12:00:00;2013;5;9;12;826.71;15.886;42.119;5.594;0.0;0.358;0.477;0.686;0.743
2013-05-09 13:00:00;2013;5;9;13;706.868;16.135;44.521;6.259;0.0;0.358;0.477;0.686;0.742
2013-05-09 14:00:00;2013;5;9;14;541.137;15.904;45.904;6.909;0.0;0.359;0.477;0.685;0.742
2013-05-09 15:00:00;2013;5;9;15;340.385;15.463;46.402;6.103;0.0;0.358;0.477;0.685;0.742
2013-05-09 16:00:00;2013;5;9;16;234.936;15.168;46.143;6.08;0.0;0.357;0.477;0.685;0.743
2013-05-09 17:00:00;2013;5;9;17;152.839;14.793;46.173;5.88;0.0;0.355;0.476;0.685;0.743
2013-05-09 18:00:00;2013;5;9;18;53.733;13.572;52.341;3.811;0.0;0.354;0.476;0.685;0.743
2013-05-09 19:00:00;2013;5;9;19;-1.72;12.235;55.309;3.07;0.0;0.353;0.476;0.685;0.743
2013-05-09 20:00:00;2013;5;9;20;-5.701;9.501;70.451;1.483;0.0;0.351;0.475;0.685;0.743
2013-05-09 21:00:00;2013;5;9;21;-4.687;7.57;78.012;2.768;0.0;0.35;0.474;0.685;0.743
2013-05-09 22:00:00;2013;5;9;22;-4.121;6.933;81.539;3.667;0.0;0.349;0.473;0.686;0.742
2013-05-09 23:00:00;2013;5;9;23;-3.779;8.097;77.715;4.161;0.0;0.348;0.472;0.686;0.742
2013-05-10 00:00:00;2013;5;10;0;-3.764;8.428;77.039;4.425;0.002;0.347;0.471;0.686;0.742
2013-05-10 01:00:00;2013;5;10;1;-2.911;10.225;71.195;4.714;0.0;0.346;0.47;0.686;0.741
2013-05-10 02:00:00;2013;5;10;2;-3.17;10.508;69.026;5.333;0.0;0.346;0.47;0.686;0.741
2013-05-10 03:00:00;2013;5;10;3;-2.224;10.659;67.406;6.06;0.0;0.346;0.469;0.686;0.741
2013-05-10 04:00:00;2013;5;10;4;14.576;10.514;68.917;6.195;0.0;0.345;0.468;0.686;0.74
2013-05-10 05:00:00;2013;5;10;5;53.161;10.638;70.371;6.237;0.0;0.345;0.468;0.686;0.741
2013-05-10 06:00:00;2013;5;10;6;158.699;11.357;73.276;8.443;0.0;0.345;0.468;0.686;0.74
2013-05-10 07:00:00;2013;5;10;7;282.645;11.864;72.044;8.981;0.0;0.345;0.467;0.685;0.741
2013-05-10 08:00:00;2013;5;10;8;248.567;12.454;70.068;8.586;0.0;0.345;0.467;0.685;0.741
2013-05-10 09:00:00;2013;5;10;9;231.321;12.75;69.036;8.323;0.0;0.345;0.467;0.685;0.742
2013-05-10 10:00:00;2013;5;10;10;245.187;13.347;66.869;8.353;0.0;0.345;0.467;0.684;0.743
2013-05-10 11:00:00;2013;5;10;11;134.62;13.132;67.918;6.215;0.0;0.346;0.467;0.684;0.743
2013-05-10 12:00:00;2013;5;10;12;131.761;13.645;65.786;6.665;0.0;0.346;0.467;0.684;0.743
2013-05-10 13:00:00;2013;5;10;13;71.812;13.625;65.159;6.187;0.0;0.346;0.467;0.684;0.742
2013-05-10 14:00:00;2013;5;10;14;146.729;13.702;68.025;6.034;0.0;0.346;0.467;0.684;0.741
2013-05-10 15:00:00;2013;5;10;15;131.295;13.947;66.226;5.655;0.0;0.346;0.467;0.685;0.741
2013-05-10 16:00:00;2013;5;10;16;94.355;14.038;64.492;6.425;0.0;0.346;0.466;0.685;0.741
2013-05-10 17:00:00;2013;5;10;17;78.925;13.538;63.858;7.246;0.0;0.345;0.466;0.684;0.741
2013-05-10 18:00:00;2013;5;10;18;17.909;12.741;65.08;5.544;0.0;0.345;0.466;0.684;0.741
2013-05-10 19:00:00;2013;5;10;19;-1.313;10.887;71.41;2.553;0.0;0.345;0.466;0.684;0.741
2013-05-10 20:00:00;2013;5;10;20;-4.775;9.712;79.393;1.782;0.0;0.344;0.466;0.685;0.74
2013-05-10 21:00:00;2013;5;10;21;-3.423;9.69;79.811;3.051;0.0;0.343;0.466;0.684;0.74
2013-05-10 22:00:00;2013;5;10;22;-3.5;10.308;72.954;3.785;0.0;0.343;0.465;0.684;0.74
2013-05-10 23:00:00;2013;5;10;23;-4.225;8.193;80.288;4.387;0.0;0.342;0.465;0.685;0.739
2013-05-11 00:00:00;2013;5;11;0;-3.934;8.332;79.004;4.689;0.004;0.342;0.465;0.685;0.74
2013-05-11 01:00:00;2013;5;11;1;-3.984;7.903;81.429;4.512;0.003;0.342;0.465;0.685;0.74
2013-05-11 02:00:00;2013;5;11;2;-3.943;7.745;82.243;3.935;0.002;0.341;0.464;0.685;0.74
2013-05-11 03:00:00;2013;5;11;3;-2.234;6.679;86.792;3.359;0.003;0.341;0.464;0.685;0.74
2013-05-11 04:00:00;2013;5;11;4;26.06;7.595;87.58;3.301;0.001;0.34;0.463;0.685;0.74
2013-05-11 05:00:00;2013;5;11;5;40.701;9.204;82.466;4.359;0.0;0.34;0.462;0.686;0.74
2013-05-11 06:00:00;2013;5;11;6;54.597;10.091;79.984;4.582;0.0;0.34;0.462;0.685;0.74
2013-05-11 07:00:00;2013;5;11;7;82.036;10.667;80.884;5.334;0.113;0.339;0.462;0.685;0.74
2013-05-11 08:00:00;2013;5;11;8;134.597;10.466;87.212;4.662;0.131;0.34;0.462;0.685;0.74
2013-05-11 09:00:00;2013;5;11;9;66.668;10.309;82.456;5.245;0.5;0.34;0.462;0.685;0.74
2013-05-11 10:00:00;2013;5;11;10;80.0;8.749;85.065;6.419;2.34;0.342;0.463;0.685;0.74
2013-05-11 11:00:00;2013;5;11;11;390.678;9.052;85.71;3.124;0.26;0.352;0.485;0.684;0.745
2013-05-11 12:00:00;2013;5;11;12;543.965;11.345;77.415;5.587;0.0;0.352;0.48;0.684;0.744
2013-05-11 13:00:00;2013;5;11;13;612.565;12.078;71.15;6.416;0.12;0.351;0.478;0.684;0.744
2013-05-11 14:00:00;2013;5;11;14;306.163;13.015;62.954;6.376;0.0;0.351;0.477;0.683;0.744
2013-05-11 15:00:00;2013;5;11;15;349.522;12.802;63.715;7.994;0.0;0.351;0.476;0.683;0.743
2013-05-11 16:00:00;2013;5;11;16;181.566;12.042;72.361;7.762;0.0;0.35;0.475;0.684;0.742
2013-05-11 17:00:00;2013;5;11;17;36.717;11.19;81.995;4.906;0.25;0.349;0.475;0.683;0.742
2013-05-11 18:00:00;2013;5;11;18;2.458;11.212;82.842;3.733;0.15;0.349;0.474;0.683;0.741
2013-05-11 19:00:00;2013;5;11;19;-2.157;11.515;78.306;5.988;0.01;0.348;0.474;0.683;0.741
2013-05-11 20:00:00;2013;5;11;20;-2.977;11.525;76.361;5.639;0.0;0.348;0.473;0.684;0.741
2013-05-11 21:00:00;2013;5;11;21;-3.672;11.31;74.801;7.299;0.03;0.347;0.473;0.683;0.741
2013-05-11 22:00:00;2013;5;11;22;-3.817;10.137;78.587;8.094;0.55;0.347;0.473;0.683;0.741
2013-05-11 23:00:00;2013;5;11;23;-2.485;8.164;87.973;6.191;2.38;0.353;0.481;0.683;0.742
2013-05-12 00:00:00;2013;5;12;0;-2.593;7.556;88.462;5.016;1.044;0.362;0.496;0.684;0.741
2013-05-12 01:00:00;2013;5;12;1;-3.21;7.181;89.413;3.558;0.011;0.363;0.5;0.684;0.74
2013-05-12 02:00:00;2013;5;12;2;-3.372;7.049;90.132;3.061;0.069;0.361;0.496;0.684;0.742
2013-05-12 03:00:00;2013;5;12;3;-2.888;7.118;90.727;3.767;0.34;0.36;0.494;0.684;0.742
2013-05-12 04:00:00;2013;5;12;4;8.593;7.145;88.815;4.643;0.017;0.361;0.492;0.684;0.741
2013-05-12 05:00:00;2013;5;12;5;62.145;7.053;87.15;4.361;0.153;0.361;0.491;0.684;0.741
2013-05-12 06:00:00;2013;5;12;6;41.573;6.802;89.23;3.008;0.95;0.364;0.493;0.684;0.742
2013-05-12 07:00:00;2013;5;12;7;190.315;7.82;87.42;2.561;0.024;0.37;0.498;0.685;0.742
2013-05-12 08:00:00;2013;5;12;8;545.412;9.698;74.819;4.882;0.001;0.371;0.498;0.685;0.742
2013-05-12 09:00:00;2013;5;12;9;438.053;10.344;65.988;5.757;0.0;0.371;0.499;0.685;0.742
2013-05-12 10:00:00;2013;5;12;10;492.544;10.877;63.354;6.147;0.0;0.371;0.498;0.685;0.743
2013-05-12 11:00:00;2013;5;12;11;774.359;12.084;58.063;7.356;0.0;0.371;0.497;0.684;0.743
2013-05-12 12:00:00;2013;5;12;12;669.586;12.272;56.056;6.081;0.0;0.371;0.496;0.684;0.743
2013-05-12 13:00:00;2013;5;12;13;461.696;12.6;58.636;6.408;0.0;0.371;0.496;0.684;0.742
2013-05-12 14:00:00;2013;5;12;14;451.303;11.874;70.2;7.014;0.0;0.371;0.495;0.684;0.742
2013-05-12 15:00:00;2013;5;12;15;81.136;10.499;78.087;7.057;0.037;0.371;0.495;0.684;0.742
2013-05-12 16:00:00;2013;5;12;16;182.904;10.357;79.62;5.212;0.035;0.37;0.494;0.685;0.742
2013-05-12 17:00:00;2013;5;12;17;58.597;10.551;75.551;3.681;0.005;0.369;0.494;0.685;0.743
2013-05-12 18:00:00;2013;5;12;18;39.127;10.23;71.766;3.29;0.004;0.368;0.494;0.685;0.744
2013-05-12 19:00:00;2013;5;12;19;-1.192;8.802;74.806;2.775;0.005;0.367;0.493;0.685;0.745
2013-05-12 20:00:00;2013;5;12;20;-3.306;8.592;80.486;3.191;0.003;0.367;0.493;0.686;0.745
2013-05-12 21:00:00;2013;5;12;21;-3.356;9.437;79.465;3.694;0.0;0.366;0.492;0.686;0.745
2013-05-12 22:00:00;2013;5;12;22;-3.77;9.475;75.582;5.285;0.315;0.365;0.492;0.685;0.746
2013-05-12 23:00:00;2013;5;12;23;-3.586;8.233;84.525;6.298;0.686;0.365;0.491;0.686;0.746
2013-05-13 00:00:00;2013;5;13;0;-2.722;7.782;92.787;5.646;0.58;0.365;0.49;0.686;0.746
2013-05-13 01:00:00;2013;5;13;1;-2.807;8.082;93.785;6.152;0.18;0.367;0.49;0.686;0.746
2013-05-13 02:00:00;2013;5;13;2;-2.847;8.576;93.642;5.978;0.1;0.367;0.489;0.686;0.746
2013-05-13 03:00:00;2013;5;13;3;-2.646;9.128;93.98;5.127;0.0;0.367;0.489;0.686;0.745
2013-05-13 04:00:00;2013;5;13;4;5.931;9.804;94.512;5.453;0.06;0.367;0.489;0.686;0.746
2013-05-13 05:00:00;2013;5;13;5;22.978;10.43;94.585;5.165;0.28;0.367;0.489;0.686;0.745
2013-05-13 06:00:00;2013;5;13;6;58.275;10.937;94.877;5.442;1.0;0.371;0.49;0.686;0.743
2013-05-13 07:00:00;2013;5;13;7;80.651;11.249;93.543;5.358;0.28;0.39;0.499;0.686;0.74
2013-05-13 08:00:00;2013;5;13;8;137.759;11.637;91.682;5.772;0.27;0.397;0.501;0.686;0.739
2013-05-13 09:00:00;2013;5;13;9;357.704;12.459;86.177;6.221;0.01;0.398;0.501;0.686;0.739
2013-05-13 10:00:00;2013;5;13;10;286.149;12.952;79.059;6.799;0.0;0.399;0.501;0.686;0.74
2013-05-13 11:00:00;2013;5;13;11;392.759;12.951;76.916;6.698;0.0;0.399;0.501;0.686;0.74
2013-05-13 12:00:00;2013;5;13;12;199.402;13.227;70.185;5.599;0.0;0.398;0.5;0.686;0.741
2013-05-13 13:00:00;2013;5;13;13;329.647;13.495;63.821;7.247;0.0;0.397;0.5;0.686;0.74
2013-05-13 14:00:00;2013;5;13;14;258.555;13.194;61.926;6.877;0.0;0.396;0.5;0.686;0.74
2013-05-13 15:00:00;2013;5;13;15;87.16;12.315;69.94;5.306;0.0;0.394;0.5;0.686;0.74
2013-05-13 16:00:00;2013;5;13;16;164.406;12.228;62.565;6.421;0.0;0.393;0.501;0.686;0.74
2013-05-13 17:00:00;2013;5;13;17;97.919;11.86;59.188;6.0;0.0;0.392;0.5;0.686;0.74
2013-05-13 18:00:00;2013;5;13;18;16.935;11.182;62.931;4.897;0.0;0.391;0.499;0.686;0.741
2013-05-13 19:00:00;2013;5;13;19;-1.02;10.208;74.279;4.49;0.5;0.39;0.499;0.686;0.743
2013-05-13 20:00:00;2013;5;13;20;-4.194;9.203;80.413;4.464;0.0;0.389;0.499;0.686;0.743
2013-05-13 21:00:00;2013;5;13;21;-4.013;9.032;72.685;5.994;0.01;0.388;0.498;0.686;0.744
2013-05-13 22:00:00;2013;5;13;22;-3.412;8.892;71.657;6.281;0.0;0.386;0.498;0.686;0.744
2013-05-13 23:00:00;2013;5;13;23;-3.25;8.909;73.044;6.579;0.0;0.386;0.497;0.687;0.745
2013-05-14 00:00:00;2013;5;14;0;-3.767;7.965;80.583;6.456;0.09;0.385;0.497;0.687;0.745
2013-05-14 01:00:00;2013;5;14;1;-3.052;7.359;85.675;6.729;1.19;0.384;0.497;0.687;0.745
2013-05-14 02:00:00;2013;5;14;2;-3.133;7.107;86.548;4.595;0.01;0.386;0.498;0.687;0.743
2013-05-14 03:00:00;2013;5;14;3;-1.36;7.148;87.618;4.127;0.0;0.385;0.497;0.687;0.743
2013-05-14 04:00:00;2013;5;14;4;25.23;7.618;86.58;3.889;0.0;0.385;0.497;0.687;0.743
2013-05-14 05:00:00;2013;5;14;5;31.38;7.611;85.713;4.151;1.61;0.386;0.498;0.687;0.743
2013-05-14 06:00:00;2013;5;14;6;168.246;7.664;88.16;3.193;0.12;0.405;0.503;0.686;0.742
2013-05-14 07:00:00;2013;5;14;7;226.436;9.573;80.755;4.519;0.0;0.411;0.506;0.686;0.742
2013-05-14 08:00:00;2013;5;14;8;280.329;10.089;76.405;5.722;0.0;0.411;0.506;0.686;0.742
2013-05-14 09:00:00;2013;5;14;9;338.328;10.972;68.349;6.322;0.0;0.411;0.506;0.686;0.742
2013-05-14 10:00:00;2013;5;14;10;475.18;11.617;64.764;5.708;0.0;0.41;0.505;0.685;0.743
2013-05-14 11:00:00;2013;5;14;11;386.15;11.665;65.186;6.071;0.0;0.41;0.505;0.685;0.743
2013-05-14 12:00:00;2013;5;14;12;326.679;11.303;69.516;3.618;0.0;0.409;0.505;0.685;0.743
2013-05-14 13:00:00;2013;5;14;13;245.258;10.835;75.832;4.188;0.579;0.409;0.504;0.685;0.743
2013-05-14 14:00:00;2013;5;14;14;319.812;11.588;69.243;6.172;0.006;0.41;0.505;0.685;0.743
2013-05-14 15:00:00;2013;5;14;15;185.377;11.518;67.109;6.39;0.003;0.41;0.505;0.685;0.743
2013-05-14 16:00:00;2013;5;14;16;133.614;9.943;82.792;5.448;0.122;0.409;0.505;0.685;0.742
2013-05-14 17:00:00;2013;5;14;17;98.855;10.188;82.552;4.547;0.006;0.409;0.505;0.686;0.742
2013-05-14 18:00:00;2013;5;14;18;18.8;9.787;84.835;3.525;0.003;0.409;0.505;0.686;0.742
2013-05-14 19:00:00;2013;5;14;19;-2.438;9.657;87.54;3.952;0.004;0.408;0.505;0.686;0.742
2013-05-14 20:00:00;2013;5;14;20;-3.027;10.08;86.711;3.73;0.001;0.407;0.504;0.686;0.742
2013-05-14 21:00:00;2013;5;14;21;-3.041;9.765;86.205;4.134;0.002;0.406;0.504;0.686;0.742
2013-05-14 22:00:00;2013;5;14;22;-3.493;9.797;86.318;4.903;0.04;0.406;0.504;0.686;0.741
2013-05-14 23:00:00;2013;5;14;23;-3.804;9.816;87.963;5.173;0.009;0.405;0.504;0.686;0.741
2013-05-15 00:00:00;2013;5;15;0;-3.232;10.029;85.96;5.074;0.001;0.405;0.503;0.686;0.741
2013-05-15 01:00:00;2013;5;15;1;-3.002;10.203;84.527;5.241;0.001;0.404;0.503;0.686;0.741
2013-05-15 02:00:00;2013;5;15;2;-3.335;10.033;82.936;4.704;0.0;0.403;0.503;0.686;0.741
2013-05-15 03:00:00;2013;5;15;3;-1.578;9.732;83.043;3.222;0.001;0.403;0.502;0.686;0.741
2013-05-15 04:00:00;2013;5;15;4;27.701;10.37;82.183;3.611;0.0;0.403;0.502;0.686;0.74
2013-05-15 05:00:00;2013;5;15;5;141.603;11.809;77.009;5.271;0.0;0.402;0.502;0.686;0.74
2013-05-15 06:00:00;2013;5;15;6;122.616;12.384;77.19;5.47;0.0;0.402;0.502;0.686;0.74
2013-05-15 07:00:00;2013;5;15;7;176.202;12.85;76.191;5.875;0.0;0.402;0.502;0.686;0.74
2013-05-15 08:00:00;2013;5;15;8;197.021;13.11;74.794;6.806;0.0;0.402;0.502;0.686;0.741
2013-05-15 09:00:00;2013;5;15;9;120.647;12.155;71.018;6.233;0.0;0.402;0.501;0.686;0.741
2013-05-15 10:00:00;2013;5;15;10;232.042;11.813;76.942;4.938;0.308;0.402;0.501;0.686;0.741
2013-05-15 11:00:00;2013;5;15;11;276.472;12.377;68.706;5.697;0.0;0.402;0.501;0.686;0.741
2013-05-15 12:00:00;2013;5;15;12;336.375;13.563;64.322;6.751;0.0;0.402;0.501;0.686;0.742
2013-05-15 13:00:00;2013;5;15;13;612.062;15.14;58.674;7.405;0.0;0.402;0.501;0.686;0.742
2013-05-15 14:00:00;2013;5;15;14;480.724;16.004;53.1;7.016;0.0;0.402;0.501;0.686;0.741
2013-05-15 15:00:00;2013;5;15;15;477.325;16.618;45.328;6.573;0.0;0.402;0.501;0.686;0.74
2013-05-15 16:00:00;2013;5;15;16;353.684;16.488;42.11;5.717;0.0;0.402;0.501;0.686;0.74
2013-05-15 17:00:00;2013;5;15;17;193.485;15.667;44.014;5.104;0.0;0.402;0.502;0.686;0.739
2013-05-15 18:00:00;2013;5;15;18;75.452;14.286;50.601;4.175;0.0;0.401;0.502;0.686;0.739
2013-05-15 19:00:00;2013;5;15;19;0.053;12.201;63.581;1.573;0.0;0.4;0.501;0.686;0.738
2013-05-15 20:00:00;2013;5;15;20;-4.877;10.459;70.62;2.661;0.0;0.399;0.501;0.686;0.739
2013-05-15 21:00:00;2013;5;15;21;-4.152;8.89;78.991;2.4;0.002;0.398;0.501;0.686;0.739
2013-05-15 22:00:00;2013;5;15;22;-5.006;8.224;82.546;1.838;0.007;0.397;0.5;0.687;0.739
2013-05-15 23:00:00;2013;5;15;23;-4.277;7.991;83.193;1.909;0.004;0.396;0.5;0.687;0.739
2013-05-16 00:00:00;2013;5;16;0;-5.141;7.737;87.832;0.903;0.004;0.396;0.5;0.687;0.74
2013-05-16 01:00:00;2013;5;16;1;-3.922;7.546;86.33;1.724;0.002;0.396;0.499;0.687;0.74
2013-05-16 02:00:00;2013;5;16;2;-4.3;7.334;86.06;1.431;0.002;0.395;0.499;0.687;0.741
2013-05-16 03:00:00;2013;5;16;3;-2.068;7.589;83.115;1.644;0.0;0.394;0.498;0.687;0.741
2013-05-16 04:00:00;2013;5;16;4;32.015;7.641;87.677;1.28;0.0;0.394;0.498;0.687;0.741
2013-05-16 05:00:00;2013;5;16;5;50.081;9.195;75.32;2.118;0.0;0.394;0.498;0.687;0.741
2013-05-16 06:00:00;2013;5;16;6;68.309;10.104;70.193;1.95;0.0;0.394;0.497;0.687;0.741
2013-05-16 07:00:00;2013;5;16;7;49.16;10.442;70.147;1.881;0.0;0.394;0.497;0.687;0.741
2013-05-16 08:00:00;2013;5;16;8;70.352;10.059;82.72;3.367;1.177;0.394;0.497;0.687;0.741
2013-05-16 09:00:00;2013;5;16;9;121.266;10.048;87.258;4.215;0.869;0.394;0.498;0.687;0.741
2013-05-16 10:00:00;2013;5;16;10;138.056;10.473;88.123;4.801;0.72;0.395;0.501;0.687;0.741
2013-05-16 11:00:00;2013;5;16;11;138.422;10.948;90.215;4.701;0.28;0.396;0.502;0.687;0.743
2013-05-16 12:00:00;2013;5;16;12;151.806;11.21;92.753;5.169;0.6;0.397;0.502;0.687;0.745
2013-05-16 13:00:00;2013;5;16;13;94.75;11.481;92.93;5.436;0.92;0.401;0.5;0.687;0.744
2013-05-16 14:00:00;2013;5;16;14;71.503;11.619;93.842;4.389;1.81;0.427;0.507;0.687;0.743
2013-05-16 15:00:00;2013;5;16;15;76.701;12.166;94.223;3.631;2.11;0.46;0.525;0.689;0.742
2013-05-16 16:00:00;2013;5;16;16;57.557;12.693;94.232;2.797;0.635;0.477;0.538;0.69;0.746
2013-05-16 17:00:00;2013;5;16;17;21.033;12.415;94.012;3.31;0.24;0.48;0.54;0.69;0.748
2013-05-16 18:00:00;2013;5;16;18;15.416;12.013;93.497;3.572;0.073;0.48;0.541;0.69;0.747
2013-05-16 19:00:00;2013;5;16;19;-0.747;11.285;92.817;3.412;0.003;0.479;0.541;0.691;0.747
2013-05-16 20:00:00;2013;5;16;20;-2.862;10.439;92.813;3.61;0.003;0.478;0.541;0.691;0.747
2013-05-16 21:00:00;2013;5;16;21;-2.781;9.915;93.398;3.078;0.002;0.476;0.54;0.692;0.748
2013-05-16 22:00:00;2013;5;16;22;-2.896;9.492;94.902;3.328;0.001;0.475;0.539;0.692;0.747
2013-05-16 23:00:00;2013;5;16;23;-3.019;9.313;95.878;2.673;0.0;0.474;0.539;0.692;0.746
2013-05-17 00:00:00;2013;5;17;0;-3.288;9.3;96.125;1.949;0.004;0.473;0.539;0.692;0.746
2013-05-17 01:00:00;2013;5;17;1;-3.196;9.141;96.072;2.51;0.001;0.472;0.539;0.692;0.745
2013-05-17 02:00:00;2013;5;17;2;-3.204;9.053;96.13;2.316;0.0;0.472;0.539;0.692;0.745
2013-05-17 03:00:00;2013;5;17;3;-2.361;8.706;95.965;2.544;0.003;0.471;0.539;0.692;0.745
2013-05-17 04:00:00;2013;5;17;4;8.367;8.605;96.072;2.697;0.0;0.47;0.539;0.692;0.745
2013-05-17 05:00:00;2013;5;17;5;42.831;8.738;95.532;2.611;0.0;0.469;0.538;0.693;0.745
2013-05-17 06:00:00;2013;5;17;6;88.246;9.338;92.445;2.643;0.0;0.469;0.538;0.693;0.745
2013-05-17 07:00:00;2013;5;17;7;153.754;10.072;88.507;3.617;0.0;0.469;0.538;0.693;0.745
2013-05-17 08:00:00;2013;5;17;8;124.597;10.126;88.733;3.47;0.0;0.469;0.538;0.693;0.745
2013-05-17 09:00:00;2013;5;17;9;116.26;10.059;91.56;3.471;0.0;0.468;0.538;0.693;0.745
2013-05-17 10:00:00;2013;5;17;10;85.565;10.267;91.053;3.787;0.0;0.468;0.538;0.693;0.745
2013-05-17 11:00:00;2013;5;17;11;86.936;10.459;90.143;3.626;0.0;0.468;0.538;0.693;0.745
2013-05-17 12:00:00;2013;5;17;12;75.494;10.494;90.122;3.963;0.0;0.468;0.538;0.693;0.745
2013-05-17 13:00:00;2013;5;17;13;66.06;10.543;88.598;3.464;0.0;0.468;0.538;0.693;0.745
2013-05-17 14:00:00;2013;5;17;14;37.005;10.235;90.242;3.292;0.08;0.467;0.538;0.693;0.745
2013-05-17 15:00:00;2013;5;17;15;20.181;9.82;92.967;2.744;1.215;0.467;0.539;0.693;0.745
2013-05-17 16:00:00;2013;5;17;16;32.841;9.637;94.812;3.897;2.243;0.49;0.543;0.692;0.745
2013-05-17 17:00:00;2013;5;17;17;21.99;9.577;93.342;3.423;0.01;0.509;0.556;0.692;0.741
2013-05-17 18:00:00;2013;5;17;18;8.832;9.411;91.997;2.891;0.0;0.51;0.557;0.692;0.741
2013-05-17 19:00:00;2013;5;17;19;-0.687;9.225;92.227;2.315;0.0;0.509;0.558;0.692;0.74
2013-05-17 20:00:00;2013;5;17;20;-3.279;8.978;92.297;2.82;0.0;0.508;0.557;0.692;0.74
2013-05-17 21:00:00;2013;5;17;21;-3.16;8.85;92.325;3.191;0.01;0.508;0.557;0.692;0.74
2013-05-17 22:00:00;2013;5;17;22;-3.093;8.819;92.417;2.915;0.0;0.507;0.557;0.692;0.74
2013-05-17 23:00:00;2013;5;17;23;-3.151;8.685;92.995;3.758;0.0;0.506;0.556;0.692;0.741
2013-05-18 00:00:00;2013;5;18;0;-3.054;8.511;92.745;3.658;0.0;0.505;0.556;0.692;0.741
2013-05-18 01:00:00;2013;5;18;1;-3.084;8.464;91.647;3.286;0.0;0.504;0.556;0.693;0.741
2013-05-18 02:00:00;2013;5;18;2;-3.085;8.364;90.855;4.113;0.0;0.504;0.555;0.693;0.741
2013-05-18 03:00:00;2013;5;18;3;-2.604;8.229;91.533;4.347;0.0;0.503;0.555;0.693;0.741
2013-05-18 04:00:00;2013;5;18;4;8.253;8.214;90.568;4.396;0.0;0.502;0.555;0.693;0.741
2013-05-18 05:00:00;2013;5;18;5;32.349;8.419;89.652;3.717;0.0;0.501;0.555;0.693;0.742
2013-05-18 06:00:00;2013;5;18;6;48.06;8.726;88.735;3.257;0.0;0.501;0.554;0.693;0.742
2013-05-18 07:00:00;2013;5;18;7;68.003;9.183;86.598;3.564;0.0;0.5;0.554;0.693;0.742
2013-05-18 08:00:00;2013;5;18;8;105.345;9.661;82.958;4.26;0.0;0.499;0.554;0.693;0.742
2013-05-18 09:00:00;2013;5;18;9;110.027;10.163;82.536;3.532;0.0;0.499;0.554;0.693;0.742
2013-05-18 10:00:00;2013;5;18;10;137.766;10.254;81.643;4.399;0.0;0.499;0.554;0.693;0.743
2013-05-18 11:00:00;2013;5;18;11;162.506;10.483;79.792;3.374;0.0;0.498;0.554;0.693;0.743
2013-05-18 12:00:00;2013;5;18;12;114.684;10.832;79.705;2.572;0.0;0.498;0.554;0.693;0.744
2013-05-18 13:00:00;2013;5;18;13;77.488;10.84;81.19;2.499;0.0;0.499;0.554;0.693;0.744
2013-05-18 14:00:00;2013;5;18;14;177.828;11.373;77.054;1.453;0.0;0.498;0.555;0.693;0.744
2013-05-18 15:00:00;2013;5;18;15;105.295;11.68;75.235;1.683;0.0;0.498;0.555;0.693;0.744
2013-05-18 16:00:00;2013;5;18;16;107.05;11.725;76.405;1.422;0.0;0.498;0.555;0.693;0.743
2013-05-18 17:00:00;2013;5;18;17;70.328;11.941;74.852;1.444;0.0;0.498;0.555;0.694;0.743
2013-05-18 18:00:00;2013;5;18;18;33.22;11.502;77.237;1.338;0.0;0.498;0.555;0.694;0.743
2013-05-18 19:00:00;2013;5;18;19;-0.174;9.442;84.426;1.454;0.0;0.497;0.555;0.694;0.743
2013-05-18 20:00:00;2013;5;18;20;-5.435;8.197;92.427;1.55;0.0;0.496;0.555;0.694;0.744
2013-05-18 21:00:00;2013;5;18;21;-5.696;5.456;94.013;1.395;0.0;0.495;0.555;0.694;0.745
2013-05-18 22:00:00;2013;5;18;22;-5.034;4.218;94.825;1.328;0.01;0.494;0.555;0.694;0.746
2013-05-18 23:00:00;2013;5;18;23;-4.864;3.387;96.357;0.786;0.01;0.493;0.554;0.694;0.747
2013-05-19 00:00:00;2013;5;19;0;-5.004;2.6;95.323;1.302;0.0;0.492;0.554;0.694;0.747
2013-05-19 01:00:00;2013;5;19;1;-4.468;1.8;95.757;1.818;0.0;0.491;0.553;0.694;0.748
2013-05-19 02:00:00;2013;5;19;2;-4.355;1.903;96.562;2.104;0.0;0.49;0.553;0.694;0.748
2013-05-19 03:00:00;2013;5;19;3;-1.385;2.022;95.685;1.518;0.01;0.49;0.552;0.694;0.749
2013-05-19 04:00:00;2013;5;19;4;49.869;1.691;96.577;2.059;0.0;0.49;0.551;0.694;0.749
2013-05-19 05:00:00;2013;5;19;5;191.165;6.057;97.62;1.906;0.0;0.489;0.551;0.694;0.75
2013-05-19 06:00:00;2013;5;19;6;348.085;10.077;87.008;2.954;0.0;0.488;0.55;0.694;0.751
2013-05-19 07:00:00;2013;5;19;7;553.875;12.066;77.447;3.863;0.0;0.488;0.55;0.694;0.752
2013-05-19 08:00:00;2013;5;19;8;641.745;13.187;71.714;3.795;0.0;0.489;0.55;0.694;0.753
2013-05-19 09:00:00;2013;5;19;9;766.963;14.174;68.545;4.23;0.0;0.489;0.549;0.694;0.753
2013-05-19 10:00:00;2013;5;19;10;816.02;14.974;66.383;4.806;0.0;0.49;0.549;0.693;0.754
2013-05-19 11:00:00;2013;5;19;11;686.576;15.582;65.956;4.693;0.0;0.49;0.549;0.693;0.751
2013-05-19 12:00:00;2013;5;19;12;625.809;15.563;67.258;5.095;0.0;0.49;0.549;0.693;0.75
2013-05-19 13:00:00;2013;5;19;13;635.713;15.59;67.694;5.187;0.0;0.49;0.549;0.693;0.75
2013-05-19 14:00:00;2013;5;19;14;596.408;15.599;65.97;5.261;0.0;0.489;0.549;0.693;0.75
2013-05-19 15:00:00;2013;5;19;15;477.869;15.468;67.29;5.895;0.0;0.489;0.55;0.693;0.75
2013-05-19 16:00:00;2013;5;19;16;178.695;14.161;71.596;5.515;0.0;0.488;0.549;0.693;0.749
2013-05-19 17:00:00;2013;5;19;17;68.174;13.195;79.394;4.947;0.0;0.486;0.55;0.694;0.748
2013-05-19 18:00:00;2013;5;19;18;18.119;12.248;82.813;4.789;0.0;0.485;0.55;0.694;0.747
2013-05-19 19:00:00;2013;5;19;19;-1.133;11.618;85.02;4.669;0.0;0.484;0.55;0.694;0.746
2013-05-19 20:00:00;2013;5;19;20;-2.85;11.268;86.717;4.242;0.0;0.483;0.55;0.695;0.746
2013-05-19 21:00:00;2013;5;19;21;-2.876;11.058;88.737;3.741;0.0;0.482;0.55;0.695;0.745
2013-05-19 22:00:00;2013;5;19;22;-2.866;10.844;90.297;3.274;0.0;0.482;0.549;0.695;0.746
2013-05-19 23:00:00;2013;5;19;23;-3.017;10.768;90.74;2.585;0.0;0.481;0.549;0.695;0.745
2013-05-20 00:00:00;2013;5;20;0;-2.892;10.564;91.583;3.325;0.0;0.48;0.549;0.695;0.746
2013-05-20 01:00:00;2013;5;20;1;-3.083;10.447;92.205;2.219;0.0;0.48;0.548;0.696;0.745
2013-05-20 02:00:00;2013;5;20;2;-3.974;10.339;93.535;1.936;0.0;0.479;0.548;0.696;0.745
2013-05-20 03:00:00;2013;5;20;3;-2.842;10.322;93.338;1.871;0.0;0.479;0.547;0.696;0.745
2013-05-20 04:00:00;2013;5;20;4;5.229;10.259;93.945;1.859;0.01;0.478;0.547;0.696;0.745
2013-05-20 05:00:00;2013;5;20;5;23.599;10.462;93.328;1.02;0.01;0.478;0.547;0.696;0.745
2013-05-20 06:00:00;2013;5;20;6;43.228;10.608;93.422;1.408;0.11;0.477;0.547;0.696;0.745
2013-05-20 07:00:00;2013;5;20;7;73.782;10.983;93.01;1.223;0.1;0.477;0.547;0.696;0.745
2013-05-20 08:00:00;2013;5;20;8;249.601;11.657;89.643;2.426;0.01;0.477;0.547;0.696;0.745
2013-05-20 09:00:00;2013;5;20;9;215.782;12.323;84.702;2.322;0.0;0.477;0.547;0.696;0.745
2013-05-20 10:00:00;2013;5;20;10;205.75;12.847;82.665;2.427;0.0;0.477;0.547;0.696;0.745
2013-05-20 11:00:00;2013;5;20;11;127.588;12.797;83.4;2.02;0.0;0.478;0.548;0.696;0.745
2013-05-20 12:00:00;2013;5;20;12;124.139;13.002;82.665;2.319;0.0;0.478;0.548;0.696;0.745
2013-05-20 13:00:00;2013;5;20;13;104.109;12.804;85.64;2.665;0.0;0.478;0.548;0.696;0.744
2013-05-20 14:00:00;2013;5;20;14;79.975;12.84;85.677;2.405;0.0;0.478;0.549;0.696;0.744
2013-05-20 15:00:00;2013;5;20;15;81.932;12.887;85.895;2.61;0.0;0.478;0.549;0.696;0.744
2013-05-20 16:00:00;2013;5;20;16;82.479;12.961;84.547;2.58;0.0;0.477;0.549;0.697;0.744
2013-05-20 17:00:00;2013;5;20;17;17.593;12.721;84.705;2.526;0.0;0.477;0.549;0.697;0.744
2013-05-20 18:00:00;2013;5;20;18;11.515;12.536;85.338;2.518;0.0;0.477;0.548;0.697;0.744
2013-05-20 19:00:00;2013;5;20;19;-1.164;12.225;87.425;2.162;0.0;0.477;0.548;0.697;0.744
2013-05-20 20:00:00;2013;5;20;20;-4.249;11.529;87.615;2.03;0.0;0.477;0.548;0.697;0.744
2013-05-20 21:00:00;2013;5;20;21;-4.841;10.002;92.328;1.891;0.0;0.476;0.548;0.697;0.744
2013-05-20 22:00:00;2013;5;20;22;-4.606;9.51;94.897;1.731;0.0;0.475;0.548;0.697;0.744
2013-05-20 23:00:00;2013;5;20;23;-4.301;9.55;94.933;2.641;0.0;0.475;0.548;0.697;0.744
2013-05-21 00:00:00;2013;5;21;0;-4.136;8.976;95.278;1.461;0.01;0.474;0.547;0.697;0.744
2013-05-21 01:00:00;2013;5;21;1;-4.066;9.785;95.29;1.915;0.0;0.473;0.547;0.697;0.744
2013-05-21 02:00:00;2013;5;21;2;-4.458;9.673;94.868;1.409;0.0;0.473;0.547;0.697;0.745
2013-05-21 03:00:00;2013;5;21;3;-1.376;9.822;95.293;1.945;0.0;0.472;0.547;0.697;0.745
2013-05-21 04:00:00;2013;5;21;4;24.184;10.29;95.747;1.936;0.0;0.472;0.546;0.698;0.744
2013-05-21 05:00:00;2013;5;21;5;24.462;10.749;94.783;2.079;0.0;0.472;0.546;0.698;0.744
2013-05-21 06:00:00;2013;5;21;6;37.251;10.92;93.66;2.223;0.08;0.472;0.545;0.698;0.744
2013-05-21 07:00:00;2013;5;21;7;68.812;11.399;92.04;1.836;0.01;0.471;0.545;0.698;0.744
2013-05-21 08:00:00;2013;5;21;8;75.736;11.731;90.907;2.089;0.13;0.464;0.547;0.697;0.745
2013-05-21 09:00:00;2013;5;21;9;100.028;12.035;92.19;2.079;0.52;0.459;0.548;0.697;0.745
2013-05-21 10:00:00;2013;5;21;10;152.985;12.377;89.852;2.805;0.0;0.459;0.548;0.697;0.744
2013-05-21 11:00:00;2013;5;21;11;184.897;12.572;87.627;3.354;0.0;0.459;0.548;0.697;0.743
2013-05-21 12:00:00;2013;5;21;12;117.518;12.22;87.353;3.336;0.15;0.46;0.549;0.697;0.743
2013-05-21 13:00:00;2013;5;21;13;64.899;11.491;92.767;2.811;0.65;0.46;0.549;0.697;0.743
2013-05-21 14:00:00;2013;5;21;14;95.454;10.905;94.633;4.717;0.92;0.46;0.55;0.697;0.743
2013-05-21 15:00:00;2013;5;21;15;44.046;10.543;94.065;3.57;0.94;0.467;0.552;0.697;0.742
2013-05-21 16:00:00;2013;5;21;16;32.678;10.511;93.647;3.941;0.76;0.476;0.552;0.698;0.747
2013-05-21 17:00:00;2013;5;21;17;26.261;10.103;94.477;5.142;0.13;0.485;0.549;0.697;0.752
2013-05-21 18:00:00;2013;5;21;18;12.132;9.648;94.602;6.041;0.19;0.492;0.549;0.697;0.752
2013-05-21 19:00:00;2013;5;21;19;-0.442;9.322;94.637;6.201;0.11;0.496;0.549;0.697;0.748
2013-05-21 20:00:00;2013;5;21;20;-2.748;9.075;94.858;6.143;0.17;0.499;0.548;0.697;0.747
2013-05-21 21:00:00;2013;5;21;21;-2.778;8.953;94.378;6.717;0.08;0.503;0.548;0.697;0.746
2013-05-21 22:00:00;2013;5;21;22;-2.831;8.909;91.765;6.858;0.01;0.506;0.548;0.697;0.746
2013-05-21 23:00:00;2013;5;21;23;-2.993;8.776;91.658;7.427;0.0;0.508;0.548;0.697;0.748
2013-05-22 00:00:00;2013;5;22;0;-3.098;8.48;92.373;6.944;0.09;0.509;0.548;0.697;0.747
2013-05-22 01:00:00;2013;5;22;1;-3.11;8.227;91.305;7.101;0.03;0.509;0.548;0.697;0.749
2013-05-22 02:00:00;2013;5;22;2;-3.027;7.964;90.927;7.382;0.05;0.51;0.548;0.697;0.748
2013-05-22 03:00:00;2013;5;22;3;-1.37;7.535;85.959;7.406;0.0;0.51;0.548;0.697;0.747
2013-05-22 04:00:00;2013;5;22;4;16.519;7.71;80.769;6.097;0.01;0.511;0.548;0.697;0.746
2013-05-22 05:00:00;2013;5;22;5;30.04;7.663;78.703;6.372;0.0;0.511;0.548;0.697;0.747
2013-05-22 06:00:00;2013;5;22;6;54.609;8.007;79.555;7.108;0.0;0.511;0.548;0.697;0.747
2013-05-22 07:00:00;2013;5;22;7;93.924;8.089;82.844;6.675;0.0;0.511;0.548;0.697;0.747
2013-05-22 08:00:00;2013;5;22;8;190.27;8.96;74.145;7.224;0.0;0.511;0.548;0.697;0.747
2013-05-22 09:00:00;2013;5;22;9;288.082;9.747;69.339;8.938;0.0;0.511;0.548;0.697;0.747
2013-05-22 10:00:00;2013;5;22;10;280.866;10.034;70.216;8.823;0.0;0.51;0.548;0.697;0.747
2013-05-22 11:00:00;2013;5;22;11;247.178;10.334;68.972;8.376;0.0;0.51;0.548;0.697;0.747
2013-05-22 12:00:00;2013;5;22;12;189.9;10.254;70.169;7.896;0.0;0.51;0.548;0.697;0.747
2013-05-22 13:00:00;2013;5;22;13;274.276;10.841;68.93;7.405;0.0;0.509;0.548;0.697;0.747
2013-05-22 14:00:00;2013;5;22;14;212.008;11.18;64.758;8.835;0.0;0.509;0.547;0.697;0.747
2013-05-22 15:00:00;2013;5;22;15;202.633;10.984;66.162;7.509;0.0;0.508;0.547;0.697;0.745
2013-05-22 16:00:00;2013;5;22;16;153.384;10.663;69.152;6.578;0.0;0.508;0.547;0.697;0.744
2013-05-22 17:00:00;2013;5;22;17;163.455;10.315;69.409;6.022;0.0;0.507;0.547;0.696;0.744
2013-05-22 18:00:00;2013;5;22;18;49.754;9.312;71.837;4.518;0.0;0.506;0.547;0.696;0.744
2013-05-22 19:00:00;2013;5;22;19;2.115;8.227;75.057;3.944;0.0;0.505;0.547;0.696;0.744
2013-05-22 20:00:00;2013;5;22;20;-4.022;6.666;80.807;2.878;0.0;0.504;0.547;0.697;0.744
2013-05-22 21:00:00;2013;5;22;21;-3.986;6.617;81.987;2.29;0.0;0.503;0.546;0.697;0.745
2013-05-22 22:00:00;2013;5;22;22;-4.614;6.478;85.968;2.11;0.0;0.503;0.546;0.697;0.745
2013-05-22 23:00:00;2013;5;22;23;-5.674;4.914;91.057;1.422;0.0;0.502;0.545;0.697;0.745
2013-05-23 00:00:00;2013;5;23;0;-4.659;3.505;94.777;0.943;0.01;0.501;0.545;0.696;0.746
2013-05-23 01:00:00;2013;5;23;1;-4.242;4.378;95.768;0.982;0.0;0.5;0.544;0.696;0.746
2013-05-23 02:00:00;2013;5;23;2;-3.961;5.121;89.761;3.235;0.42;0.5;0.544;0.696;0.746
2013-05-23 03:00:00;2013;5;23;3;-1.675;4.866;83.644;4.407;0.05;0.499;0.544;0.696;0.745
2013-05-23 04:00:00;2013;5;23;4;13.319;4.854;88.988;1.372;0.607;0.499;0.542;0.696;0.745
2013-05-23 05:00:00;2013;5;23;5;46.245;5.063;90.233;1.809;0.109;0.499;0.542;0.696;0.745
2013-05-23 06:00:00;2013;5;23;6;95.947;5.412;86.05;1.583;0.131;0.5;0.542;0.696;0.745
2013-05-23 07:00:00;2013;5;23;7;154.093;5.8;85.61;2.123;0.258;0.501;0.543;0.696;0.746
2013-05-23 08:00:00;2013;5;23;8;153.928;5.649;86.005;3.95;0.237;0.502;0.544;0.696;0.746
2013-05-23 09:00:00;2013;5;23;9;387.294;5.663;84.973;1.81;0.021;0.504;0.544;0.696;0.746
2013-05-23 10:00:00;2013;5;23;10;408.647;7.083;80.339;2.4;0.083;0.506;0.545;0.696;0.746
2013-05-23 11:00:00;2013;5;23;11;204.943;6.66;79.277;3.567;0.528;0.509;0.546;0.696;0.746
2013-05-23 12:00:00;2013;5;23;12;337.261;6.654;81.625;2.069;0.848;0.517;0.549;0.696;0.746
2013-05-23 13:00:00;2013;5;23;13;290.59;7.612;76.42;3.848;0.015;0.539;0.548;0.696;0.749
2013-05-23 14:00:00;2013;5;23;14;327.422;7.948;72.355;5.521;0.101;0.546;0.545;0.696;0.749
2013-05-23 15:00:00;2013;5;23;15;195.657;8.156;70.365;3.465;0.004;0.547;0.547;0.696;0.748
2013-05-23 16:00:00;2013;5;23;16;230.371;7.32;74.433;2.24;0.094;0.548;0.547;0.696;0.748
2013-05-23 17:00:00;2013;5;23;17;219.159;8.435;67.333;2.89;0.23;0.549;0.548;0.697;0.747
2013-05-23 18:00:00;2013;5;23;18;128.721;8.324;64.325;4.692;0.004;0.549;0.549;0.697;0.747
2013-05-23 19:00:00;2013;5;23;19;6.056;5.9;73.804;3.542;0.013;0.549;0.549;0.697;0.747
2013-05-23 20:00:00;2013;5;23;20;-5.05;4.415;81.447;2.107;0.006;0.547;0.551;0.696;0.746
2013-05-23 21:00:00;2013;5;23;21;-5.156;3.375;86.735;2.353;0.008;0.545;0.553;0.695;0.746
2013-05-23 22:00:00;2013;5;23;22;-4.581;2.82;89.292;2.604;0.003;0.545;0.553;0.696;0.745
2013-05-23 23:00:00;2013;5;23;23;-4.135;3.239;88.373;2.767;0.001;0.544;0.553;0.697;0.746
2013-05-24 00:00:00;2013;5;24;0;-4.581;2.792;90.512;1.92;0.001;0.542;0.552;0.696;0.747
2013-05-24 01:00:00;2013;5;24;1;-4.055;3.059;90.962;2.503;0.001;0.541;0.552;0.696;0.746
2013-05-24 02:00:00;2013;5;24;2;-4.152;2.596;92.8;1.85;0.0;0.54;0.552;0.696;0.746
2013-05-24 03:00:00;2013;5;24;3;3.295;2.509;94.262;2.151;0.0;0.539;0.551;0.696;0.746
2013-05-24 04:00:00;2013;5;24;4;61.588;2.736;94.092;2.497;0.0;0.539;0.551;0.696;0.746
2013-05-24 05:00:00;2013;5;24;5;129.361;4.735;90.812;3.522;0.0;0.54;0.551;0.696;0.746
2013-05-24 06:00:00;2013;5;24;6;335.019;6.057;86.448;3.922;0.0;0.54;0.551;0.696;0.747
2013-05-24 07:00:00;2013;5;24;7;466.48;8.093;75.646;5.307;0.0;0.541;0.551;0.696;0.747
2013-05-24 08:00:00;2013;5;24;8;610.956;8.947;66.081;6.506;0.0;0.541;0.551;0.696;0.747
2013-05-24 09:00:00;2013;5;24;9;406.073;9.298;62.723;5.924;0.0;0.542;0.552;0.696;0.748
2013-05-24 10:00:00;2013;5;24;10;827.23;10.611;56.119;5.44;0.0;0.541;0.553;0.696;0.747
2013-05-24 11:00:00;2013;5;24;11;881.441;11.651;50.966;5.117;0.0;0.541;0.553;0.696;0.747
2013-05-24 12:00:00;2013;5;24;12;458.661;11.514;50.059;5.359;0.0;0.542;0.554;0.696;0.745
2013-05-24 13:00:00;2013;5;24;13;599.608;11.714;49.688;4.369;0.011;0.542;0.555;0.696;0.744
2013-05-24 14:00:00;2013;5;24;14;293.68;11.246;50.073;3.591;0.0;0.54;0.556;0.696;0.744
2013-05-24 15:00:00;2013;5;24;15;217.405;11.771;46.233;2.763;0.002;0.539;0.557;0.696;0.743
2013-05-24 16:00:00;2013;5;24;16;220.744;12.028;46.301;2.623;0.003;0.538;0.557;0.696;0.742
2013-05-24 17:00:00;2013;5;24;17;223.446;11.407;54.879;3.682;0.003;0.535;0.558;0.696;0.742
2013-05-24 18:00:00;2013;5;24;18;52.052;9.047;69.649;3.059;0.01;0.534;0.558;0.696;0.742
2013-05-24 19:00:00;2013;5;24;19;2.885;7.381;74.235;1.809;0.01;0.532;0.558;0.697;0.741
2013-05-24 20:00:00;2013;5;24;20;-4.582;5.568;81.454;3.256;0.009;0.53;0.558;0.697;0.741
2013-05-24 21:00:00;2013;5;24;21;-3.962;6.504;76.321;3.725;0.003;0.529;0.557;0.697;0.741
2013-05-24 22:00:00;2013;5;24;22;-4.467;6.01;79.26;3.331;0.001;0.528;0.557;0.697;0.741
2013-05-24 23:00:00;2013;5;24;23;-4.436;5.519;80.916;2.769;0.01;0.527;0.556;0.697;0.741
2013-05-25 00:00:00;2013;5;25;0;-5.046;5.129;80.471;1.683;0.0;0.526;0.556;0.697;0.742
2013-05-25 01:00:00;2013;5;25;1;-4.407;2.665;89.063;3.615;0.01;0.524;0.555;0.697;0.742
2013-05-25 02:00:00;2013;5;25;2;-3.909;2.505;91.658;3.185;0.0;0.523;0.554;0.696;0.743
2013-05-25 03:00:00;2013;5;25;3;1.3;2.222;93.877;2.518;0.0;0.522;0.554;0.697;0.742
2013-05-25 04:00:00;2013;5;25;4;38.835;3.214;94.842;1.724;0.0;0.522;0.553;0.697;0.743
2013-05-25 05:00:00;2013;5;25;5;144.289;5.164;94.197;1.695;0.0;0.521;0.553;0.697;0.743
2013-05-25 06:00:00;2013;5;25;6;272.338;7.597;87.718;3.191;0.0;0.521;0.552;0.697;0.743
2013-05-25 07:00:00;2013;5;25;7;381.092;9.803;80.856;4.384;0.0;0.521;0.552;0.697;0.742
2013-05-25 08:00:00;2013;5;25;8;514.76;10.773;71.902;5.122;0.0;0.521;0.552;0.697;0.742
2013-05-25 09:00:00;2013;5;25;9;533.267;11.621;67.593;5.522;0.0;0.521;0.552;0.696;0.741
2013-05-25 10:00:00;2013;5;25;10;700.994;12.611;64.431;5.793;0.0;0.521;0.553;0.696;0.741
2013-05-25 11:00:00;2013;5;25;11;790.576;13.33;61.09;6.81;0.0;0.521;0.553;0.696;0.741
2013-05-25 12:00:00;2013;5;25;12;680.396;12.89;64.499;8.03;0.0;0.522;0.554;0.696;0.741
2013-05-25 13:00:00;2013;5;25;13;502.513;12.069;67.794;7.48;0.0;0.521;0.555;0.696;0.741
2013-05-25 14:00:00;2013;5;25;14;394.182;11.886;67.786;6.91;0.0;0.521;0.555;0.696;0.74
2013-05-25 15:00:00;2013;5;25;15;248.093;11.31;66.246;7.449;0.0;0.52;0.555;0.696;0.74
2013-05-25 16:00:00;2013;5;25;16;150.631;10.383;68.429;7.38;0.0;0.519;0.554;0.696;0.74
2013-05-25 17:00:00;2013;5;25;17;44.759;9.167;73.06;6.897;0.0;0.517;0.553;0.696;0.741
2013-05-25 18:00:00;2013;5;25;18;5.44;8.38;78.964;5.864;0.0;0.516;0.553;0.696;0.741
2013-05-25 19:00:00;2013;5;25;19;-2.308;7.812;86.528;4.897;0.36;0.515;0.553;0.697;0.74
2013-05-25 20:00:00;2013;5;25;20;-2.838;7.46;91.595;4.001;1.22;0.514;0.552;0.697;0.741
2013-05-25 21:00:00;2013;5;25;21;-2.511;7.58;92.815;4.131;1.36;0.513;0.552;0.697;0.741
2013-05-25 22:00:00;2013;5;25;22;-2.477;7.95;92.98;4.58;0.83;0.518;0.553;0.697;0.741
2013-05-25 23:00:00;2013;5;25;23;-2.533;7.78;93.373;4.741;0.68;0.534;0.553;0.697;0.744
2013-05-26 00:00:00;2013;5;26;0;-2.489;7.779;93.77;4.832;0.61;0.557;0.558;0.698;0.743
2013-05-26 01:00:00;2013;5;26;1;-2.642;8.026;94.18;5.559;0.05;0.567;0.562;0.699;0.745
2013-05-26 02:00:00;2013;5;26;2;-2.703;8.279;93.442;6.668;0.0;0.568;0.563;0.699;0.744
2013-05-26 03:00:00;2013;5;26;3;-1.196;8.297;92.317;6.82;0.0;0.568;0.564;0.699;0.743
2013-05-26 04:00:00;2013;5;26;4;9.484;8.342;91.422;7.157;0.0;0.566;0.564;0.699;0.742
2013-05-26 05:00:00;2013;5;26;5;49.556;8.484;90.407;7.778;0.0;0.564;0.564;0.698;0.743
2013-05-26 06:00:00;2013;5;26;6;60.141;8.675;87.822;7.75;0.0;0.563;0.564;0.698;0.743
2013-05-26 07:00:00;2013;5;26;7;119.707;8.946;85.398;8.019;0.0;0.562;0.563;0.698;0.743
2013-05-26 08:00:00;2013;5;26;8;210.054;9.396;83.412;7.691;0.0;0.561;0.561;0.698;0.743
2013-05-26 09:00:00;2013;5;26;9;259.954;9.814;81.265;7.711;0.0;0.56;0.56;0.698;0.743
2013-05-26 10:00:00;2013;5;26;10;248.11;10.351;78.684;7.715;0.0;0.56;0.561;0.698;0.743
2013-05-26 11:00:00;2013;5;26;11;238.708;10.691;76.494;7.853;0.0;0.56;0.56;0.698;0.743
2013-05-26 12:00:00;2013;5;26;12;403.997;11.623;74.369;7.086;0.0;0.568;0.562;0.699;0.743
2013-05-26 13:00:00;2013;5;26;13;168.287;11.448;73.633;6.657;0.0;0.569;0.563;0.699;0.743
2013-05-26 14:00:00;2013;5;26;14;469.858;11.798;69.984;6.876;0.0;0.568;0.564;0.699;0.743
2013-05-26 15:00:00;2013;5;26;15;453.784;12.815;65.406;7.075;0.0;0.565;0.565;0.699;0.744
2013-05-26 16:00:00;2013;5;26;16;272.377;12.263;65.018;6.856;0.0;0.563;0.564;0.698;0.743
2013-05-26 17:00:00;2013;5;26;17;173.133;11.65;68.904;6.297;0.0;0.561;0.563;0.698;0.742
2013-05-26 18:00:00;2013;5;26;18;53.548;10.154;74.73;6.323;0.0;0.56;0.563;0.698;0.742
2013-05-26 19:00:00;2013;5;26;19;4.913;8.914;81.171;5.181;0.0;0.557;0.565;0.698;0.742
2013-05-26 20:00:00;2013;5;26;20;-3.947;7.797;87.097;3.585;0.0;0.556;0.565;0.698;0.742
2013-05-26 21:00:00;2013;5;26;21;-4.06;6.937;89.99;3.525;0.0;0.554;0.565;0.698;0.743
2013-05-26 22:00:00;2013;5;26;22;-3.575;7.198;89.615;3.782;0.0;0.553;0.565;0.698;0.743
2013-05-26 23:00:00;2013;5;26;23;-3.109;7.528;89.828;3.824;0.0;0.551;0.565;0.698;0.743
2013-05-27 00:00:00;2013;5;27;0;-3.132;7.604;89.44;4.082;0.0;0.551;0.565;0.698;0.743
2013-05-27 01:00:00;2013;5;27;1;-2.976;7.811;89.48;4.303;0.0;0.549;0.565;0.698;0.744
2013-05-27 02:00:00;2013;5;27;2;-2.944;7.947;90.18;4.566;0.0;0.549;0.564;0.698;0.744
2013-05-27 03:00:00;2013;5;27;3;2.931;7.173;91.783;3.129;0.0;0.548;0.564;0.698;0.744
2013-05-27 04:00:00;2013;5;27;4;79.546;6.866;91.723;2.726;0.0;0.547;0.564;0.698;0.744
2013-05-27 05:00:00;2013;5;27;5;223.978;8.768;79.413;3.012;0.0;0.547;0.564;0.698;0.744
2013-05-27 06:00:00;2013;5;27;6;385.45;10.996;71.525;3.566;0.0;0.546;0.564;0.698;0.743
2013-05-27 07:00:00;2013;5;27;7;544.707;13.253;62.356;4.697;0.0;0.546;0.563;0.698;0.743
2013-05-27 08:00:00;2013;5;27;8;683.208;15.163;55.309;4.827;0.0;0.545;0.563;0.698;0.743
2013-05-27 09:00:00;2013;5;27;9;731.287;16.466;50.916;5.18;0.0;0.544;0.563;0.698;0.743
2013-05-27 10:00:00;2013;5;27;10;608.365;16.994;48.799;4.015;0.0;0.545;0.563;0.698;0.743
2013-05-27 11:00:00;2013;5;27;11;823.598;17.941;45.014;4.544;0.0;0.545;0.563;0.698;0.743
2013-05-27 12:00:00;2013;5;27;12;932.891;18.762;42.139;5.394;0.0;0.544;0.564;0.698;0.743
2013-05-27 13:00:00;2013;5;27;13;891.577;18.98;38.382;4.934;0.0;0.544;0.565;0.698;0.744
2013-05-27 14:00:00;2013;5;27;14;716.289;18.887;41.283;4.565;0.0;0.544;0.566;0.698;0.745
2013-05-27 15:00:00;2013;5;27;15;551.745;18.531;42.683;4.485;0.0;0.543;0.566;0.698;0.745
2013-05-27 16:00:00;2013;5;27;16;394.435;18.131;41.732;3.966;0.0;0.541;0.566;0.698;0.744
2013-05-27 17:00:00;2013;5;27;17;237.702;17.861;44.425;2.241;0.0;0.539;0.566;0.699;0.744
2013-05-27 18:00:00;2013;5;27;18;88.117;17.12;50.013;1.208;0.0;0.538;0.566;0.699;0.743
2013-05-27 19:00:00;2013;5;27;19;8.733;14.525;56.617;1.578;0.0;0.536;0.566;0.699;0.742
2013-05-27 20:00:00;2013;5;27;20;-4.815;11.484;65.011;2.943;0.0;0.534;0.565;0.699;0.742
2013-05-27 21:00:00;2013;5;27;21;-5.089;11.465;65.677;1.961;0.0;0.532;0.564;0.699;0.742
2013-05-27 22:00:00;2013;5;27;22;-5.25;9.733;72.575;1.637;0.0;0.53;0.564;0.699;0.742
2013-05-27 23:00:00;2013;5;27;23;-4.376;8.298;80.161;1.877;0.0;0.528;0.563;0.699;0.742
2013-05-28 00:00:00;2013;5;28;0;-4.56;8.86;78.821;1.294;0.01;0.527;0.562;0.7;0.742
2013-05-28 01:00:00;2013;5;28;1;-5.743;9.047;75.065;1.386;0.0;0.526;0.562;0.699;0.742
2013-05-28 02:00:00;2013;5;28;2;-4.825;8.442;74.071;2.425;0.0;0.525;0.561;0.699;0.743
2013-05-28 03:00:00;2013;5;28;3;2.947;10.592;62.708;3.376;0.0;0.524;0.561;0.7;0.742
2013-05-28 04:00:00;2013;5;28;4;28.055;11.142;62.918;3.799;0.0;0.523;0.56;0.7;0.743
2013-05-28 05:00:00;2013;5;28;5;176.233;12.542;61.207;4.385;0.0;0.522;0.559;0.7;0.743
2013-05-28 06:00:00;2013;5;28;6;357.279;14.46;54.576;5.398;0.0;0.521;0.558;0.699;0.743
2013-05-28 07:00:00;2013;5;28;7;522.258;15.707;50.668;5.922;0.0;0.521;0.558;0.699;0.742
2013-05-28 08:00:00;2013;5;28;8;665.443;17.317;49.641;6.085;0.0;0.521;0.557;0.699;0.742
2013-05-28 09:00:00;2013;5;28;9;777.261;18.288;45.599;6.641;0.0;0.52;0.557;0.699;0.741
2013-05-28 10:00:00;2013;5;28;10;849.448;19.257;43.003;6.234;0.0;0.52;0.557;0.699;0.741
2013-05-28 11:00:00;2013;5;28;11;884.648;19.919;39.847;5.882;0.0;0.52;0.557;0.698;0.741
2013-05-28 12:00:00;2013;5;28;12;849.225;20.339;37.905;5.637;0.0;0.521;0.559;0.698;0.741
2013-05-28 13:00:00;2013;5;28;13;775.186;20.753;37.917;5.029;0.0;0.52;0.56;0.698;0.741
2013-05-28 14:00:00;2013;5;28;14;680.395;21.02;38.253;4.807;0.0;0.52;0.562;0.698;0.74
2013-05-28 15:00:00;2013;5;28;15;543.521;21.022;37.326;4.258;0.0;0.519;0.562;0.698;0.74
2013-05-28 16:00:00;2013;5;28;16;339.068;20.789;37.974;3.551;0.0;0.517;0.563;0.698;0.74
2013-05-28 17:00:00;2013;5;28;17;206.578;20.406;39.566;3.231;0.0;0.516;0.561;0.698;0.74
2013-05-28 18:00:00;2013;5;28;18;68.71;18.783;43.943;3.004;0.0;0.514;0.56;0.699;0.74
2013-05-28 19:00:00;2013;5;28;19;1.744;17.257;55.13;3.461;0.0;0.512;0.558;0.699;0.74
2013-05-28 20:00:00;2013;5;28;20;-4.027;15.363;70.011;3.489;0.0;0.51;0.557;0.699;0.74
2013-05-28 21:00:00;2013;5;28;21;-3.795;14.321;75.455;3.326;0.0;0.508;0.557;0.7;0.741
2013-05-28 22:00:00;2013;5;28;22;-4.48;12.903;83.151;2.926;0.0;0.507;0.556;0.7;0.742
2013-05-28 23:00:00;2013;5;28;23;-3.617;12.535;84.788;2.867;0.0;0.505;0.556;0.7;0.742
2013-05-29 00:00:00;2013;5;29;0;-3.758;11.923;84.02;3.767;0.0;0.504;0.555;0.7;0.744
2013-05-29 01:00:00;2013;5;29;1;-4.082;11.044;85.68;3.599;0.0;0.502;0.555;0.701;0.744
2013-05-29 02:00:00;2013;5;29;2;-3.339;10.678;85.962;4.439;0.0;0.501;0.555;0.701;0.746
2013-05-29 03:00:00;2013;5;29;3;-1.165;10.689;87.495;4.057;0.0;0.5;0.554;0.701;0.747
2013-05-29 04:00:00;2013;5;29;4;17.212;10.66;86.02;5.214;0.0;0.499;0.554;0.701;0.748
2013-05-29 05:00:00;2013;5;29;5;46.459;10.552;83.625;5.333;0.0;0.498;0.553;0.701;0.748
2013-05-29 06:00:00;2013;5;29;6;45.712;10.769;83.862;4.911;0.0;0.497;0.552;0.701;0.749
2013-05-29 07:00:00;2013;5;29;7;57.66;10.814;83.492;5.227;0.0;0.496;0.552;0.701;0.75
2013-05-29 08:00:00;2013;5;29;8;166.021;11.05;83.805;5.771;0.0;0.496;0.551;0.701;0.75
2013-05-29 09:00:00;2013;5;29;9;164.732;11.236;84.032;5.539;0.0;0.495;0.55;0.701;0.75
2013-05-29 10:00:00;2013;5;29;10;114.695;11.011;85.493;5.347;0.0;0.495;0.55;0.701;0.751
2013-05-29 11:00:00;2013;5;29;11;79.349;10.977;86.323;5.798;0.0;0.494;0.55;0.701;0.751
2013-05-29 12:00:00;2013;5;29;12;58.166;10.817;89.258;5.42;0.12;0.493;0.551;0.701;0.751
2013-05-29 13:00:00;2013;5;29;13;115.671;10.912;91.415;5.768;0.0;0.493;0.551;0.701;0.751
2013-05-29 14:00:00;2013;5;29;14;126.288;11.206;90.317;5.55;0.0;0.492;0.55;0.701;0.751
2013-05-29 15:00:00;2013;5;29;15;88.113;11.528;88.423;4.911;0.0;0.492;0.55;0.701;0.751
2013-05-29 16:00:00;2013;5;29;16;81.169;11.796;86.36;4.453;0.0;0.492;0.55;0.701;0.751
2013-05-29 17:00:00;2013;5;29;17;73.774;11.889;86.397;3.981;0.0;0.491;0.55;0.701;0.752
2013-05-29 18:00:00;2013;5;29;18;14.908;11.527;86.288;2.896;0.0;0.491;0.55;0.701;0.752
2013-05-29 19:00:00;2013;5;29;19;-0.894;11.338;88.462;2.338;0.0;0.491;0.55;0.701;0.752
2013-05-29 20:00:00;2013;5;29;20;-3.236;11.231;90.083;2.447;0.0;0.49;0.55;0.701;0.752
2013-05-29 21:00:00;2013;5;29;21;-3.213;11.088;91.548;2.407;0.0;0.489;0.549;0.701;0.752
2013-05-29 22:00:00;2013;5;29;22;-3.241;10.953;92.923;2.519;0.0;0.489;0.549;0.701;0.753
2013-05-29 23:00:00;2013;5;29;23;-3.365;10.697;94.447;2.554;0.0;0.488;0.549;0.701;0.753
2013-05-30 00:00:00;2013;5;30;0;-3.524;10.962;95.373;2.72;0.0;0.488;0.549;0.701;0.752
2013-05-30 01:00:00;2013;5;30;1;-3.644;10.428;95.272;2.198;0.0;0.487;0.549;0.701;0.752
2013-05-30 02:00:00;2013;5;30;2;-3.41;10.27;94.575;2.481;0.0;0.487;0.548;0.701;0.752
2013-05-30 03:00:00;2013;5;30;3;-2.328;10.288;93.773;1.673;0.0;0.487;0.549;0.701;0.752
2013-05-30 04:00:00;2013;5;30;4;14.221;10.439;93.105;1.387;0.0;0.486;0.548;0.701;0.751
2013-05-30 05:00:00;2013;5;30;5;31.477;10.574;91.06;2.351;0.0;0.485;0.548;0.701;0.752
2013-05-30 06:00:00;2013;5;30;6;81.626;10.763;89.877;3.047;0.0;0.485;0.547;0.701;0.752
2013-05-30 07:00:00;2013;5;30;7;192.256;11.362;84.79;3.51;0.0;0.485;0.547;0.701;0.751
2013-05-30 08:00:00;2013;5;30;8;253.755;12.037;79.947;3.235;0.0;0.485;0.547;0.701;0.751
2013-05-30 09:00:00;2013;5;30;9;232.151;12.242;76.998;3.54;0.0;0.486;0.547;0.701;0.751
2013-05-30 10:00:00;2013;5;30;10;262.496;12.541;74.133;3.413;0.0;0.486;0.547;0.701;0.751
2013-05-30 11:00:00;2013;5;30;11;384.291;13.26;68.928;2.979;0.0;0.487;0.548;0.701;0.751
2013-05-30 12:00:00;2013;5;30;12;547.164;14.716;59.84;2.041;0.0;0.486;0.548;0.701;0.749
2013-05-30 13:00:00;2013;5;30;13;290.273;15.242;58.463;2.792;0.0;0.487;0.548;0.7;0.748
2013-05-30 14:00:00;2013;5;30;14;384.585;15.692;57.08;2.765;0.0;0.486;0.548;0.7;0.747
2013-05-30 15:00:00;2013;5;30;15;225.356;15.506;57.394;1.938;0.0;0.486;0.549;0.7;0.747
2013-05-30 16:00:00;2013;5;30;16;231.825;15.815;54.759;1.218;0.0;0.486;0.55;0.7;0.746
2013-05-30 17:00:00;2013;5;30;17;145.531;15.854;56.716;1.168;0.0;0.485;0.551;0.701;0.746
2013-05-30 18:00:00;2013;5;30;18;59.962;15.224;63.11;2.051;0.0;0.484;0.551;0.701;0.746
2013-05-30 19:00:00;2013;5;30;19;15.461;13.35;79.646;3.461;0.0;0.484;0.552;0.701;0.746
2013-05-30 20:00:00;2013;5;30;20;-4.398;12.018;87.275;3.0;0.0;0.483;0.553;0.701;0.746
2013-05-30 21:00:00;2013;5;30;21;-4.753;10.638;92.365;3.239;0.0;0.481;0.554;0.702;0.746
2013-05-30 22:00:00;2013;5;30;22;-2.896;11.724;94.632;4.455;0.0;0.48;0.555;0.702;0.746
2013-05-30 23:00:00;2013;5;30;23;-2.81;12.238;92.207;4.884;0.0;0.479;0.554;0.702;0.746
2013-05-31 00:00:00;2013;5;31;0;-2.859;12.196;92.342;4.793;0.0;0.478;0.553;0.702;0.746
2013-05-31 01:00:00;2013;5;31;1;-2.862;12.291;92.158;5.498;0.0;0.477;0.554;0.702;0.746
2013-05-31 02:00:00;2013;5;31;2;-2.853;12.426;91.487;5.576;0.0;0.477;0.552;0.702;0.746
2013-05-31 03:00:00;2013;5;31;3;-0.378;12.362;92.27;5.896;0.0;0.476;0.552;0.702;0.746
2013-05-31 04:00:00;2013;5;31;4;21.937;12.433;93.593;5.458;0.0;0.476;0.552;0.702;0.746
2013-05-31 05:00:00;2013;5;31;5;145.313;13.243;91.338;5.458;0.0;0.475;0.552;0.702;0.746
2013-05-31 06:00:00;2013;5;31;6;271.287;14.655;85.752;5.431;0.0;0.475;0.551;0.702;0.746
2013-05-31 07:00:00;2013;5;31;7;302.266;15.894;82.132;5.385;0.0;0.475;0.551;0.702;0.746
2013-05-31 08:00:00;2013;5;31;8;550.497;17.885;74.794;6.182;0.0;0.475;0.55;0.702;0.746
2013-05-31 09:00:00;2013;5;31;9;494.117;18.807;68.228;7.206;0.0;0.475;0.549;0.702;0.745
2013-05-31 10:00:00;2013;5;31;10;694.824;19.917;63.347;7.721;0.0;0.473;0.549;0.701;0.745
2013-05-31 11:00:00;2013;5;31;11;718.039;20.493;60.286;8.906;0.0;0.473;0.548;0.701;0.746
2013-05-31 12:00:00;2013;5;31;12;801.812;20.484;58.565;9.656;0.0;0.472;0.547;0.701;0.745
2013-05-31 13:00:00;2013;5;31;13;781.768;20.033;54.37;10.538;0.0;0.471;0.546;0.7;0.745
2013-05-31 14:00:00;2013;5;31;14;663.712;19.33;55.658;10.306;0.0;0.47;0.546;0.7;0.745
2013-05-31 15:00:00;2013;5;31;15;536.749;18.309;55.596;10.981;0.0;0.468;0.546;0.7;0.746
2013-05-31 16:00:00;2013;5;31;16;377.76;17.495;58.684;10.155;0.0;0.467;0.544;0.7;0.747
2013-05-31 17:00:00;2013;5;31;17;238.788;15.892;67.225;9.29;0.0;0.464;0.543;0.7;0.747
2013-05-31 18:00:00;2013;5;31;18;54.2;13.711;77.118;8.303;0.0;0.462;0.542;0.7;0.748
2013-05-31 19:00:00;2013;5;31;19;14.454;12.374;83.368;6.963;0.0;0.461;0.542;0.7;0.75
2013-05-31 20:00:00;2013;5;31;20;-2.801;12.149;84.57;6.704;0.0;0.459;0.541;0.7;0.749
2013-05-31 21:00:00;2013;5;31;21;-3.049;11.922;85.248;7.347;0.0;0.457;0.54;0.7;0.749
2013-05-31 22:00:00;2013;5;31;22;-2.898;11.705;85.75;7.186;0.0;0.456;0.539;0.7;0.749
2013-05-31 23:00:00;2013;5;31;23;-2.789;11.33;86.455;7.048;0.0;0.456;0.539;0.7;0.75
2013-06-01 00:00:00;2013;6;1;0;-2.82;11.011;86.812;6.684;0.0;0.454;0.538;0.7;0.749
2013-06-01 01:00:00;2013;6;1;1;-2.821;10.606;87.315;6.601;0.0;0.454;0.537;0.701;0.749
2013-06-01 02:00:00;2013;6;1;2;-2.78;10.452;87.76;6.35;0.0;0.453;0.537;0.701;0.749
2013-06-01 03:00:00;2013;6;1;3;-0.241;10.117;91.03;6.602;0.0;0.452;0.537;0.7;0.749
2013-06-01 04:00:00;2013;6;1;4;18.825;10.021;90.248;6.675;0.0;0.452;0.536;0.7;0.749
2013-06-01 05:00:00;2013;6;1;5;35.219;10.26;89.284;6.776;0.0;0.451;0.536;0.7;0.749
2013-06-01 06:00:00;2013;6;1;6;54.274;9.932;91.48;6.394;0.0;0.451;0.536;0.7;0.748
2013-06-01 07:00:00;2013;6;1;7;99.122;10.242;89.583;6.936;0.0;0.45;0.535;0.7;0.749
2013-06-01 08:00:00;2013;6;1;8;139.99;10.748;86.13;6.826;0.0;0.449;0.534;0.7;0.748
2013-06-01 09:00:00;2013;6;1;9;152.288;10.902;85.91;7.268;0.0;0.448;0.533;0.7;0.748
2013-06-01 10:00:00;2013;6;1;10;179.238;11.235;82.593;7.973;0.0;0.447;0.533;0.7;0.748
2013-06-01 11:00:00;2013;6;1;11;155.103;11.286;82.982;7.338;0.0;0.446;0.532;0.699;0.748
2013-06-01 12:00:00;2013;6;1;12;208.381;11.558;82.294;6.319;0.0;0.446;0.532;0.699;0.747
2013-06-01 13:00:00;2013;6;1;13;417.859;13.339;71.709;7.211;0.0;0.445;0.532;0.699;0.748
2013-06-01 14:00:00;2013;6;1;14;483.262;13.957;68.563;7.445;0.0;0.445;0.531;0.699;0.748
2013-06-01 15:00:00;2013;6;1;15;191.529;12.592;74.557;7.985;0.0;0.445;0.531;0.699;0.749
2013-06-01 16:00:00;2013;6;1;16;62.572;11.45;80.277;7.271;0.0;0.444;0.531;0.699;0.748
2013-06-01 17:00:00;2013;6;1;17;72.938;11.637;76.552;6.884;0.0;0.444;0.531;0.699;0.748
2013-06-01 18:00:00;2013;6;1;18;109.665;11.669;72.258;7.018;0.0;0.444;0.532;0.699;0.747
2013-06-01 19:00:00;2013;6;1;19;14.212;10.723;77.087;5.691;0.0;0.443;0.531;0.699;0.747
2013-06-01 20:00:00;2013;6;1;20;-3.799;9.989;80.961;5.803;0.0;0.442;0.531;0.699;0.746
2013-06-01 21:00:00;2013;6;1;21;-4.311;9.051;85.2;4.673;0.0;0.441;0.531;0.699;0.746
2013-06-01 22:00:00;2013;6;1;22;-4.322;8.403;87.877;4.002;0.0;0.44;0.53;0.699;0.745
2013-06-01 23:00:00;2013;6;1;23;-4.386;7.749;89.842;3.916;0.0;0.44;0.53;0.699;0.745
2013-06-02 00:00:00;2013;6;2;0;-5.111;5.888;92.897;2.885;0.01;0.438;0.529;0.699;0.744
2013-06-02 01:00:00;2013;6;2;1;-5.1;5.121;94.345;2.526;0.0;0.437;0.529;0.699;0.744
2013-06-02 02:00:00;2013;6;2;2;-4.894;4.597;94.68;2.475;0.0;0.436;0.528;0.699;0.744
2013-06-02 03:00:00;2013;6;2;3;4.568;4.234;94.602;2.143;0.01;0.435;0.527;0.699;0.744
2013-06-02 04:00:00;2013;6;2;4;88.287;5.276;95.592;2.088;0.0;0.434;0.527;0.699;0.744
2013-06-02 05:00:00;2013;6;2;5;233.536;8.446;88.378;3.513;0.0;0.434;0.526;0.699;0.744
2013-06-02 06:00:00;2013;6;2;6;389.558;10.519;76.724;4.541;0.0;0.433;0.525;0.698;0.744
2013-06-02 07:00:00;2013;6;2;7;563.999;12.06;63.485;6.821;0.0;0.433;0.525;0.698;0.744
2013-06-02 08:00:00;2013;6;2;8;694.97;13.039;58.708;6.917;0.0;0.434;0.524;0.698;0.744
2013-06-02 09:00:00;2013;6;2;9;791.388;14.186;53.264;7.313;0.0;0.433;0.523;0.698;0.745
2013-06-02 10:00:00;2013;6;2;10;874.505;15.194;49.087;7.55;0.0;0.433;0.523;0.697;0.746
2013-06-02 11:00:00;2013;6;2;11;905.521;15.758;47.201;7.38;0.0;0.434;0.523;0.697;0.746
2013-06-02 12:00:00;2013;6;2;12;782.984;16.023;47.285;7.17;0.0;0.434;0.523;0.697;0.746
2013-06-02 13:00:00;2013;6;2;13;683.348;16.098;46.548;7.688;0.0;0.436;0.524;0.696;0.746
2013-06-02 14:00:00;2013;6;2;14;642.709;16.054;47.806;8.191;0.0;0.435;0.524;0.696;0.746
2013-06-02 15:00:00;2013;6;2;15;598.236;16.128;48.282;7.476;0.0;0.435;0.525;0.696;0.746
2013-06-02 16:00:00;2013;6;2;16;412.753;15.649;49.88;7.009;0.0;0.432;0.525;0.697;0.747
2013-06-02 17:00:00;2013;6;2;17;219.889;14.597;52.684;6.529;0.0;0.431;0.524;0.697;0.747
2013-06-02 18:00:00;2013;6;2;18;107.445;13.444;59.177;6.225;0.0;0.429;0.524;0.697;0.746
2013-06-02 19:00:00;2013;6;2;19;16.09;11.593;67.239;4.694;0.0;0.427;0.524;0.697;0.745
2013-06-02 20:00:00;2013;6;2;20;-4.159;9.662;77.021;3.439;0.0;0.425;0.523;0.697;0.745
2013-06-02 21:00:00;2013;6;2;21;-4.855;8.263;84.683;2.865;0.0;0.425;0.523;0.698;0.745
2013-06-02 22:00:00;2013;6;2;22;-5.117;6.999;88.73;2.496;0.0;0.423;0.522;0.698;0.745
2013-06-02 23:00:00;2013;6;2;23;-4.89;6.319;88.655;2.402;0.0;0.422;0.521;0.698;0.745
2013-06-03 00:00:00;2013;6;3;0;-5.094;5.243;88.105;2.369;0.01;0.42;0.52;0.698;0.746
2013-06-03 01:00:00;2013;6;3;1;-5.485;4.403;92.355;1.402;0.01;0.418;0.519;0.698;0.746
2013-06-03 02:00:00;2013;6;3;2;-5.079;4.622;93.973;1.907;0.0;0.417;0.519;0.698;0.747
2013-06-03 03:00:00;2013;6;3;3;4.124;4.907;94.497;1.893;0.0;0.417;0.518;0.699;0.748
2013-06-03 04:00:00;2013;6;3;4;68.57;4.36;95.52;1.363;0.0;0.416;0.517;0.699;0.748
2013-06-03 05:00:00;2013;6;3;5;219.196;7.409;93.165;2.106;0.0;0.416;0.516;0.699;0.748
2013-06-03 06:00:00;2013;6;3;6;265.303;10.078;76.999;4.182;0.0;0.415;0.515;0.699;0.748
2013-06-03 07:00:00;2013;6;3;7;235.528;10.808;68.497;5.952;0.0;0.416;0.514;0.698;0.748
2013-06-03 08:00:00;2013;6;3;8;235.651;11.0;64.391;6.12;0.0;0.416;0.514;0.698;0.748
2013-06-03 09:00:00;2013;6;3;9;286.349;11.529;63.293;5.294;0.0;0.415;0.513;0.698;0.748
2013-06-03 10:00:00;2013;6;3;10;403.429;12.33;60.49;5.392;0.0;0.415;0.513;0.697;0.747
2013-06-03 11:00:00;2013;6;3;11;595.815;13.115;58.028;5.433;0.0;0.415;0.513;0.697;0.746
2013-06-03 12:00:00;2013;6;3;12;618.102;13.854;55.485;5.73;0.0;0.416;0.513;0.697;0.746
2013-06-03 13:00:00;2013;6;3;13;648.216;14.423;53.657;5.96;0.0;0.416;0.513;0.696;0.746
2013-06-03 14:00:00;2013;6;3;14;628.906;14.885;52.007;6.573;0.0;0.417;0.513;0.696;0.746
2013-06-03 15:00:00;2013;6;3;15;541.426;15.145;51.209;7.24;0.0;0.416;0.513;0.695;0.746
2013-06-03 16:00:00;2013;6;3;16;418.548;14.753;52.094;7.374;0.0;0.416;0.513;0.695;0.746
2013-06-03 17:00:00;2013;6;3;17;256.361;13.989;54.776;6.914;0.0;0.414;0.513;0.695;0.745
2013-06-03 18:00:00;2013;6;3;18;114.946;12.836;57.872;6.259;0.0;0.412;0.514;0.695;0.745
2013-06-03 19:00:00;2013;6;3;19;12.319;11.291;63.985;5.178;0.0;0.41;0.514;0.696;0.745
2013-06-03 20:00:00;2013;6;3;20;-4.139;9.823;71.95;4.079;0.0;0.411;0.513;0.696;0.747
2013-06-03 21:00:00;2013;6;3;21;-4.62;8.696;78.362;3.68;0.0;0.41;0.512;0.696;0.747
2013-06-03 22:00:00;2013;6;3;22;-4.953;6.861;86.562;3.054;0.0;0.409;0.512;0.697;0.747
2013-06-03 23:00:00;2013;6;3;23;-3.934;7.568;86.382;3.967;0.0;0.408;0.511;0.697;0.747
2013-06-04 00:00:00;2013;6;4;0;-3.088;8.576;80.476;3.583;0.0;0.407;0.511;0.697;0.747
2013-06-04 01:00:00;2013;6;4;1;-4.228;8.264;80.049;3.106;0.0;0.407;0.51;0.697;0.747
2013-06-04 02:00:00;2013;6;4;2;-5.464;6.045;87.872;2.088;0.0;0.406;0.51;0.697;0.747
2013-06-04 03:00:00;2013;6;4;3;4.99;4.965;92.313;1.919;0.01;0.405;0.51;0.697;0.747
2013-06-04 04:00:00;2013;6;4;4;35.309;5.939;94.43;0.813;0.0;0.403;0.509;0.697;0.747
2013-06-04 05:00:00;2013;6;4;5;84.22;8.301;89.77;1.154;0.0;0.403;0.508;0.697;0.746
2013-06-04 06:00:00;2013;6;4;6;165.05;10.021;82.112;2.64;0.0;0.402;0.508;0.697;0.746
2013-06-04 07:00:00;2013;6;4;7;375.504;11.343;77.836;2.894;0.0;0.403;0.508;0.697;0.746
2013-06-04 08:00:00;2013;6;4;8;659.852;13.468;70.886;2.848;0.0;0.404;0.508;0.697;0.747
2013-06-04 09:00:00;2013;6;4;9;812.727;15.39;65.752;3.583;0.0;0.405;0.507;0.696;0.747
2013-06-04 10:00:00;2013;6;4;10;785.417;16.927;59.104;3.803;0.0;0.406;0.506;0.696;0.746
2013-06-04 11:00:00;2013;6;4;11;689.257;18.818;50.341;3.982;0.0;0.407;0.506;0.696;0.747
2013-06-04 12:00:00;2013;6;4;12;665.078;19.764;48.001;3.441;0.0;0.407;0.506;0.695;0.746
2013-06-04 13:00:00;2013;6;4;13;808.244;20.949;40.849;4.251;0.0;0.407;0.507;0.695;0.745
2013-06-04 14:00:00;2013;6;4;14;755.168;21.527;38.376;4.617;0.0;0.408;0.507;0.694;0.745
2013-06-04 15:00:00;2013;6;4;15;368.419;20.77;47.055;4.986;0.0;0.407;0.507;0.694;0.745
2013-06-04 16:00:00;2013;6;4;16;412.806;20.821;47.79;5.581;0.0;0.404;0.508;0.694;0.745
2013-06-04 17:00:00;2013;6;4;17;260.255;20.759;34.359;4.526;0.0;0.402;0.508;0.694;0.744
2013-06-04 18:00:00;2013;6;4;18;117.815;19.284;32.271;5.507;0.0;0.401;0.507;0.695;0.744
2013-06-04 19:00:00;2013;6;4;19;17.792;17.083;37.038;4.343;0.0;0.398;0.507;0.695;0.745
2013-06-04 20:00:00;2013;6;4;20;-4.607;14.988;45.187;3.939;0.0;0.397;0.507;0.696;0.746
2013-06-04 21:00:00;2013;6;4;21;-4.801;12.426;58.783;3.417;0.0;0.395;0.507;0.696;0.747
2013-06-04 22:00:00;2013;6;4;22;-4.693;12.242;62.215;3.142;0.0;0.393;0.506;0.697;0.747
2013-06-04 23:00:00;2013;6;4;23;-5.068;9.325;74.817;2.669;0.0;0.392;0.505;0.697;0.746
2013-06-05 00:00:00;2013;6;5;0;-4.307;8.354;79.875;3.129;0.01;0.39;0.504;0.697;0.746
2013-06-05 01:00:00;2013;6;5;1;-4.733;7.537;83.862;2.974;0.0;0.389;0.504;0.697;0.747
2013-06-05 02:00:00;2013;6;5;2;-4.404;7.097;86.083;3.086;0.01;0.387;0.504;0.697;0.747
2013-06-05 03:00:00;2013;6;5;3;5.864;7.041;87.217;2.931;0.0;0.386;0.503;0.696;0.747
2013-06-05 04:00:00;2013;6;5;4;89.591;8.253;86.085;2.365;0.0;0.385;0.502;0.696;0.748
2013-06-05 05:00:00;2013;6;5;5;231.309;10.513;79.321;2.583;0.0;0.385;0.502;0.696;0.749
2013-06-05 06:00:00;2013;6;5;6;385.908;12.955;70.945;2.813;0.0;0.384;0.502;0.696;0.749
2013-06-05 07:00:00;2013;6;5;7;539.476;15.528;65.641;3.085;0.0;0.385;0.502;0.696;0.749
2013-06-05 08:00:00;2013;6;5;8;680.831;17.793;61.073;4.115;0.0;0.385;0.501;0.696;0.749
2013-06-05 09:00:00;2013;6;5;9;802.497;19.729;51.07;3.001;0.0;0.386;0.5;0.696;0.75
2013-06-05 10:00:00;2013;6;5;10;657.548;20.64;46.126;2.4;0.0;0.387;0.499;0.696;0.751
2013-06-05 11:00:00;2013;6;5;11;449.516;20.426;47.105;2.09;0.0;0.389;0.499;0.695;0.751
2013-06-05 12:00:00;2013;6;5;12;919.568;21.774;42.466;1.709;0.0;0.389;0.499;0.695;0.751
2013-06-05 13:00:00;2013;6;5;13;683.832;22.145;41.464;1.901;0.0;0.391;0.498;0.694;0.749
2013-06-05 14:00:00;2013;6;5;14;727.927;22.812;39.497;1.903;0.0;0.392;0.499;0.694;0.747
2013-06-05 15:00:00;2013;6;5;15;299.344;22.252;38.92;1.175;0.0;0.392;0.5;0.694;0.747
2013-06-05 16:00:00;2013;6;5;16;402.953;22.272;42.415;3.454;0.0;0.391;0.501;0.694;0.748
2013-06-05 17:00:00;2013;6;5;17;236.718;20.965;49.445;5.564;0.0;0.388;0.501;0.694;0.75
2013-06-05 18:00:00;2013;6;5;18;102.412;19.574;53.369;5.265;0.0;0.386;0.502;0.694;0.749
2013-06-05 19:00:00;2013;6;5;19;22.259;18.087;56.937;4.365;0.0;0.384;0.502;0.694;0.748
2013-06-05 20:00:00;2013;6;5;20;-4.112;15.991;64.26;3.695;0.0;0.382;0.501;0.694;0.747
2013-06-05 21:00:00;2013;6;5;21;-4.494;15.323;63.476;3.978;0.0;0.38;0.499;0.694;0.747
2013-06-05 22:00:00;2013;6;5;22;-4.517;13.853;67.503;3.743;0.0;0.378;0.499;0.693;0.748
2013-06-05 23:00:00;2013;6;5;23;-4.593;11.92;76.82;3.316;0.0;0.377;0.498;0.693;0.748
2013-06-06 00:00:00;2013;6;6;0;-4.505;10.678;82.835;3.233;0.01;0.375;0.496;0.693;0.748
2013-06-06 01:00:00;2013;6;6;1;-4.453;9.565;87.207;3.092;0.0;0.374;0.494;0.693;0.749
2013-06-06 02:00:00;2013;6;6;2;-4.333;9.062;89.277;2.79;0.0;0.373;0.492;0.693;0.749
2013-06-06 03:00:00;2013;6;6;3;4.583;8.72;90.857;2.74;0.01;0.372;0.491;0.693;0.749
2013-06-06 04:00:00;2013;6;6;4;61.438;9.257;90.97;2.661;0.0;0.371;0.49;0.693;0.75
2013-06-06 05:00:00;2013;6;6;5;212.541;11.462;83.364;2.06;0.0;0.37;0.489;0.693;0.75
2013-06-06 06:00:00;2013;6;6;6;323.743;13.404;76.214;2.116;0.0;0.37;0.489;0.694;0.749
2013-06-06 07:00:00;2013;6;6;7;525.677;16.05;68.439;2.079;0.0;0.371;0.489;0.693;0.749
2013-06-06 08:00:00;2013;6;6;8;653.366;19.13;57.141;1.951;0.0;0.371;0.489;0.693;0.748
2013-06-06 09:00:00;2013;6;6;9;769.02;21.718;45.87;2.185;0.0;0.373;0.489;0.693;0.747
2013-06-06 10:00:00;2013;6;6;10;845.857;23.196;40.384;3.836;0.0;0.374;0.49;0.692;0.747
2013-06-06 11:00:00;2013;6;6;11;864.586;23.723;42.587;3.486;0.0;0.376;0.49;0.692;0.747
2013-06-06 12:00:00;2013;6;6;12;893.997;24.841;38.376;2.535;0.0;0.377;0.491;0.691;0.747
2013-06-06 13:00:00;2013;6;6;13;524.814;24.676;37.241;2.864;0.0;0.378;0.491;0.69;0.746
2013-06-06 14:00:00;2013;6;6;14;589.832;24.905;37.344;2.691;0.0;0.378;0.492;0.69;0.746
2013-06-06 15:00:00;2013;6;6;15;306.862;24.609;37.69;2.387;0.0;0.377;0.493;0.689;0.746
2013-06-06 16:00:00;2013;6;6;16;362.657;24.622;37.194;3.107;0.0;0.376;0.493;0.69;0.746
2013-06-06 17:00:00;2013;6;6;17;198.932;23.933;39.082;2.342;0.0;0.374;0.493;0.689;0.746
2013-06-06 18:00:00;2013;6;6;18;100.534;22.751;44.906;2.108;0.0;0.373;0.493;0.688;0.746
2013-06-06 19:00:00;2013;6;6;19;15.036;20.296;48.894;1.828;0.0;0.372;0.493;0.687;0.746
2013-06-06 20:00:00;2013;6;6;20;-5.571;16.774;62.383;2.594;0.0;0.37;0.491;0.687;0.747
2013-06-06 21:00:00;2013;6;6;21;-5.361;15.357;79.314;3.037;0.0;0.369;0.489;0.687;0.748
2013-06-06 22:00:00;2013;6;6;22;-5.133;14.331;85.637;3.051;0.0;0.367;0.488;0.688;0.747
2013-06-06 23:00:00;2013;6;6;23;-5.233;13.229;88.087;2.918;0.0;0.365;0.487;0.688;0.746
2013-06-07 00:00:00;2013;6;7;0;-5.049;11.845;92.483;2.883;0.0;0.364;0.485;0.688;0.746
2013-06-07 01:00:00;2013;6;7;1;-5.051;11.046;93.558;2.788;0.01;0.363;0.484;0.688;0.745
2013-06-07 02:00:00;2013;6;7;2;-4.575;10.002;94.475;2.959;0.0;0.362;0.483;0.688;0.745
2013-06-07 03:00:00;2013;6;7;3;6.728;9.511;94.795;2.801;0.0;0.361;0.482;0.688;0.745
2013-06-07 04:00:00;2013;6;7;4;82.368;10.257;95.187;2.615;0.0;0.36;0.482;0.688;0.745
2013-06-07 05:00:00;2013;6;7;5;218.737;12.3;90.747;2.536;0.0;0.36;0.481;0.688;0.745
2013-06-07 06:00:00;2013;6;7;6;377.591;14.637;80.991;3.017;0.0;0.359;0.48;0.688;0.745
2013-06-07 07:00:00;2013;6;7;7;540.907;17.274;71.885;3.293;0.0;0.36;0.48;0.688;0.745
2013-06-07 08:00:00;2013;6;7;8;679.04;19.874;61.321;3.628;0.0;0.361;0.479;0.687;0.745
2013-06-07 09:00:00;2013;6;7;9;782.936;22.135;51.889;4.656;0.0;0.362;0.479;0.686;0.746
2013-06-07 10:00:00;2013;6;7;10;830.72;23.502;41.387;4.299;0.0;0.364;0.478;0.685;0.747
2013-06-07 11:00:00;2013;6;7;11;877.716;24.065;36.412;3.81;0.0;0.365;0.479;0.684;0.746
2013-06-07 12:00:00;2013;6;7;12;877.857;24.646;36.865;3.621;0.0;0.366;0.479;0.682;0.746
2013-06-07 13:00:00;2013;6;7;13;613.011;24.508;37.332;3.371;0.0;0.367;0.48;0.681;0.746
2013-06-07 14:00:00;2013;6;7;14;476.744;24.569;36.964;2.638;0.0;0.367;0.481;0.68;0.746
2013-06-07 15:00:00;2013;6;7;15;444.516;24.616;36.731;2.948;0.0;0.366;0.481;0.68;0.746
2013-06-07 16:00:00;2013;6;7;16;390.38;23.751;47.054;6.585;0.0;0.365;0.48;0.679;0.746
2013-06-07 17:00:00;2013;6;7;17;248.709;22.517;53.236;7.306;0.0;0.363;0.48;0.679;0.746
2013-06-07 18:00:00;2013;6;7;18;104.996;21.398;51.537;5.996;0.0;0.361;0.479;0.679;0.744
2013-06-07 19:00:00;2013;6;7;19;15.936;18.81;64.533;5.122;0.0;0.359;0.479;0.679;0.744
2013-06-07 20:00:00;2013;6;7;20;-4.042;16.632;71.262;5.555;0.0;0.357;0.479;0.679;0.744
2013-06-07 21:00:00;2013;6;7;21;-4.613;14.808;74.123;5.381;0.0;0.355;0.478;0.679;0.744
2013-06-07 22:00:00;2013;6;7;22;-4.516;13.047;79.016;5.358;0.0;0.354;0.478;0.68;0.744
2013-06-07 23:00:00;2013;6;7;23;-4.368;11.484;82.927;4.837;0.0;0.353;0.477;0.68;0.745
2013-06-08 00:00:00;2013;6;8;0;-4.382;10.605;84.868;4.121;0.0;0.351;0.475;0.68;0.746
2013-06-08 01:00:00;2013;6;8;1;-4.32;10.003;88.028;4.453;0.0;0.35;0.473;0.68;0.746
2013-06-08 02:00:00;2013;6;8;2;-4.153;9.732;89.838;4.725;0.01;0.349;0.472;0.68;0.746
2013-06-08 03:00:00;2013;6;8;3;6.638;9.681;90.288;4.925;0.0;0.348;0.471;0.68;0.746
2013-06-08 04:00:00;2013;6;8;4;72.951;10.113;88.678;4.818;0.0;0.347;0.47;0.68;0.746
2013-06-08 05:00:00;2013;6;8;5;206.711;10.989;85.07;4.902;0.0;0.346;0.469;0.68;0.746
2013-06-08 06:00:00;2013;6;8;6;363.888;12.659;77.031;4.79;0.0;0.346;0.467;0.68;0.746
2013-06-08 07:00:00;2013;6;8;7;520.882;14.61;67.489;5.084;0.0;0.347;0.467;0.68;0.746
2013-06-08 08:00:00;2013;6;8;8;661.037;16.321;61.699;4.933;0.0;0.347;0.466;0.679;0.747
2013-06-08 09:00:00;2013;6;8;9;768.228;17.818;59.179;5.5;0.0;0.348;0.466;0.678;0.746
2013-06-08 10:00:00;2013;6;8;10;837.617;19.02;56.15;5.299;0.0;0.349;0.465;0.676;0.746
2013-06-08 11:00:00;2013;6;8;11;868.309;20.434;52.137;5.168;0.0;0.351;0.465;0.674;0.746
2013-06-08 12:00:00;2013;6;8;12;842.929;21.117;48.394;4.929;0.0;0.352;0.465;0.673;0.745
2013-06-08 13:00:00;2013;6;8;13;780.503;21.764;46.112;4.268;0.0;0.353;0.465;0.671;0.745
2013-06-08 14:00:00;2013;6;8;14;682.27;21.801;46.323;4.566;0.0;0.354;0.466;0.669;0.745
2013-06-08 15:00:00;2013;6;8;15;549.562;21.315;49.736;5.795;0.0;0.354;0.467;0.668;0.746
2013-06-08 16:00:00;2013;6;8;16;396.009;20.36;51.947;5.841;0.0;0.352;0.467;0.667;0.746
2013-06-08 17:00:00;2013;6;8;17;243.507;19.254;53.563;5.984;0.0;0.351;0.468;0.666;0.746
2013-06-08 18:00:00;2013;6;8;18;105.419;17.591;57.307;6.035;0.0;0.349;0.467;0.666;0.747
2013-06-08 19:00:00;2013;6;8;19;17.425;15.24;64.186;5.959;0.0;0.341;0.461;0.667;0.746
2013-06-08 20:00:00;2013;6;8;20;-3.971;13.124;70.848;5.535;0.0;0.335;0.457;0.667;0.746
2013-06-08 21:00:00;2013;6;8;21;-4.438;11.641;76.094;5.191;0.0;0.333;0.456;0.668;0.747
2013-06-08 22:00:00;2013;6;8;22;-4.337;10.68;78.813;4.748;0.0;0.332;0.454;0.668;0.747
2013-06-08 23:00:00;2013;6;8;23;-4.312;9.969;81.585;4.366;0.0;0.33;0.454;0.669;0.749
2013-06-09 00:00:00;2013;6;9;0;-4.596;9.571;82.905;3.051;0.01;0.328;0.453;0.669;0.75
2013-06-09 01:00:00;2013;6;9;1;-3.429;9.587;83.683;3.209;0.0;0.327;0.452;0.669;0.751
2013-06-09 02:00:00;2013;6;9;2;-3.201;9.945;82.29;3.116;0.0;0.327;0.451;0.669;0.752
2013-06-09 03:00:00;2013;6;9;3;3.419;10.163;80.126;3.399;0.0;0.326;0.451;0.669;0.752
2013-06-09 04:00:00;2013;6;9;4;37.005;10.586;78.065;4.368;0.0;0.325;0.45;0.669;0.752
2013-06-09 05:00:00;2013;6;9;5;88.672;10.938;76.523;4.627;0.0;0.324;0.45;0.669;0.753
2013-06-09 06:00:00;2013;6;9;6;154.203;11.234;75.249;4.992;0.0;0.324;0.449;0.668;0.752
2013-06-09 07:00:00;2013;6;9;7;258.694;11.76;73.388;5.489;0.0;0.324;0.448;0.668;0.752
2013-06-09 08:00:00;2013;6;9;8;349.493;12.059;71.458;5.492;0.0;0.324;0.448;0.667;0.752
2013-06-09 09:00:00;2013;6;9;9;546.425;12.803;69.003;5.326;0.0;0.325;0.447;0.667;0.752
2013-06-09 10:00:00;2013;6;9;10;704.155;13.78;67.296;5.717;0.0;0.325;0.446;0.666;0.751
2013-06-09 11:00:00;2013;6;9;11;881.11;15.1;63.1;5.36;0.0;0.326;0.446;0.664;0.75
2013-06-09 12:00:00;2013;6;9;12;857.108;16.063;59.348;5.417;0.0;0.327;0.446;0.662;0.749
2013-06-09 13:00:00;2013;6;9;13;826.51;16.925;57.544;5.684;0.0;0.328;0.446;0.66;0.749
2013-06-09 14:00:00;2013;6;9;14;725.955;17.558;55.318;6.104;0.0;0.329;0.447;0.658;0.75
2013-06-09 15:00:00;2013;6;9;15;597.534;17.832;54.61;5.829;0.0;0.328;0.447;0.657;0.751
2013-06-09 16:00:00;2013;6;9;16;459.283;17.56;54.668;5.338;0.0;0.328;0.447;0.656;0.751
2013-06-09 17:00:00;2013;6;9;17;281.703;16.702;57.181;5.411;0.0;0.327;0.447;0.655;0.753
2013-06-09 18:00:00;2013;6;9;18;116.653;15.275;60.591;5.519;0.0;0.326;0.447;0.655;0.755
2013-06-09 19:00:00;2013;6;9;19;19.298;13.737;64.449;4.873;0.0;0.324;0.447;0.655;0.755
2013-06-09 20:00:00;2013;6;9;20;-3.847;12.001;71.256;5.435;0.0;0.323;0.447;0.655;0.755
2013-06-09 21:00:00;2013;6;9;21;-4.586;10.545;76.385;4.687;0.0;0.321;0.446;0.655;0.754
2013-06-09 22:00:00;2013;6;9;22;-4.73;9.222;81.349;3.525;0.0;0.32;0.445;0.655;0.752
2013-06-09 23:00:00;2013;6;9;23;-4.676;8.487;83.177;3.335;0.0;0.319;0.444;0.655;0.75
2013-06-10 00:00:00;2013;6;10;0;-4.763;7.641;85.773;3.048;0.01;0.318;0.443;0.655;0.749
2013-06-10 01:00:00;2013;6;10;1;-5.28;7.005;87.075;1.957;0.0;0.317;0.442;0.655;0.748
2013-06-10 02:00:00;2013;6;10;2;-5.404;5.574;92.508;1.461;0.0;0.316;0.441;0.655;0.748
2013-06-10 03:00:00;2013;6;10;3;3.854;6.207;94.087;1.576;0.0;0.315;0.44;0.655;0.747
2013-06-10 04:00:00;2013;6;10;4;32.211;7.292;93.665;1.22;0.0;0.315;0.44;0.655;0.747
2013-06-10 05:00:00;2013;6;10;5;71.648;9.58;83.313;1.796;0.0;0.315;0.439;0.655;0.747
2013-06-10 06:00:00;2013;6;10;6;225.574;11.017;73.848;2.461;0.0;0.315;0.439;0.655;0.747
2013-06-10 07:00:00;2013;6;10;7;186.269;11.647;69.224;3.016;0.0;0.316;0.438;0.654;0.747
2013-06-10 08:00:00;2013;6;10;8;270.313;12.368;66.345;3.145;0.0;0.316;0.438;0.654;0.748
2013-06-10 09:00:00;2013;6;10;9;301.775;12.907;64.798;3.624;0.0;0.316;0.439;0.653;0.748
2013-06-10 10:00:00;2013;6;10;10;365.668;13.399;63.832;3.244;0.0;0.317;0.439;0.652;0.749
2013-06-10 11:00:00;2013;6;10;11;522.547;14.101;63.229;3.63;0.0;0.318;0.439;0.651;0.75
2013-06-10 12:00:00;2013;6;10;12;814.394;15.024;59.227;3.18;0.0;0.318;0.438;0.65;0.751
2013-06-10 13:00:00;2013;6;10;13;827.762;15.808;57.009;3.405;0.0;0.32;0.438;0.647;0.751
2013-06-10 14:00:00;2013;6;10;14;718.918;16.399;54.547;3.374;0.0;0.321;0.439;0.646;0.75
2013-06-10 15:00:00;2013;6;10;15;604.208;16.72;53.601;3.521;0.0;0.322;0.439;0.645;0.748
2013-06-10 16:00:00;2013;6;10;16;425.254;16.526;54.71;4.002;0.0;0.322;0.44;0.644;0.749
2013-06-10 17:00:00;2013;6;10;17;258.471;16.077;55.754;3.582;0.0;0.321;0.441;0.643;0.749
2013-06-10 18:00:00;2013;6;10;18;114.931;15.041;60.176;3.218;0.0;0.32;0.442;0.642;0.749
2013-06-10 19:00:00;2013;6;10;19;11.671;12.312;68.932;3.301;0.0;0.318;0.441;0.642;0.749
2013-06-10 20:00:00;2013;6;10;20;-4.691;10.168;77.675;2.921;0.0;0.317;0.441;0.643;0.749
2013-06-10 21:00:00;2013;6;10;21;-5.624;9.089;83.483;2.122;0.0;0.316;0.44;0.643;0.748
2013-06-10 22:00:00;2013;6;10;22;-5.849;7.571;89.742;1.682;0.0;0.314;0.438;0.643;0.749
2013-06-10 23:00:00;2013;6;10;23;-6.454;6.967;93.093;1.284;0.0;0.313;0.437;0.643;0.748
2013-06-11 00:00:00;2013;6;11;0;-5.972;6.578;94.038;0.86;0.0;0.311;0.436;0.644;0.749
2013-06-11 01:00:00;2013;6;11;1;-6.135;4.899;94.095;0.752;0.01;0.31;0.435;0.644;0.749
2013-06-11 02:00:00;2013;6;11;2;-5.693;4.551;94.907;0.84;0.0;0.309;0.434;0.643;0.75
2013-06-11 03:00:00;2013;6;11;3;5.848;3.378;94.992;1.039;0.01;0.308;0.433;0.644;0.75
2013-06-11 04:00:00;2013;6;11;4;78.401;4.526;96.773;1.025;0.0;0.307;0.432;0.644;0.751
2013-06-11 05:00:00;2013;6;11;5;149.104;8.466;96.135;0.859;0.0;0.308;0.431;0.643;0.75
2013-06-11 06:00:00;2013;6;11;6;258.242;11.241;84.003;2.21;0.0;0.308;0.431;0.643;0.75
2013-06-11 07:00:00;2013;6;11;7;281.148;13.041;75.64;2.468;0.0;0.309;0.431;0.642;0.75
2013-06-11 08:00:00;2013;6;11;8;475.074;14.604;67.797;2.054;0.0;0.31;0.432;0.642;0.75
2013-06-11 09:00:00;2013;6;11;9;714.563;16.243;58.551;2.166;0.0;0.311;0.432;0.64;0.749
2013-06-11 10:00:00;2013;6;11;10;786.619;17.545;53.598;2.494;0.0;0.314;0.432;0.638;0.749
2013-06-11 11:00:00;2013;6;11;11;471.442;18.024;52.012;1.888;0.0;0.316;0.433;0.636;0.749
2013-06-11 12:00:00;2013;6;11;12;663.283;18.998;49.258;2.313;0.0;0.317;0.434;0.634;0.749
2013-06-11 13:00:00;2013;6;11;13;602.528;19.889;46.765;2.413;0.0;0.318;0.434;0.632;0.748
2013-06-11 14:00:00;2013;6;11;14;487.641;20.326;45.607;1.506;0.0;0.318;0.435;0.629;0.747
2013-06-11 15:00:00;2013;6;11;15;515.012;20.949;43.698;1.82;0.0;0.319;0.436;0.628;0.747
2013-06-11 16:00:00;2013;6;11;16;313.24;21.146;42.433;2.054;0.0;0.319;0.437;0.626;0.747
2013-06-11 17:00:00;2013;6;11;17;144.607;20.335;49.233;1.877;0.0;0.318;0.439;0.625;0.747
2013-06-11 18:00:00;2013;6;11;18;43.828;19.097;58.84;2.034;0.0;0.317;0.44;0.625;0.747
2013-06-11 19:00:00;2013;6;11;19;6.42;18.658;58.535;2.017;0.0;0.316;0.439;0.625;0.747
2013-06-11 20:00:00;2013;6;11;20;-4.261;17.962;60.416;2.035;0.0;0.315;0.439;0.625;0.747
2013-06-11 21:00:00;2013;6;11;21;-4.877;17.02;67.82;2.097;0.0;0.314;0.439;0.625;0.747
2013-06-11 22:00:00;2013;6;11;22;-4.519;16.619;72.149;2.161;0.0;0.313;0.438;0.625;0.747
2013-06-11 23:00:00;2013;6;11;23;-4.54;16.317;76.333;2.318;0.0;0.313;0.437;0.625;0.747
2013-06-12 00:00:00;2013;6;12;0;-4.143;16.531;75.956;2.72;0.0;0.312;0.437;0.625;0.747
2013-06-12 01:00:00;2013;6;12;1;-4.093;16.341;78.059;2.843;0.0;0.312;0.436;0.626;0.747
2013-06-12 02:00:00;2013;6;12;2;-4.485;15.749;82.01;2.549;0.0;0.311;0.436;0.626;0.748
2013-06-12 03:00:00;2013;6;12;3;7.658;14.874;84.993;3.102;0.01;0.311;0.435;0.626;0.748
2013-06-12 04:00:00;2013;6;12;4;42.68;15.826;82.893;3.834;0.0;0.31;0.435;0.625;0.748
2013-06-12 05:00:00;2013;6;12;5;155.299;16.961;79.15;4.344;0.0;0.31;0.434;0.625;0.748
2013-06-12 06:00:00;2013;6;12;6;144.941;17.465;77.636;5.306;0.0;0.31;0.434;0.625;0.748
2013-06-12 07:00:00;2013;6;12;7;273.84;18.159;75.589;6.111;0.0;0.311;0.434;0.625;0.748
2013-06-12 08:00:00;2013;6;12;8;389.468;18.931;73.056;7.178;0.0;0.311;0.434;0.624;0.748
2013-06-12 09:00:00;2013;6;12;9;259.088;19.497;69.778;6.7;0.0;0.311;0.435;0.623;0.747
2013-06-12 10:00:00;2013;6;12;10;169.523;19.336;67.154;6.411;0.0;0.312;0.435;0.621;0.747
2013-06-12 11:00:00;2013;6;12;11;93.977;19.091;69.335;5.878;0.0;0.311;0.435;0.621;0.748
2013-06-12 12:00:00;2013;6;12;12;173.445;19.245;71.477;6.603;0.0;0.311;0.435;0.62;0.748
2013-06-12 13:00:00;2013;6;12;13;283.611;18.681;80.022;5.983;0.03;0.311;0.435;0.62;0.748
2013-06-12 14:00:00;2013;6;12;14;291.327;20.138;70.359;4.878;0.0;0.312;0.435;0.619;0.748
2013-06-12 15:00:00;2013;6;12;15;307.277;21.201;62.848;5.933;0.0;0.312;0.436;0.617;0.747
2013-06-12 16:00:00;2013;6;12;16;168.692;21.229;62.861;5.23;0.0;0.312;0.436;0.617;0.747
2013-06-12 17:00:00;2013;6;12;17;79.253;20.879;65.833;4.846;0.0;0.312;0.436;0.615;0.747
2013-06-12 18:00:00;2013;6;12;18;21.686;19.842;73.669;4.457;0.16;0.312;0.437;0.615;0.747
2013-06-12 19:00:00;2013;6;12;19;0.797;18.739;81.134;3.583;0.56;0.312;0.436;0.615;0.748
2013-06-12 20:00:00;2013;6;12;20;-4.452;18.308;85.25;3.534;0.68;0.311;0.436;0.615;0.748
2013-06-12 21:00:00;2013;6;12;21;-3.953;18.201;89.848;4.464;0.05;0.311;0.441;0.616;0.747
2013-06-12 22:00:00;2013;6;12;22;-4.102;17.905;89.838;4.384;0.0;0.311;0.441;0.616;0.747
2013-06-12 23:00:00;2013;6;12;23;-3.716;18.194;86.867;5.137;0.0;0.311;0.441;0.616;0.747
2013-06-13 00:00:00;2013;6;13;0;-3.469;18.312;85.135;5.424;0.0;0.311;0.438;0.616;0.747
2013-06-13 01:00:00;2013;6;13;1;-3.409;18.407;84.087;5.735;0.0;0.311;0.437;0.616;0.747
2013-06-13 02:00:00;2013;6;13;2;-4.175;18.312;84.973;5.664;0.14;0.311;0.437;0.616;0.748
2013-06-13 03:00:00;2013;6;13;3;-0.889;17.997;87.897;5.102;0.14;0.311;0.436;0.616;0.748
2013-06-13 04:00:00;2013;6;13;4;8.499;17.954;88.892;4.983;0.39;0.311;0.436;0.616;0.748
2013-06-13 05:00:00;2013;6;13;5;15.576;17.793;91.117;3.854;0.47;0.311;0.443;0.616;0.746
2013-06-13 06:00:00;2013;6;13;6;65.357;16.775;90.727;4.441;0.0;0.312;0.449;0.617;0.745
2013-06-13 07:00:00;2013;6;13;7;110.235;16.963;86.713;4.53;0.0;0.312;0.446;0.617;0.746
2013-06-13 08:00:00;2013;6;13;8;202.425;16.807;83.175;4.955;0.0;0.313;0.444;0.617;0.746
2013-06-13 09:00:00;2013;6;13;9;262.892;16.913;78.513;5.219;0.0;0.313;0.442;0.617;0.746
2013-06-13 10:00:00;2013;6;13;10;267.51;17.32;73.37;5.232;0.0;0.313;0.442;0.616;0.746
2013-06-13 11:00:00;2013;6;13;11;199.13;17.587;73.356;4.413;0.0;0.314;0.442;0.616;0.747
2013-06-13 12:00:00;2013;6;13;12;153.056;17.713;71.68;5.869;0.0;0.314;0.442;0.616;0.746
2013-06-13 13:00:00;2013;6;13;13;157.174;17.571;65.609;7.331;0.0;0.314;0.442;0.616;0.746
2013-06-13 14:00:00;2013;6;13;14;82.094;15.832;71.113;6.715;0.565;0.313;0.441;0.615;0.747
2013-06-13 15:00:00;2013;6;13;15;138.638;14.5;83.389;6.205;0.646;0.313;0.441;0.616;0.747
2013-06-13 16:00:00;2013;6;13;16;77.999;13.882;86.105;7.064;0.335;0.314;0.442;0.615;0.746
2013-06-13 17:00:00;2013;6;13;17;57.892;14.021;83.223;7.143;0.004;0.315;0.442;0.616;0.745
2013-06-13 18:00:00;2013;6;13;18;64.038;14.228;80.408;6.716;0.004;0.315;0.442;0.616;0.745
2013-06-13 19:00:00;2013;6;13;19;19.163;14.436;76.667;6.578;0.001;0.314;0.442;0.615;0.745
2013-06-13 20:00:00;2013;6;13;20;-2.463;14.456;71.277;6.84;0.004;0.314;0.441;0.616;0.745
2013-06-13 21:00:00;2013;6;13;21;-3.065;14.459;70.904;6.991;0.001;0.313;0.44;0.616;0.745
2013-06-13 22:00:00;2013;6;13;22;-3.2;13.98;76.318;6.585;0.001;0.313;0.44;0.616;0.746
2013-06-13 23:00:00;2013;6;13;23;-3.243;13.583;78.796;6.051;0.002;0.312;0.439;0.616;0.746
2013-06-14 00:00:00;2013;6;14;0;-3.228;13.325;78.14;5.897;0.002;0.312;0.438;0.616;0.746
2013-06-14 01:00:00;2013;6;14;1;-3.383;13.052;80.393;4.815;0.001;0.312;0.438;0.617;0.746
2013-06-14 02:00:00;2013;6;14;2;-3.436;12.906;84.065;5.023;0.001;0.312;0.437;0.617;0.746
2013-06-14 03:00:00;2013;6;14;3;4.314;12.589;85.095;5.027;0.002;0.311;0.437;0.616;0.747
2013-06-14 04:00:00;2013;6;14;4;48.558;12.408;84.758;5.03;0.0;0.311;0.436;0.617;0.747
2013-06-14 05:00:00;2013;6;14;5;128.558;12.37;84.208;5.159;0.0;0.311;0.436;0.618;0.747
2013-06-14 06:00:00;2013;6;14;6;212.808;12.979;81.082;5.842;0.0;0.311;0.436;0.618;0.747
2013-06-14 07:00:00;2013;6;14;7;295.267;13.51;77.17;6.215;0.0;0.311;0.436;0.618;0.747
2013-06-14 08:00:00;2013;6;14;8;368.73;14.044;74.644;6.012;0.0;0.312;0.436;0.617;0.747
2013-06-14 09:00:00;2013;6;14;9;501.201;14.782;71.147;5.073;0.0;0.312;0.437;0.617;0.747
2013-06-14 10:00:00;2013;6;14;10;535.153;16.083;62.766;4.728;0.0;0.313;0.437;0.616;0.746
2013-06-14 11:00:00;2013;6;14;11;631.883;17.234;55.782;4.997;0.0;0.314;0.438;0.614;0.746
2013-06-14 12:00:00;2013;6;14;12;397.973;17.194;54.927;4.992;0.0;0.316;0.438;0.612;0.745
2013-06-14 13:00:00;2013;6;14;13;572.523;17.887;51.356;3.792;0.0;0.316;0.438;0.611;0.745
2013-06-14 14:00:00;2013;6;14;14;435.271;18.179;48.678;3.495;0.0;0.316;0.438;0.609;0.745
2013-06-14 15:00:00;2013;6;14;15;399.777;18.33;49.125;3.282;0.0;0.317;0.439;0.608;0.745
2013-06-14 16:00:00;2013;6;14;16;211.531;17.933;50.374;3.269;0.0;0.317;0.44;0.606;0.745
2013-06-14 17:00:00;2013;6;14;17;136.896;17.614;52.578;2.863;0.0;0.317;0.44;0.606;0.745
2013-06-14 18:00:00;2013;6;14;18;96.965;17.187;55.286;3.191;0.0;0.316;0.441;0.605;0.745
2013-06-14 19:00:00;2013;6;14;19;22.73;15.421;63.552;3.542;0.0;0.316;0.441;0.605;0.746
2013-06-14 20:00:00;2013;6;14;20;-4.876;12.829;72.663;2.68;0.0;0.315;0.44;0.606;0.746
2013-06-14 21:00:00;2013;6;14;21;-5.411;11.437;78.362;2.426;0.0;0.313;0.439;0.606;0.747
2013-06-14 22:00:00;2013;6;14;22;-4.949;10.625;82.131;2.378;0.0;0.312;0.438;0.606;0.748
2013-06-14 23:00:00;2013;6;14;23;-4.824;9.83;86.038;2.401;0.0;0.311;0.437;0.606;0.748
2013-06-15 00:00:00;2013;6;15;0;-4.891;9.2;87.79;2.63;0.005;0.31;0.436;0.607;0.748
2013-06-15 01:00:00;2013;6;15;1;-4.684;8.663;90.03;3.16;0.005;0.309;0.435;0.607;0.749
2013-06-15 02:00:00;2013;6;15;2;-4.518;9.435;88.913;3.599;0.0;0.308;0.434;0.607;0.749
2013-06-15 03:00:00;2013;6;15;3;11.782;9.264;90.688;3.637;0.0;0.308;0.433;0.606;0.749
2013-06-15 04:00:00;2013;6;15;4;75.226;11.017;87.458;3.606;0.0;0.308;0.432;0.606;0.75
2013-06-15 05:00:00;2013;6;15;5;101.001;12.692;81.731;4.616;0.0;0.307;0.432;0.606;0.75
2013-06-15 06:00:00;2013;6;15;6;254.071;14.512;75.379;5.755;0.0;0.308;0.432;0.606;0.75
2013-06-15 07:00:00;2013;6;15;7;353.117;16.54;68.14;6.928;0.0;0.309;0.433;0.606;0.75
2013-06-15 08:00:00;2013;6;15;8;280.522;16.909;65.736;8.411;0.054;0.31;0.433;0.604;0.75
2013-06-15 09:00:00;2013;6;15;9;313.368;15.15;80.695;8.428;0.361;0.31;0.434;0.604;0.75
2013-06-15 10:00:00;2013;6;15;10;611.578;16.399;58.267;9.453;0.0;0.311;0.434;0.603;0.749
2013-06-15 11:00:00;2013;6;15;11;906.759;17.577;45.665;9.979;0.0;0.311;0.433;0.601;0.748
2013-06-15 12:00:00;2013;6;15;12;789.523;17.886;44.625;9.942;0.0;0.312;0.432;0.598;0.749
2013-06-15 13:00:00;2013;6;15;13;602.255;18.314;45.325;8.648;0.0;0.313;0.432;0.595;0.749
2013-06-15 14:00:00;2013;6;15;14;455.302;18.292;45.193;8.92;0.0;0.313;0.432;0.592;0.749
2013-06-15 15:00:00;2013;6;15;15;414.242;18.291;43.014;8.905;0.0;0.313;0.432;0.59;0.749
2013-06-15 16:00:00;2013;6;15;16;312.505;17.871;44.519;8.752;0.0;0.312;0.433;0.588;0.749
2013-06-15 17:00:00;2013;6;15;17;292.565;17.784;41.819;8.074;0.0;0.312;0.433;0.587;0.749
2013-06-15 18:00:00;2013;6;15;18;106.977;16.659;44.487;8.098;0.0;0.311;0.432;0.586;0.749
2013-06-15 19:00:00;2013;6;15;19;10.672;15.52;48.961;6.815;0.0;0.31;0.432;0.585;0.749
2013-06-15 20:00:00;2013;6;15;20;-3.377;15.364;47.236;7.693;0.0;0.309;0.432;0.585;0.749
2013-06-15 21:00:00;2013;6;15;21;-4.546;14.573;50.833;7.117;0.0;0.308;0.432;0.584;0.749
2013-06-15 22:00:00;2013;6;15;22;-4.685;13.609;58.005;6.001;0.0;0.307;0.431;0.584;0.751
2013-06-15 23:00:00;2013;6;15;23;-4.5;12.936;61.23;5.488;0.0;0.307;0.43;0.584;0.751
2013-06-16 00:00:00;2013;6;16;0;-4.533;12.411;63.941;4.905;0.002;0.306;0.43;0.584;0.752
2013-06-16 01:00:00;2013;6;16;1;-4.555;11.527;68.524;4.292;0.002;0.306;0.429;0.584;0.752
2013-06-16 02:00:00;2013;6;16;2;-4.119;11.138;70.13;4.537;0.004;0.305;0.428;0.584;0.752
2013-06-16 03:00:00;2013;6;16;3;8.29;11.145;70.413;4.743;0.0;0.304;0.427;0.584;0.752
2013-06-16 04:00:00;2013;6;16;4;47.725;11.059;73.526;4.53;0.001;0.304;0.427;0.584;0.752
2013-06-16 05:00:00;2013;6;16;5;187.481;11.972;73.001;5.622;0.0;0.304;0.426;0.584;0.752
2013-06-16 06:00:00;2013;6;16;6;318.982;13.185;69.468;6.725;0.0;0.304;0.426;0.584;0.752
2013-06-16 07:00:00;2013;6;16;7;458.928;14.346;65.884;6.245;0.0;0.305;0.425;0.583;0.751
2013-06-16 08:00:00;2013;6;16;8;705.212;15.907;57.938;7.168;0.0;0.305;0.425;0.582;0.75
2013-06-16 09:00:00;2013;6;16;9;770.761;17.052;54.306;6.94;0.0;0.307;0.424;0.579;0.749
2013-06-16 10:00:00;2013;6;16;10;778.892;17.522;51.956;6.706;0.0;0.308;0.423;0.576;0.749
2013-06-16 11:00:00;2013;6;16;11;760.959;18.227;50.544;5.707;0.0;0.309;0.424;0.573;0.751
2013-06-16 12:00:00;2013;6;16;12;699.094;18.638;48.097;5.867;0.0;0.311;0.424;0.57;0.753
2013-06-16 13:00:00;2013;6;16;13;622.032;19.034;46.098;5.536;0.0;0.311;0.425;0.567;0.753
2013-06-16 14:00:00;2013;6;16;14;288.28;18.197;47.6;4.894;0.0;0.312;0.425;0.565;0.753
2013-06-16 15:00:00;2013;6;16;15;243.738;17.925;47.286;3.5;0.0;0.311;0.425;0.564;0.753
2013-06-16 16:00:00;2013;6;16;16;143.705;17.352;52.048;3.073;0.0;0.31;0.426;0.563;0.751
2013-06-16 17:00:00;2013;6;16;17;60.465;16.869;56.896;1.944;0.0;0.31;0.426;0.563;0.75
2013-06-16 18:00:00;2013;6;16;18;27.585;15.768;64.226;2.848;0.0;0.309;0.427;0.563;0.75
2013-06-16 19:00:00;2013;6;16;19;25.182;15.492;64.278;3.219;0.0;0.309;0.427;0.563;0.75
2013-06-16 20:00:00;2013;6;16;20;-4.074;14.743;64.962;2.003;0.0;0.308;0.427;0.564;0.751
2013-06-16 21:00:00;2013;6;16;21;-6.163;13.394;68.794;1.519;0.0;0.307;0.426;0.564;0.752
2013-06-16 22:00:00;2013;6;16;22;-6.396;10.591;81.955;1.322;0.0;0.306;0.425;0.564;0.752
2013-06-16 23:00:00;2013;6;16;23;-5.448;10.125;83.695;1.545;0.0;0.305;0.424;0.564;0.751
2013-06-17 00:00:00;2013;6;17;0;-4.978;10.476;81.585;1.31;0.005;0.304;0.423;0.564;0.752
2013-06-17 01:00:00;2013;6;17;1;-5.565;10.697;79.477;1.327;0.004;0.303;0.422;0.564;0.752
2013-06-17 02:00:00;2013;6;17;2;-4.352;10.888;78.936;2.675;0.0;0.302;0.422;0.564;0.751
2013-06-17 03:00:00;2013;6;17;3;10.963;11.403;74.628;2.444;0.001;0.302;0.421;0.564;0.751
2013-06-17 04:00:00;2013;6;17;4;80.869;12.084;73.72;2.127;0.0;0.302;0.42;0.564;0.751
2013-06-17 05:00:00;2013;6;17;5;192.246;13.991;72.351;2.549;0.0;0.302;0.42;0.564;0.751
2013-06-17 06:00:00;2013;6;17;6;384.032;16.593;62.355;4.006;0.0;0.302;0.419;0.563;0.751
2013-06-17 07:00:00;2013;6;17;7;526.015;18.407;53.791;4.366;0.0;0.303;0.419;0.562;0.75
2013-06-17 08:00:00;2013;6;17;8;659.882;20.111;48.069;4.547;0.0;0.304;0.419;0.56;0.75
2013-06-17 09:00:00;2013;6;17;9;713.074;21.352;46.836;4.371;0.0;0.306;0.419;0.558;0.75
2013-06-17 10:00:00;2013;6;17;10;704.557;22.422;44.286;4.239;0.0;0.307;0.42;0.555;0.749
2013-06-17 11:00:00;2013;6;17;11;406.6;22.605;45.573;4.077;0.0;0.309;0.421;0.551;0.75
2013-06-17 12:00:00;2013;6;17;12;218.097;22.401;47.733;3.554;0.0;0.308;0.422;0.547;0.751
2013-06-17 13:00:00;2013;6;17;13;215.598;22.37;49.825;3.41;0.0;0.308;0.423;0.547;0.75
2013-06-17 14:00:00;2013;6;17;14;246.171;22.316;51.449;4.149;0.0;0.307;0.423;0.546;0.75
2013-06-17 15:00:00;2013;6;17;15;446.366;23.852;46.435;4.382;0.0;0.307;0.423;0.545;0.75
2013-06-17 16:00:00;2013;6;17;16;389.04;24.213;46.136;4.138;0.0;0.308;0.423;0.544;0.751
2013-06-17 17:00:00;2013;6;17;17;190.578;23.657;48.91;3.363;0.0;0.308;0.423;0.544;0.75
2013-06-17 18:00:00;2013;6;17;18;56.778;22.686;52.371;2.838;0.0;0.307;0.423;0.543;0.749
2013-06-17 19:00:00;2013;6;17;19;7.841;21.091;58.031;2.107;0.0;0.306;0.424;0.544;0.749
2013-06-17 20:00:00;2013;6;17;20;-4.311;19.81;63.344;2.215;0.0;0.306;0.424;0.544;0.748
2013-06-17 21:00:00;2013;6;17;21;-4.144;19.528;65.652;2.662;0.0;0.305;0.424;0.544;0.748
2013-06-17 22:00:00;2013;6;17;22;-4.574;17.769;73.52;2.676;0.0;0.305;0.424;0.545;0.749
2013-06-17 23:00:00;2013;6;17;23;-4.139;17.194;76.298;2.421;0.0;0.304;0.423;0.545;0.749
2013-06-18 00:00:00;2013;6;18;0;-4.052;16.48;77.859;2.318;0.001;0.304;0.423;0.545;0.75
2013-06-18 01:00:00;2013;6;18;1;-3.785;16.159;76.352;2.839;0.003;0.304;0.422;0.545;0.75
2013-06-18 02:00:00;2013;6;18;2;-4.835;15.529;77.821;1.733;0.003;0.303;0.422;0.545;0.751
2013-06-18 03:00:00;2013;6;18;3;3.322;13.526;87.475;1.784;0.004;0.303;0.422;0.545;0.753
2013-06-18 04:00:00;2013;6;18;4;97.993;14.887;85.437;0.689;0.0;0.302;0.421;0.545;0.753
2013-06-18 05:00:00;2013;6;18;5;173.539;16.934;77.709;0.784;0.0;0.302;0.421;0.545;0.754
2013-06-18 06:00:00;2013;6;18;6;376.455;19.232;69.996;1.354;0.0;0.303;0.421;0.545;0.752
2013-06-18 07:00:00;2013;6;18;7;469.346;21.259;65.288;2.027;0.0;0.303;0.421;0.544;0.751
2013-06-18 08:00:00;2013;6;18;8;582.782;22.986;61.586;1.243;0.0;0.305;0.421;0.543;0.751
2013-06-18 09:00:00;2013;6;18;9;705.003;24.866;56.534;2.036;0.0;0.306;0.421;0.541;0.752
2013-06-18 10:00:00;2013;6;18;10;737.235;26.219;53.77;2.269;0.0;0.308;0.422;0.538;0.751
2013-06-18 11:00:00;2013;6;18;11;736.576;27.549;49.078;1.843;0.0;0.31;0.423;0.536;0.75
2013-06-18 12:00:00;2013;6;18;12;807.756;28.826;45.483;1.368;0.0;0.312;0.425;0.533;0.749
2013-06-18 13:00:00;2013;6;18;13;771.216;30.097;37.595;2.081;0.0;0.313;0.426;0.531;0.748
2013-06-18 14:00:00;2013;6;18;14;490.98;30.077;38.407;2.665;0.0;0.314;0.427;0.528;0.747
2013-06-18 15:00:00;2013;6;18;15;426.918;30.152;37.584;2.888;0.0;0.313;0.428;0.527;0.747
2013-06-18 16:00:00;2013;6;18;16;255.169;29.563;41.032;3.027;0.0;0.312;0.428;0.526;0.747
2013-06-18 17:00:00;2013;6;18;17;82.131;27.98;48.413;1.724;0.0;0.311;0.428;0.526;0.746
2013-06-18 18:00:00;2013;6;18;18;58.041;26.564;63.469;1.084;0.0;0.31;0.428;0.527;0.747
2013-06-18 19:00:00;2013;6;18;19;8.79;24.791;70.056;1.341;0.0;0.31;0.428;0.527;0.747
2013-06-18 20:00:00;2013;6;18;20;-6.803;22.47;78.409;1.211;0.0;0.309;0.428;0.527;0.747
2013-06-18 21:00:00;2013;6;18;21;-7.021;20.518;83.953;0.87;0.0;0.308;0.428;0.528;0.747
2013-06-18 22:00:00;2013;6;18;22;-6.782;19.462;87.79;1.004;0.0;0.307;0.428;0.528;0.747
2013-06-18 23:00:00;2013;6;18;23;-5.073;18.891;89.837;2.108;0.0;0.306;0.427;0.529;0.747
2013-06-19 00:00:00;2013;6;19;0;-4.705;19.701;88.655;2.387;0.004;0.305;0.427;0.529;0.748
2013-06-19 01:00:00;2013;6;19;1;-5.105;19.361;88.508;2.263;0.001;0.305;0.426;0.529;0.749
2013-06-19 02:00:00;2013;6;19;2;-5.078;18.405;91.473;2.186;0.004;0.304;0.425;0.529;0.749
2013-06-19 03:00:00;2013;6;19;3;7.559;18.238;93.02;2.253;0.0;0.304;0.425;0.53;0.749
2013-06-19 04:00:00;2013;6;19;4;58.722;18.918;93.037;1.882;0.001;0.303;0.424;0.53;0.75
2013-06-19 05:00:00;2013;6;19;5;79.215;20.021;91.115;1.705;0.0;0.303;0.424;0.53;0.75
2013-06-19 06:00:00;2013;6;19;6;40.054;20.872;87.253;3.212;0.0;0.304;0.424;0.53;0.75
2013-06-19 07:00:00;2013;6;19;7;15.051;21.543;81.628;4.646;0.036;0.304;0.424;0.53;0.751
2013-06-19 08:00:00;2013;6;19;8;32.2;21.189;80.018;3.689;0.063;0.303;0.424;0.53;0.751
2013-06-19 09:00:00;2013;6;19;9;111.443;21.957;75.503;4.57;0.042;0.304;0.424;0.53;0.751
2013-06-19 10:00:00;2013;6;19;10;571.6;23.704;76.173;6.698;0.0;0.304;0.423;0.53;0.75
2013-06-19 11:00:00;2013;6;19;11;650.803;23.32;71.941;8.397;0.0;0.305;0.424;0.529;0.75
2013-06-19 12:00:00;2013;6;19;12;614.867;24.269;64.824;7.944;0.0;0.305;0.423;0.527;0.749
2013-06-19 13:00:00;2013;6;19;13;495.403;25.565;59.311;6.903;0.0;0.306;0.423;0.525;0.749
2013-06-19 14:00:00;2013;6;19;14;371.64;26.084;57.332;5.584;0.0;0.306;0.424;0.524;0.749
2013-06-19 15:00:00;2013;6;19;15;202.609;25.548;57.805;5.193;0.0;0.306;0.424;0.523;0.749
2013-06-19 16:00:00;2013;6;19;16;139.477;25.122;56.278;5.453;0.0;0.306;0.425;0.521;0.749
2013-06-19 17:00:00;2013;6;19;17;99.855;24.689;58.316;4.277;0.0;0.306;0.425;0.521;0.748
2013-06-19 18:00:00;2013;6;19;18;56.065;24.121;62.121;2.961;0.0;0.305;0.425;0.521;0.748
2013-06-19 19:00:00;2013;6;19;19;10.587;22.239;71.386;3.483;0.0;0.305;0.424;0.521;0.747
2013-06-19 20:00:00;2013;6;19;20;-4.065;20.815;78.744;4.365;0.0;0.304;0.424;0.521;0.748
2013-06-19 21:00:00;2013;6;19;21;-4.703;19.137;85.882;3.463;0.0;0.303;0.424;0.522;0.748
2013-06-19 22:00:00;2013;6;19;22;-4.359;18.326;88.68;3.605;0.0;0.303;0.423;0.522;0.748
2013-06-19 23:00:00;2013;6;19;23;-4.148;17.78;88.832;3.881;0.0;0.303;0.423;0.522;0.749
2013-06-20 00:00:00;2013;6;20;0;-3.95;17.577;89.662;4.137;0.003;0.302;0.422;0.522;0.749
2013-06-20 01:00:00;2013;6;20;1;-4.003;17.569;88.14;2.52;0.001;0.302;0.422;0.522;0.75
2013-06-20 02:00:00;2013;6;20;2;-3.788;17.662;86.203;2.891;0.0;0.301;0.422;0.522;0.751
2013-06-20 03:00:00;2013;6;20;3;-2.348;17.68;85.372;2.251;0.0;0.301;0.421;0.523;0.751
2013-06-20 04:00:00;2013;6;20;4;22.489;17.483;86.858;1.531;0.001;0.301;0.421;0.523;0.751
2013-06-20 05:00:00;2013;6;20;5;114.704;18.172;84.722;2.41;0.0;0.301;0.42;0.523;0.752
2013-06-20 06:00:00;2013;6;20;6;95.253;18.69;83.88;1.217;0.0;0.301;0.42;0.523;0.751
2013-06-20 07:00:00;2013;6;20;7;138.642;19.214;83.208;0.912;0.0;0.301;0.42;0.523;0.751
2013-06-20 08:00:00;2013;6;20;8;218.035;20.099;80.982;1.652;0.0;0.301;0.421;0.522;0.75
2013-06-20 09:00:00;2013;6;20;9;368.401;21.432;76.767;2.057;0.0;0.302;0.421;0.522;0.749
2013-06-20 10:00:00;2013;6;20;10;289.205;21.779;76.893;2.197;0.0;0.303;0.421;0.521;0.748
2013-06-20 11:00:00;2013;6;20;11;239.415;22.164;75.123;2.587;0.0;0.304;0.421;0.52;0.748
2013-06-20 12:00:00;2013;6;20;12;64.95;21.314;81.188;2.609;0.454;0.304;0.422;0.52;0.748
2013-06-20 13:00:00;2013;6;20;13;13.158;20.13;90.083;2.375;2.895;0.306;0.427;0.53;0.749
2013-06-20 14:00:00;2013;6;20;14;59.68;19.85;92.278;1.928;0.29;0.313;0.438;0.542;0.749
2013-06-20 15:00:00;2013;6;20;15;292.375;20.778;87.172;1.019;0.0;0.313;0.438;0.54;0.749
2013-06-20 16:00:00;2013;6;20;16;281.124;21.741;81.606;1.63;0.0;0.313;0.437;0.538;0.749
2013-06-20 17:00:00;2013;6;20;17;164.934;22.046;80.738;1.769;0.0;0.313;0.436;0.537;0.749
2013-06-20 18:00:00;2013;6;20;18;71.338;21.732;83.112;1.581;0.0;0.312;0.436;0.537;0.749
2013-06-20 19:00:00;2013;6;20;19;12.72;20.778;87.202;0.716;0.0;0.311;0.436;0.536;0.749
2013-06-20 20:00:00;2013;6;20;20;-5.288;18.546;93.598;1.91;0.0;0.31;0.435;0.536;0.749
2013-06-20 21:00:00;2013;6;20;21;-5.703;17.281;94.025;1.187;0.01;0.309;0.435;0.537;0.749
2013-06-20 22:00:00;2013;6;20;22;-4.882;17.907;95.833;2.357;0.0;0.308;0.434;0.537;0.749
2013-06-20 23:00:00;2013;6;20;23;-3.658;19.275;89.027;5.289;0.13;0.307;0.434;0.537;0.75
2013-06-21 00:00:00;2013;6;21;0;-4.637;18.061;89.155;3.576;0.12;0.307;0.433;0.537;0.749
2013-06-21 01:00:00;2013;6;21;1;-4.584;17.141;88.045;4.249;0.01;0.307;0.432;0.536;0.75
2013-06-21 02:00:00;2013;6;21;2;-4.077;17.003;87.363;3.259;0.0;0.306;0.432;0.536;0.75
2013-06-21 03:00:00;2013;6;21;3;-2.996;17.027;87.063;4.332;0.32;0.306;0.431;0.536;0.75
2013-06-21 04:00:00;2013;6;21;4;25.883;16.61;90.893;4.035;0.52;0.306;0.431;0.536;0.75
2013-06-21 05:00:00;2013;6;21;5;66.339;16.88;90.372;4.756;0.0;0.308;0.432;0.536;0.748
2013-06-21 06:00:00;2013;6;21;6;38.6;16.933;89.908;5.54;0.27;0.309;0.432;0.536;0.749
2013-06-21 07:00:00;2013;6;21;7;64.971;16.241;89.13;7.532;0.15;0.309;0.432;0.535;0.748
2013-06-21 08:00:00;2013;6;21;8;85.356;15.372;89.533;7.025;1.01;0.311;0.433;0.536;0.749
2013-06-21 09:00:00;2013;6;21;9;101.524;15.468;89.715;6.693;0.43;0.317;0.441;0.54;0.749
2013-06-21 10:00:00;2013;6;21;10;186.95;16.053;87.675;6.453;0.13;0.319;0.443;0.541;0.75
2013-06-21 11:00:00;2013;6;21;11;208.091;16.944;83.201;6.573;0.0;0.319;0.441;0.54;0.75
2013-06-21 12:00:00;2013;6;21;12;182.921;17.438;79.928;7.356;0.0;0.319;0.439;0.539;0.749
2013-06-21 13:00:00;2013;6;21;13;277.077;18.344;77.883;6.739;0.0;0.318;0.439;0.539;0.75
2013-06-21 14:00:00;2013;6;21;14;326.302;18.295;74.017;7.931;0.0;0.317;0.438;0.538;0.75
2013-06-21 15:00:00;2013;6;21;15;183.48;18.024;73.86;7.845;0.0;0.317;0.438;0.538;0.749
2013-06-21 16:00:00;2013;6;21;16;85.276;17.157;76.757;7.496;0.0;0.316;0.437;0.537;0.749
2013-06-21 17:00:00;2013;6;21;17;51.349;16.577;77.54;6.133;0.0;0.315;0.437;0.537;0.749
2013-06-21 18:00:00;2013;6;21;18;27.127;16.455;77.604;6.586;0.0;0.314;0.436;0.537;0.749
2013-06-21 19:00:00;2013;6;21;19;0.74;16.104;78.718;5.467;0.0;0.314;0.436;0.536;0.748
2013-06-21 20:00:00;2013;6;21;20;-3.106;15.923;78.86;4.482;0.0;0.313;0.435;0.536;0.749
2013-06-21 21:00:00;2013;6;21;21;-4.372;15.553;79.705;4.843;0.0;0.312;0.435;0.537;0.749
2013-06-21 22:00:00;2013;6;21;22;-3.594;15.293;81.43;4.85;0.0;0.312;0.434;0.536;0.749
2013-06-21 23:00:00;2013;6;21;23;-3.263;15.596;80.462;5.461;0.0;0.311;0.434;0.536;0.749
2013-06-22 00:00:00;2013;6;22;0;-3.304;15.266;81.777;5.38;0.0;0.31;0.433;0.536;0.749
2013-06-22 01:00:00;2013;6;22;1;-3.221;15.415;81.612;6.17;0.0;0.31;0.433;0.536;0.749
2013-06-22 02:00:00;2013;6;22;2;-3.246;15.429;80.936;5.87;0.0;0.31;0.432;0.536;0.75
2013-06-22 03:00:00;2013;6;22;3;0.438;15.432;80.494;5.673;0.0;0.309;0.432;0.536;0.75
2013-06-22 04:00:00;2013;6;22;4;50.006;15.105;82.888;5.481;0.0;0.309;0.431;0.536;0.75
2013-06-22 05:00:00;2013;6;22;5;164.971;15.367;81.498;5.842;0.0;0.309;0.431;0.536;0.751
2013-06-22 06:00:00;2013;6;22;6;264.266;16.294;78.049;5.954;0.0;0.309;0.431;0.535;0.75
2013-06-22 07:00:00;2013;6;22;7;500.678;17.847;73.552;7.359;0.0;0.309;0.432;0.534;0.75
2013-06-22 08:00:00;2013;6;22;8;544.454;18.9;67.93;7.507;0.0;0.31;0.432;0.533;0.749
2013-06-22 09:00:00;2013;6;22;9;367.903;19.289;63.166;7.84;0.0;0.311;0.431;0.531;0.75
2013-06-22 10:00:00;2013;6;22;10;394.306;19.864;62.026;8.246;0.0;0.311;0.43;0.53;0.75
2013-06-22 11:00:00;2013;6;22;11;185.494;18.651;72.073;7.107;0.12;0.311;0.43;0.529;0.75
2013-06-22 12:00:00;2013;6;22;12;219.935;18.987;67.056;8.384;0.0;0.311;0.43;0.529;0.749
2013-06-22 13:00:00;2013;6;22;13;194.182;16.665;75.512;9.633;0.04;0.311;0.43;0.529;0.749
2013-06-22 14:00:00;2013;6;22;14;192.474;16.175;79.441;8.129;0.0;0.31;0.431;0.529;0.749
2013-06-22 15:00:00;2013;6;22;15;117.135;16.279;78.501;7.976;0.0;0.31;0.43;0.529;0.749
2013-06-22 16:00:00;2013;6;22;16;53.798;16.669;75.953;7.608;0.0;0.31;0.43;0.529;0.749
2013-06-22 17:00:00;2013;6;22;17;60.888;15.663;87.0;7.371;0.31;0.309;0.43;0.529;0.749
2013-06-22 18:00:00;2013;6;22;18;37.913;15.746;86.873;7.965;0.0;0.309;0.43;0.529;0.749
2013-06-22 19:00:00;2013;6;22;19;3.005;15.453;88.258;7.857;0.56;0.308;0.43;0.529;0.75
2013-06-22 20:00:00;2013;6;22;20;-3.797;14.671;85.112;6.738;0.05;0.308;0.43;0.529;0.75
2013-06-22 21:00:00;2013;6;22;21;-4.686;14.594;85.42;5.511;0.0;0.308;0.43;0.529;0.75
2013-06-22 22:00:00;2013;6;22;22;-4.125;13.963;87.383;5.786;0.0;0.308;0.429;0.529;0.75
2013-06-22 23:00:00;2013;6;22;23;-4.371;13.356;85.825;6.114;0.0;0.307;0.429;0.53;0.751
2013-06-23 00:00:00;2013;6;23;0;-4.495;12.919;86.13;5.45;0.01;0.307;0.428;0.529;0.751
2013-06-23 01:00:00;2013;6;23;1;-4.178;12.67;88.017;6.053;0.0;0.306;0.427;0.529;0.753
2013-06-23 02:00:00;2013;6;23;2;-3.429;12.693;86.903;5.845;0.0;0.306;0.427;0.529;0.753
2013-06-23 03:00:00;2013;6;23;3;3.47;12.772;84.897;6.181;0.0;0.305;0.426;0.53;0.753
2013-06-23 04:00:00;2013;6;23;4;28.66;13.087;82.995;6.703;0.0;0.305;0.425;0.529;0.753
2013-06-23 05:00:00;2013;6;23;5;81.197;13.441;81.311;7.45;0.0;0.305;0.425;0.529;0.753
2013-06-23 06:00:00;2013;6;23;6;150.284;13.561;82.551;8.092;0.14;0.305;0.424;0.529;0.753
2013-06-23 07:00:00;2013;6;23;7;134.125;13.493;85.44;8.025;0.25;0.305;0.424;0.529;0.752
2013-06-23 08:00:00;2013;6;23;8;269.851;14.313;83.315;8.314;0.0;0.306;0.424;0.528;0.751
2013-06-23 09:00:00;2013;6;23;9;287.598;14.858;79.502;8.13;0.0;0.306;0.424;0.528;0.75
2013-06-23 10:00:00;2013;6;23;10;446.235;15.946;74.745;9.159;0.0;0.306;0.424;0.528;0.75
2013-06-23 11:00:00;2013;6;23;11;295.574;15.908;73.964;8.539;0.22;0.307;0.424;0.527;0.75
2013-06-23 12:00:00;2013;6;23;12;346.452;16.101;74.138;8.07;0.01;0.307;0.424;0.527;0.749
2013-06-23 13:00:00;2013;6;23;13;382.374;16.9;66.915;8.908;0.0;0.308;0.425;0.526;0.749
2013-06-23 14:00:00;2013;6;23;14;609.714;17.363;67.763;8.112;0.0;0.308;0.425;0.525;0.749
2013-06-23 15:00:00;2013;6;23;15;267.159;16.225;71.933;7.43;0.02;0.308;0.425;0.524;0.749
2013-06-23 16:00:00;2013;6;23;16;75.621;14.899;81.68;7.049;2.158;0.309;0.425;0.524;0.749
2013-06-23 17:00:00;2013;6;23;17;81.233;13.903;88.177;5.22;0.584;0.313;0.43;0.532;0.749
2013-06-23 18:00:00;2013;6;23;18;66.708;14.696;85.807;4.718;0.035;0.312;0.431;0.533;0.749
2013-06-23 19:00:00;2013;6;23;19;27.972;14.508;82.21;6.352;0.003;0.311;0.431;0.533;0.749
2013-06-23 20:00:00;2013;6;23;20;-3.363;13.87;83.877;5.199;0.004;0.311;0.431;0.533;0.749
2013-06-23 21:00:00;2013;6;23;21;-3.712;14.146;83.303;5.692;0.0;0.31;0.43;0.533;0.749
2013-06-23 22:00:00;2013;6;23;22;-3.585;14.099;82.167;6.443;0.043;0.309;0.43;0.532;0.749
2013-06-23 23:00:00;2013;6;23;23;-3.442;13.317;89.098;5.693;1.13;0.311;0.43;0.536;0.749
2013-06-24 00:00:00;2013;6;24;0;-2.59;12.996;92.16;4.394;3.6;0.317;0.448;0.57;0.747
2013-06-24 01:00:00;2013;6;24;1;-3.019;13.087;90.822;4.058;0.01;0.319;0.458;0.583;0.747
2013-06-24 02:00:00;2013;6;24;2;-3.315;13.017;89.835;3.518;0.0;0.321;0.455;0.579;0.746
2013-06-24 03:00:00;2013;6;24;3;1.801;12.919;86.2;3.401;0.0;0.32;0.455;0.576;0.746
2013-06-24 04:00:00;2013;6;24;4;45.873;12.92;82.555;3.779;0.0;0.319;0.453;0.575;0.746
2013-06-24 05:00:00;2013;6;24;5;56.016;12.768;85.688;3.637;0.0;0.318;0.452;0.574;0.746
2013-06-24 06:00:00;2013;6;24;6;70.578;12.376;90.408;4.574;0.01;0.318;0.449;0.573;0.747
2013-06-24 07:00:00;2013;6;24;7;144.136;12.695;90.783;4.873;0.1;0.318;0.446;0.572;0.747
2013-06-24 08:00:00;2013;6;24;8;346.168;13.46;88.817;5.462;0.0;0.318;0.445;0.571;0.747
2013-06-24 09:00:00;2013;6;24;9;455.707;14.343;84.828;5.668;0.0;0.318;0.445;0.57;0.748
2013-06-24 10:00:00;2013;6;24;10;352.525;14.658;83.56;4.964;0.05;0.319;0.444;0.569;0.748
2013-06-24 11:00:00;2013;6;24;11;354.422;14.992;81.323;4.108;0.41;0.32;0.444;0.569;0.748
2013-06-24 12:00:00;2013;6;24;12;453.228;15.461;78.54;5.569;0.09;0.315;0.435;0.568;0.75
2013-06-24 13:00:00;2013;6;24;13;452.664;15.909;72.315;6.709;0.0;0.315;0.434;0.568;0.751
2013-06-24 14:00:00;2013;6;24;14;187.834;14.996;73.105;5.853;0.0;0.315;0.434;0.567;0.751
2013-06-24 15:00:00;2013;6;24;15;168.907;14.872;71.287;4.907;0.0;0.314;0.434;0.567;0.75
2013-06-24 16:00:00;2013;6;24;16;171.939;14.76;69.524;5.943;0.0;0.313;0.435;0.567;0.75
2013-06-24 17:00:00;2013;6;24;17;89.267;14.108;72.302;5.532;0.0;0.312;0.434;0.567;0.749
2013-06-24 18:00:00;2013;6;24;18;56.247;13.608;74.851;4.744;0.0;0.312;0.434;0.566;0.749
2013-06-24 19:00:00;2013;6;24;19;6.912;12.903;77.893;3.991;0.0;0.311;0.433;0.566;0.75
2013-06-24 20:00:00;2013;6;24;20;-3.294;12.362;82.089;3.24;0.0;0.31;0.433;0.566;0.749
2013-06-24 21:00:00;2013;6;24;21;-3.506;11.974;83.265;3.363;0.0;0.31;0.432;0.566;0.749
2013-06-24 22:00:00;2013;6;24;22;-3.961;11.709;85.215;2.98;0.0;0.31;0.432;0.566;0.749
2013-06-24 23:00:00;2013;6;24;23;-3.872;11.394;87.107;2.914;0.0;0.309;0.431;0.565;0.749
2013-06-25 00:00:00;2013;6;25;0;-3.924;10.982;88.943;2.64;0.0;0.308;0.431;0.565;0.749
2013-06-25 01:00:00;2013;6;25;1;-3.773;10.899;89.435;2.733;0.0;0.308;0.43;0.565;0.75
2013-06-25 02:00:00;2013;6;25;2;-3.836;10.756;90.19;2.483;0.0;0.308;0.43;0.565;0.75
2013-06-25 03:00:00;2013;6;25;3;0.66;10.616;90.545;1.835;0.0;0.307;0.429;0.565;0.75
2013-06-25 04:00:00;2013;6;25;4;34.217;10.802;90.18;2.261;0.0;0.307;0.429;0.564;0.75
2013-06-25 05:00:00;2013;6;25;5;97.986;11.492;86.122;3.191;0.0;0.307;0.429;0.564;0.75
2013-06-25 06:00:00;2013;6;25;6;146.379;12.054;82.157;3.626;0.0;0.307;0.428;0.564;0.75
2013-06-25 07:00:00;2013;6;25;7;342.212;13.241;75.963;4.271;0.0;0.307;0.428;0.563;0.75
2013-06-25 08:00:00;2013;6;25;8;591.322;14.508;66.109;4.824;0.0;0.308;0.427;0.563;0.75
2013-06-25 09:00:00;2013;6;25;9;740.117;15.394;60.313;4.861;0.0;0.309;0.427;0.561;0.75
2013-06-25 10:00:00;2013;6;25;10;623.735;15.841;54.318;5.242;0.0;0.311;0.427;0.56;0.75
2013-06-25 11:00:00;2013;6;25;11;407.101;15.486;53.766;5.397;0.0;0.312;0.427;0.559;0.749
2013-06-25 12:00:00;2013;6;25;12;445.172;15.511;55.929;4.847;0.0;0.311;0.427;0.558;0.748
2013-06-25 13:00:00;2013;6;25;13;650.384;16.395;51.533;5.834;0.0;0.311;0.428;0.557;0.748
2013-06-25 14:00:00;2013;6;25;14;345.684;15.9;52.914;6.148;0.0;0.311;0.428;0.555;0.748
2013-06-25 15:00:00;2013;6;25;15;219.471;15.466;54.699;5.68;0.0;0.311;0.428;0.555;0.748
2013-06-25 16:00:00;2013;6;25;16;158.426;15.076;57.881;5.519;0.0;0.31;0.428;0.554;0.749
2013-06-25 17:00:00;2013;6;25;17;72.508;14.388;61.657;5.128;0.0;0.309;0.428;0.554;0.749
2013-06-25 18:00:00;2013;6;25;18;67.615;14.014;64.796;4.185;0.0;0.308;0.427;0.553;0.75
2013-06-25 19:00:00;2013;6;25;19;26.566;12.842;69.469;3.962;0.0;0.307;0.427;0.553;0.75
2013-06-25 20:00:00;2013;6;25;20;-4.627;10.768;77.101;2.506;0.0;0.306;0.426;0.553;0.75
2013-06-25 21:00:00;2013;6;25;21;-6.308;8.982;85.597;1.802;0.0;0.305;0.426;0.553;0.75
2013-06-25 22:00:00;2013;6;25;22;-6.648;7.391;92.14;1.035;0.0;0.305;0.426;0.553;0.75
2013-06-25 23:00:00;2013;6;25;23;-6.102;7.598;93.703;0.956;0.0;0.304;0.425;0.553;0.75
2013-06-26 00:00:00;2013;6;26;0;-6.417;6.468;94.183;1.129;0.0;0.303;0.424;0.553;0.749
2013-06-26 01:00:00;2013;6;26;1;-6.309;5.419;94.313;1.082;0.0;0.302;0.423;0.553;0.75
2013-06-26 02:00:00;2013;6;26;2;-5.737;5.485;95.017;1.024;0.0;0.302;0.422;0.553;0.75
2013-06-26 03:00:00;2013;6;26;3;1.697;5.931;94.523;0.939;0.0;0.301;0.421;0.553;0.75
2013-06-26 04:00:00;2013;6;26;4;66.194;7.602;96.198;0.639;0.0;0.301;0.421;0.552;0.751
2013-06-26 05:00:00;2013;6;26;5;197.377;9.969;94.48;1.003;0.0;0.301;0.42;0.552;0.75
2013-06-26 06:00:00;2013;6;26;6;353.124;12.346;83.319;2.97;0.0;0.301;0.42;0.552;0.75
2013-06-26 07:00:00;2013;6;26;7;497.169;13.695;64.079;4.155;0.0;0.302;0.419;0.551;0.752
2013-06-26 08:00:00;2013;6;26;8;667.967;14.779;56.32;3.759;0.0;0.303;0.419;0.55;0.754
2013-06-26 09:00:00;2013;6;26;9;721.953;15.726;53.308;3.707;0.0;0.304;0.419;0.548;0.755
2013-06-26 10:00:00;2013;6;26;10;414.052;16.1;49.35;4.085;0.0;0.306;0.419;0.547;0.755
2013-06-26 11:00:00;2013;6;26;11;247.659;15.893;54.389;4.475;0.0;0.307;0.42;0.545;0.755
2013-06-26 12:00:00;2013;6;26;12;306.517;16.074;56.896;5.164;0.0;0.306;0.421;0.544;0.756
2013-06-26 13:00:00;2013;6;26;13;472.881;16.286;53.894;6.398;0.0;0.306;0.421;0.543;0.756
2013-06-26 14:00:00;2013;6;26;14;329.933;15.895;58.523;5.023;0.0;0.306;0.421;0.542;0.756
2013-06-26 15:00:00;2013;6;26;15;229.946;16.133;60.063;4.837;0.0;0.306;0.421;0.541;0.756
2013-06-26 16:00:00;2013;6;26;16;103.599;15.885;61.446;4.621;0.0;0.306;0.421;0.541;0.756
2013-06-26 17:00:00;2013;6;26;17;84.347;15.559;63.026;5.149;0.0;0.305;0.421;0.54;0.757
2013-06-26 18:00:00;2013;6;26;18;49.854;14.74;67.475;3.801;0.0;0.305;0.421;0.54;0.757
2013-06-26 19:00:00;2013;6;26;19;11.068;13.635;73.815;2.401;0.0;0.304;0.421;0.54;0.757
2013-06-26 20:00:00;2013;6;26;20;-4.16;12.796;78.416;2.727;0.05;0.304;0.42;0.54;0.757
2013-06-26 21:00:00;2013;6;26;21;-3.983;12.418;86.802;3.678;1.51;0.303;0.421;0.54;0.756
2013-06-26 22:00:00;2013;6;26;22;-2.98;11.962;91.518;2.48;1.381;0.305;0.427;0.543;0.752
2013-06-26 23:00:00;2013;6;26;23;-4.276;11.305;92.44;1.717;0.021;0.306;0.429;0.546;0.749
2013-06-27 00:00:00;2013;6;27;0;-3.564;11.291;93.392;2.793;0.145;0.305;0.429;0.545;0.749
2013-06-27 01:00:00;2013;6;27;1;-3.621;11.458;92.992;2.369;0.216;0.305;0.426;0.545;0.75
2013-06-27 02:00:00;2013;6;27;2;-3.527;11.408;93.445;2.617;0.214;0.305;0.426;0.544;0.75
2013-06-27 03:00:00;2013;6;27;3;3.932;11.385;92.795;4.04;0.008;0.305;0.426;0.544;0.75
2013-06-27 04:00:00;2013;6;27;4;90.312;10.849;91.627;3.339;0.003;0.305;0.425;0.544;0.75
2013-06-27 05:00:00;2013;6;27;5;223.58;11.69;87.987;3.955;0.003;0.304;0.424;0.544;0.75
2013-06-27 06:00:00;2013;6;27;6;355.063;12.655;83.394;4.932;0.0;0.304;0.423;0.544;0.751
2013-06-27 07:00:00;2013;6;27;7;230.146;12.921;80.321;5.418;0.0;0.305;0.423;0.544;0.751
2013-06-27 08:00:00;2013;6;27;8;349.01;13.218;81.756;4.065;0.043;0.305;0.423;0.543;0.751
2013-06-27 09:00:00;2013;6;27;9;217.621;13.497;76.908;5.497;0.0;0.306;0.423;0.543;0.752
2013-06-27 10:00:00;2013;6;27;10;290.951;13.361;75.491;5.204;0.0;0.306;0.423;0.543;0.752
2013-06-27 11:00:00;2013;6;27;11;322.888;13.872;71.186;5.096;0.0;0.306;0.423;0.542;0.752
2013-06-27 12:00:00;2013;6;27;12;220.136;14.079;65.264;4.47;0.0;0.307;0.423;0.542;0.752
2013-06-27 13:00:00;2013;6;27;13;338.9;14.474;61.379;5.855;0.0;0.307;0.423;0.541;0.752
2013-06-27 14:00:00;2013;6;27;14;324.984;14.394;60.27;5.766;0.0;0.307;0.423;0.541;0.752
2013-06-27 15:00:00;2013;6;27;15;290.634;14.201;59.809;6.209;0.0;0.307;0.423;0.54;0.751
2013-06-27 16:00:00;2013;6;27;16;152.898;13.453;63.526;4.896;0.0;0.307;0.423;0.54;0.752
2013-06-27 17:00:00;2013;6;27;17;100.5;12.92;67.149;4.914;0.0;0.307;0.423;0.54;0.753
2013-06-27 18:00:00;2013;6;27;18;64.525;12.423;68.606;3.674;0.0;0.306;0.423;0.54;0.753
2013-06-27 19:00:00;2013;6;27;19;9.465;11.91;73.845;2.351;0.0;0.306;0.422;0.54;0.754
2013-06-27 20:00:00;2013;6;27;20;-3.112;11.833;73.301;3.003;0.004;0.305;0.422;0.54;0.753
2013-06-27 21:00:00;2013;6;27;21;-3.993;11.426;76.374;2.157;0.001;0.305;0.422;0.54;0.754
2013-06-27 22:00:00;2013;6;27;22;-3.914;11.218;81.608;2.733;0.002;0.304;0.422;0.54;0.754
2013-06-27 23:00:00;2013;6;27;23;-4.114;11.501;80.49;3.828;0.526;0.304;0.421;0.54;0.754
2013-06-28 00:00:00;2013;6;28;0;-3.394;10.98;86.36;4.078;4.771;0.305;0.422;0.542;0.753
2013-06-28 01:00:00;2013;6;28;1;-2.355;10.702;91.332;3.385;1.87;0.313;0.443;0.574;0.744
2013-06-28 02:00:00;2013;6;28;2;-2.491;10.93;93.265;3.023;0.19;0.313;0.456;0.579;0.742
2013-06-28 03:00:00;2013;6;28;3;-0.14;11.54;93.927;2.361;0.14;0.312;0.455;0.577;0.743
2013-06-28 04:00:00;2013;6;28;4;19.154;11.971;93.34;2.439;0.17;0.312;0.454;0.575;0.743
2013-06-28 05:00:00;2013;6;28;5;47.062;12.275;92.332;2.994;0.23;0.313;0.452;0.575;0.743
2013-06-28 06:00:00;2013;6;28;6;56.602;12.206;89.635;3.095;0.56;0.313;0.453;0.574;0.743
2013-06-28 07:00:00;2013;6;28;7;70.319;12.047;89.693;2.556;0.684;0.319;0.462;0.58;0.745
2013-06-28 08:00:00;2013;6;28;8;106.076;12.702;91.225;3.296;0.195;0.322;0.468;0.582;0.747
2013-06-28 09:00:00;2013;6;28;9;115.654;12.99;89.715;3.872;0.331;0.324;0.469;0.582;0.747
2013-06-28 10:00:00;2013;6;28;10;202.216;13.642;88.573;3.763;0.247;0.325;0.471;0.583;0.747
2013-06-28 11:00:00;2013;6;28;11;280.853;13.842;89.512;4.267;0.023;0.326;0.471;0.584;0.747
2013-06-28 12:00:00;2013;6;28;12;123.345;14.216;85.055;3.924;0.0;0.327;0.472;0.584;0.747
2013-06-28 13:00:00;2013;6;28;13;165.824;14.396;84.417;3.521;0.0;0.328;0.471;0.584;0.748
2013-06-28 14:00:00;2013;6;28;14;159.041;14.757;80.551;3.71;0.0;0.328;0.469;0.584;0.748
2013-06-28 15:00:00;2013;6;28;15;251.152;15.477;76.44;4.156;0.0;0.329;0.468;0.584;0.749
2013-06-28 16:00:00;2013;6;28;16;253.075;15.996;72.856;5.177;0.0;0.33;0.467;0.583;0.749
2013-06-28 17:00:00;2013;6;28;17;99.876;15.585;74.134;4.344;0.0;0.33;0.466;0.583;0.749
2013-06-28 18:00:00;2013;6;28;18;22.165;15.115;77.21;3.773;0.0;0.329;0.465;0.583;0.749
2013-06-28 19:00:00;2013;6;28;19;0.403;14.253;82.421;3.79;0.572;0.329;0.464;0.583;0.749
2013-06-28 20:00:00;2013;6;28;20;-3.107;13.417;90.848;3.302;1.271;0.329;0.464;0.583;0.748
2013-06-28 21:00:00;2013;6;28;21;-2.477;13.394;93.565;4.44;1.54;0.346;0.478;0.587;0.748
2013-06-28 22:00:00;2013;6;28;22;-2.238;13.647;93.912;5.487;1.88;0.362;0.5;0.599;0.753
2013-06-28 23:00:00;2013;6;28;23;-2.17;13.876;94.282;5.433;1.43;0.371;0.513;0.612;0.747
2013-06-29 00:00:00;2013;6;29;0;-2.112;14.17;94.74;4.814;2.126;0.38;0.523;0.626;0.746
2013-06-29 01:00:00;2013;6;29;1;-2.333;14.776;94.195;4.1;0.721;0.387;0.53;0.639;0.749
2013-06-29 02:00:00;2013;6;29;2;-2.787;14.475;93.083;4.649;0.008;0.388;0.53;0.641;0.749
2013-06-29 03:00:00;2013;6;29;3;0.509;14.238;93.61;5.284;0.016;0.388;0.528;0.64;0.749
2013-06-29 04:00:00;2013;6;29;4;11.66;14.166;93.137;4.49;0.02;0.387;0.525;0.639;0.75
2013-06-29 05:00:00;2013;6;29;5;32.591;14.008;90.63;5.697;0.005;0.386;0.524;0.638;0.75
2013-06-29 06:00:00;2013;6;29;6;91.854;13.962;88.59;6.541;0.0;0.385;0.522;0.637;0.75
2013-06-29 07:00:00;2013;6;29;7;307.638;14.858;82.379;5.807;0.0;0.385;0.52;0.636;0.75
2013-06-29 08:00:00;2013;6;29;8;421.906;15.534;68.466;7.591;0.0;0.384;0.519;0.636;0.75
2013-06-29 09:00:00;2013;6;29;9;512.973;15.412;64.604;7.726;0.0;0.383;0.517;0.635;0.75
2013-06-29 10:00:00;2013;6;29;10;747.899;16.019;58.398;8.238;0.0;0.382;0.515;0.634;0.75
2013-06-29 11:00:00;2013;6;29;11;830.691;16.422;53.81;8.701;0.0;0.381;0.512;0.632;0.749
2013-06-29 12:00:00;2013;6;29;12;783.985;17.039;52.976;7.373;0.0;0.379;0.51;0.631;0.748
2013-06-29 13:00:00;2013;6;29;13;561.381;16.738;52.81;6.489;0.0;0.379;0.509;0.629;0.747
2013-06-29 14:00:00;2013;6;29;14;442.579;16.311;54.763;6.422;0.0;0.377;0.508;0.628;0.747
2013-06-29 15:00:00;2013;6;29;15;326.934;15.748;57.153;6.551;0.0;0.376;0.507;0.627;0.747
2013-06-29 16:00:00;2013;6;29;16;305.352;15.634;59.457;6.005;0.0;0.374;0.506;0.627;0.748
2013-06-29 17:00:00;2013;6;29;17;160.255;14.866;61.653;5.107;0.0;0.373;0.505;0.627;0.748
2013-06-29 18:00:00;2013;6;29;18;68.456;14.184;64.292;4.63;0.0;0.371;0.504;0.627;0.75
2013-06-29 19:00:00;2013;6;29;19;17.009;13.46;72.433;3.5;0.0;0.37;0.503;0.627;0.751
2013-06-29 20:00:00;2013;6;29;20;-4.325;11.822;79.02;2.579;0.0;0.369;0.502;0.627;0.75
2013-06-29 21:00:00;2013;6;29;21;-5.406;10.439;82.092;2.532;0.0;0.367;0.501;0.627;0.75
2013-06-29 22:00:00;2013;6;29;22;-6.418;9.31;87.948;0.928;0.0;0.366;0.5;0.627;0.75
2013-06-29 23:00:00;2013;6;29;23;-6.374;8.587;90.965;0.875;0.007;0.365;0.499;0.628;0.751
2013-06-30 00:00:00;2013;6;30;0;-6.365;7.942;92.527;0.935;0.004;0.364;0.498;0.628;0.751
2013-06-30 01:00:00;2013;6;30;1;-5.645;7.693;94.343;1.093;0.004;0.363;0.497;0.628;0.752
2013-06-30 02:00:00;2013;6;30;2;-5.549;7.85;92.918;0.842;0.002;0.362;0.496;0.628;0.752
2013-06-30 03:00:00;2013;6;30;3;-0.659;7.981;93.02;1.204;0.0;0.361;0.495;0.628;0.753
2013-06-30 04:00:00;2013;6;30;4;9.688;9.628;92.672;1.709;0.0;0.36;0.494;0.627;0.752
2013-06-30 05:00:00;2013;6;30;5;42.093;10.984;89.213;2.35;0.0;0.36;0.493;0.627;0.752
2013-06-30 06:00:00;2013;6;30;6;160.097;12.583;81.804;3.096;0.0;0.36;0.492;0.627;0.752
2013-06-30 07:00:00;2013;6;30;7;320.988;14.595;72.789;4.19;0.0;0.36;0.492;0.627;0.752
2013-06-30 08:00:00;2013;6;30;8;245.868;15.555;69.102;4.767;0.0;0.361;0.491;0.626;0.752
2013-06-30 09:00:00;2013;6;30;9;263.495;16.366;68.264;4.583;0.0;0.361;0.491;0.626;0.752
2013-06-30 10:00:00;2013;6;30;10;489.114;17.412;66.374;5.34;0.0;0.362;0.491;0.625;0.752
2013-06-30 11:00:00;2013;6;30;11;824.56;19.133;61.607;5.868;0.0;0.362;0.491;0.624;0.753
2013-06-30 12:00:00;2013;6;30;12;642.842;19.835;60.016;6.035;0.0;0.363;0.49;0.622;0.751
2013-06-30 13:00:00;2013;6;30;13;403.926;19.943;63.984;5.209;0.0;0.364;0.49;0.621;0.751
2013-06-30 14:00:00;2013;6;30;14;503.183;20.726;62.818;5.203;0.0;0.364;0.49;0.62;0.75
2013-06-30 15:00:00;2013;6;30;15;460.997;21.173;62.342;5.371;0.0;0.363;0.49;0.619;0.75
2013-06-30 16:00:00;2013;6;30;16;358.87;21.134;63.52;5.67;0.0;0.363;0.49;0.619;0.749
2013-06-30 17:00:00;2013;6;30;17;213.706;20.758;63.691;5.105;0.0;0.362;0.49;0.618;0.75
2013-06-30 18:00:00;2013;6;30;18;100.824;20.174;65.934;3.576;0.0;0.361;0.49;0.618;0.75
2013-06-30 19:00:00;2013;6;30;19;26.468;18.83;70.685;2.58;0.0;0.361;0.49;0.619;0.75
2013-06-30 20:00:00;2013;6;30;20;-4.901;16.884;79.785;2.487;0.0;0.359;0.489;0.619;0.75
2013-06-30 21:00:00;2013;6;30;21;-4.941;16.837;84.132;3.451;0.0;0.358;0.489;0.62;0.75
2013-06-30 22:00:00;2013;6;30;22;-4.746;16.686;84.137;3.989;0.0;0.357;0.487;0.62;0.749
2013-06-30 23:00:00;2013;6;30;23;-4.722;16.38;84.103;4.296;0.0;0.356;0.486;0.62;0.749
2013-07-01 00:00:00;2013;7;1;0;-4.878;15.586;85.558;3.914;0.003;0.356;0.486;0.621;0.748
2013-07-01 01:00:00;2013;7;1;1;-4.654;14.887;86.543;3.471;0.003;0.355;0.485;0.621;0.748
2013-07-01 02:00:00;2013;7;1;2;-3.631;14.767;87.515;3.355;0.0;0.354;0.485;0.621;0.748
2013-07-01 03:00:00;2013;7;1;3;1.452;14.703;87.84;3.508;0.0;0.354;0.484;0.621;0.748
2013-07-01 04:00:00;2013;7;1;4;17.608;14.935;88.162;3.624;0.0;0.353;0.484;0.621;0.748
2013-07-01 05:00:00;2013;7;1;5;70.557;14.93;86.657;3.794;0.0;0.353;0.483;0.621;0.748
2013-07-01 06:00:00;2013;7;1;6;142.23;15.36;83.588;4.61;0.0;0.353;0.483;0.621;0.748
2013-07-01 07:00:00;2013;7;1;7;174.969;15.648;83.013;4.865;0.0;0.353;0.482;0.621;0.748
2013-07-01 08:00:00;2013;7;1;8;187.267;15.659;82.88;4.781;0.0;0.353;0.482;0.621;0.748
2013-07-01 09:00:00;2013;7;1;9;332.142;16.705;78.128;5.371;0.0;0.354;0.483;0.62;0.748
2013-07-01 10:00:00;2013;7;1;10;479.007;17.528;73.976;5.314;0.0;0.354;0.483;0.62;0.748
2013-07-01 11:00:00;2013;7;1;11;626.252;18.505;67.532;6.156;0.0;0.354;0.482;0.619;0.748
2013-07-01 12:00:00;2013;7;1;12;377.018;18.295;65.691;5.803;0.0;0.355;0.482;0.618;0.748
2013-07-01 13:00:00;2013;7;1;13;373.834;17.941;68.43;5.258;0.0;0.354;0.482;0.617;0.748
2013-07-01 14:00:00;2013;7;1;14;467.344;18.664;63.755;4.86;0.0;0.354;0.482;0.617;0.748
2013-07-01 15:00:00;2013;7;1;15;400.855;18.985;59.462;5.19;0.0;0.353;0.482;0.615;0.748
2013-07-01 16:00:00;2013;7;1;16;357.793;18.702;62.586;5.328;0.0;0.353;0.481;0.615;0.748
2013-07-01 17:00:00;2013;7;1;17;172.681;17.676;64.96;4.765;0.0;0.352;0.482;0.614;0.748
2013-07-01 18:00:00;2013;7;1;18;124.574;16.879;65.868;3.076;0.0;0.351;0.481;0.614;0.748
2013-07-01 19:00:00;2013;7;1;19;26.392;15.56;71.223;2.151;0.0;0.35;0.481;0.614;0.747
2013-07-01 20:00:00;2013;7;1;20;-5.779;12.968;79.553;1.272;0.0;0.349;0.48;0.615;0.747
2013-07-01 21:00:00;2013;7;1;21;-7.129;11.065;88.285;0.593;0.0;0.348;0.479;0.615;0.747
2013-07-01 22:00:00;2013;7;1;22;-6.758;10.047;92.81;0.422;0.0;0.347;0.477;0.615;0.747
2013-07-01 23:00:00;2013;7;1;23;-6.253;8.947;93.44;0.943;0.0;0.346;0.476;0.615;0.747
2013-07-02 00:00:00;2013;7;2;0;-5.351;9.032;94.565;1.169;0.004;0.344;0.475;0.615;0.747
2013-07-02 01:00:00;2013;7;2;1;-5.332;9.768;94.848;1.823;0.0;0.344;0.474;0.615;0.747
2013-07-02 02:00:00;2013;7;2;2;-5.487;10.598;95.095;1.158;0.0;0.343;0.473;0.615;0.747
2013-07-02 03:00:00;2013;7;2;3;2.012;10.598;94.525;1.341;0.0;0.342;0.472;0.615;0.747
2013-07-02 04:00:00;2013;7;2;4;32.974;11.04;94.985;1.249;0.0;0.342;0.471;0.615;0.747
2013-07-02 05:00:00;2013;7;2;5;181.426;12.565;94.228;1.513;0.0;0.342;0.47;0.615;0.747
2013-07-02 06:00:00;2013;7;2;6;340.895;14.64;87.177;1.773;0.0;0.341;0.468;0.615;0.747
2013-07-02 07:00:00;2013;7;2;7;365.563;15.917;76.625;2.396;0.0;0.34;0.467;0.615;0.747
2013-07-02 08:00:00;2013;7;2;8;563.972;17.008;72.374;3.307;0.0;0.341;0.466;0.615;0.747
2013-07-02 09:00:00;2013;7;2;9;690.068;18.142;65.262;3.404;0.0;0.342;0.466;0.614;0.747
2013-07-02 10:00:00;2013;7;2;10;566.06;18.619;59.801;2.947;0.0;0.343;0.467;0.613;0.747
2013-07-02 11:00:00;2013;7;2;11;772.515;19.688;53.894;3.345;0.0;0.344;0.467;0.613;0.747
2013-07-02 12:00:00;2013;7;2;12;719.299;20.413;50.458;4.22;0.0;0.345;0.468;0.612;0.748
2013-07-02 13:00:00;2013;7;2;13;482.233;20.478;51.502;3.39;0.0;0.345;0.469;0.611;0.748
2013-07-02 14:00:00;2013;7;2;14;412.269;20.669;50.147;3.136;0.0;0.344;0.469;0.611;0.747
2013-07-02 15:00:00;2013;7;2;15;331.308;20.925;50.713;3.293;0.0;0.344;0.469;0.61;0.747
2013-07-02 16:00:00;2013;7;2;16;119.159;20.175;54.368;2.261;0.0;0.343;0.469;0.61;0.747
2013-07-02 17:00:00;2013;7;2;17;62.037;19.633;65.472;1.667;0.0;0.343;0.469;0.61;0.746
2013-07-02 18:00:00;2013;7;2;18;27.134;18.383;69.484;2.368;0.0;0.341;0.469;0.611;0.747
2013-07-02 19:00:00;2013;7;2;19;3.688;17.911;65.275;1.602;0.0;0.34;0.469;0.611;0.746
2013-07-02 20:00:00;2013;7;2;20;-4.848;16.967;69.409;2.075;0.0;0.339;0.468;0.611;0.747
2013-07-02 21:00:00;2013;7;2;21;-3.872;17.925;56.414;2.964;0.0;0.338;0.468;0.612;0.747
2013-07-02 22:00:00;2013;7;2;22;-4.62;15.745;78.628;2.395;3.069;0.346;0.472;0.612;0.747
2013-07-02 23:00:00;2013;7;2;23;-2.883;14.987;90.238;3.284;0.47;0.364;0.478;0.613;0.748
2013-07-03 00:00:00;2013;7;3;0;-3.821;15.662;86.697;2.142;0.0;0.361;0.476;0.613;0.748
2013-07-03 01:00:00;2013;7;3;1;-4.485;15.47;88.612;2.089;0.0;0.359;0.474;0.614;0.747
2013-07-03 02:00:00;2013;7;3;2;-4.699;15.536;89.275;1.374;0.0;0.357;0.473;0.614;0.747
2013-07-03 03:00:00;2013;7;3;3;-4.346;15.263;92.208;0.842;0.21;0.356;0.473;0.614;0.746
2013-07-03 04:00:00;2013;7;3;4;19.216;15.322;93.553;1.305;0.01;0.355;0.472;0.614;0.746
2013-07-03 05:00:00;2013;7;3;5;74.076;15.984;92.928;2.489;0.0;0.354;0.471;0.615;0.746
2013-07-03 06:00:00;2013;7;3;6;112.189;16.748;91.038;2.89;0.04;0.354;0.47;0.615;0.746
2013-07-03 07:00:00;2013;7;3;7;144.299;17.095;87.755;3.895;0.0;0.354;0.47;0.615;0.746
2013-07-03 08:00:00;2013;7;3;8;286.412;17.345;82.387;4.617;0.0;0.355;0.47;0.615;0.746
2013-07-03 09:00:00;2013;7;3;9;201.636;17.188;82.576;4.6;0.0;0.355;0.47;0.615;0.747
2013-07-03 10:00:00;2013;7;3;10;146.478;16.706;85.355;4.497;0.04;0.355;0.47;0.615;0.746
2013-07-03 11:00:00;2013;7;3;11;435.287;18.068;79.931;4.416;0.0;0.355;0.47;0.615;0.747
2013-07-03 12:00:00;2013;7;3;12;206.66;18.08;77.25;4.8;0.0;0.356;0.47;0.615;0.747
2013-07-03 13:00:00;2013;7;3;13;342.872;17.733;84.153;4.743;0.0;0.356;0.47;0.615;0.747
2013-07-03 14:00:00;2013;7;3;14;163.788;17.903;82.875;4.488;0.0;0.356;0.47;0.615;0.747
2013-07-03 15:00:00;2013;7;3;15;175.171;17.166;87.272;4.312;0.0;0.355;0.471;0.615;0.747
2013-07-03 16:00:00;2013;7;3;16;150.372;17.617;81.927;4.552;0.0;0.355;0.471;0.615;0.747
2013-07-03 17:00:00;2013;7;3;17;85.503;17.53;81.575;4.594;0.0;0.354;0.471;0.615;0.747
2013-07-03 18:00:00;2013;7;3;18;36.265;17.333;82.86;3.703;0.0;0.353;0.47;0.615;0.747
2013-07-03 19:00:00;2013;7;3;19;6.602;17.077;83.415;3.689;0.0;0.353;0.47;0.615;0.747
2013-07-03 20:00:00;2013;7;3;20;-3.269;16.769;82.488;3.005;0.0;0.352;0.47;0.615;0.746
2013-07-03 21:00:00;2013;7;3;21;-3.881;16.537;84.895;2.018;0.0;0.351;0.47;0.615;0.746
2013-07-03 22:00:00;2013;7;3;22;-4.629;16.417;86.442;1.189;0.0;0.35;0.469;0.615;0.747
2013-07-03 23:00:00;2013;7;3;23;-4.764;16.115;88.938;1.786;0.0;0.35;0.468;0.616;0.747
2013-07-04 00:00:00;2013;7;4;0;-5.207;15.073;91.868;1.854;0.0;0.349;0.468;0.615;0.747
2013-07-04 01:00:00;2013;7;4;1;-4.067;15.394;93.482;2.545;0.0;0.349;0.468;0.616;0.747
2013-07-04 02:00:00;2013;7;4;2;-4.085;15.588;93.55;2.185;0.0;0.348;0.467;0.616;0.747
2013-07-04 03:00:00;2013;7;4;3;-1.651;15.761;92.873;1.501;0.0;0.348;0.467;0.616;0.747
2013-07-04 04:00:00;2013;7;4;4;9.9;15.99;91.988;2.29;0.0;0.348;0.466;0.616;0.747
2013-07-04 05:00:00;2013;7;4;5;40.994;16.231;90.56;2.63;0.0;0.348;0.466;0.616;0.747
2013-07-04 06:00:00;2013;7;4;6;56.588;16.429;89.76;2.945;0.0;0.348;0.466;0.616;0.747
2013-07-04 07:00:00;2013;7;4;7;137.216;16.781;87.892;3.265;0.0;0.348;0.465;0.616;0.747
2013-07-04 08:00:00;2013;7;4;8;305.144;17.529;84.498;3.827;0.0;0.348;0.465;0.615;0.747
2013-07-04 09:00:00;2013;7;4;9;505.861;18.941;78.768;3.808;0.0;0.349;0.465;0.615;0.747
2013-07-04 10:00:00;2013;7;4;10;638.548;20.49;70.168;4.64;0.0;0.351;0.465;0.615;0.746
2013-07-04 11:00:00;2013;7;4;11;724.652;21.467;64.753;5.164;0.0;0.352;0.465;0.614;0.747
2013-07-04 12:00:00;2013;7;4;12;628.144;21.806;62.305;5.461;0.0;0.352;0.465;0.613;0.746
2013-07-04 13:00:00;2013;7;4;13;275.967;21.211;62.817;5.711;0.0;0.352;0.466;0.612;0.746
2013-07-04 14:00:00;2013;7;4;14;298.68;20.957;63.649;5.878;0.0;0.351;0.467;0.612;0.746
2013-07-04 15:00:00;2013;7;4;15;161.793;20.315;67.797;6.012;0.0;0.35;0.467;0.612;0.746
2013-07-04 16:00:00;2013;7;4;16;107.923;18.953;72.227;5.963;0.0;0.349;0.467;0.612;0.746
2013-07-04 17:00:00;2013;7;4;17;88.89;18.816;72.577;5.391;0.0;0.348;0.467;0.612;0.746
2013-07-04 18:00:00;2013;7;4;18;24.28;18.124;75.685;4.477;0.0;0.347;0.467;0.612;0.746
2013-07-04 19:00:00;2013;7;4;19;1.615;17.185;83.839;4.372;0.0;0.346;0.466;0.612;0.747
2013-07-04 20:00:00;2013;7;4;20;-3.528;16.592;90.785;2.946;0.0;0.345;0.466;0.612;0.747
2013-07-04 21:00:00;2013;7;4;21;-4.615;16.18;90.817;2.588;0.0;0.344;0.465;0.613;0.747
2013-07-04 22:00:00;2013;7;4;22;-4.368;16.079;91.205;2.594;0.0;0.343;0.465;0.613;0.747
2013-07-04 23:00:00;2013;7;4;23;-3.924;16.053;92.497;2.216;0.0;0.343;0.464;0.613;0.747
2013-07-05 00:00:00;2013;7;5;0;-3.646;16.285;91.305;2.17;0.0;0.343;0.464;0.613;0.747
2013-07-05 01:00:00;2013;7;5;1;-3.838;16.473;90.857;1.967;0.0;0.342;0.463;0.613;0.747
2013-07-05 02:00:00;2013;7;5;2;-3.702;16.389;88.213;1.727;0.0;0.342;0.463;0.613;0.747
2013-07-05 03:00:00;2013;7;5;3;-0.571;16.278;88.2;2.131;0.0;0.342;0.463;0.613;0.747
2013-07-05 04:00:00;2013;7;5;4;20.413;16.217;88.28;2.545;0.0;0.341;0.462;0.613;0.747
2013-07-05 05:00:00;2013;7;5;5;60.182;16.487;87.51;2.872;0.0;0.341;0.462;0.613;0.747
2013-07-05 06:00:00;2013;7;5;6;113.404;16.716;86.31;3.201;0.0;0.341;0.461;0.613;0.747
2013-07-05 07:00:00;2013;7;5;7;116.461;16.855;86.227;3.287;0.0;0.342;0.461;0.613;0.747
2013-07-05 08:00:00;2013;7;5;8;182.457;17.05;84.557;3.434;0.0;0.342;0.461;0.613;0.747
2013-07-05 09:00:00;2013;7;5;9;217.237;17.418;84.122;3.153;0.0;0.342;0.461;0.613;0.747
2013-07-05 10:00:00;2013;7;5;10;224.594;17.654;82.682;2.977;0.0;0.342;0.461;0.613;0.747
2013-07-05 11:00:00;2013;7;5;11;350.936;18.481;79.876;2.883;0.0;0.343;0.461;0.612;0.747
2013-07-05 12:00:00;2013;7;5;12;522.548;19.952;73.863;1.608;0.0;0.344;0.461;0.612;0.747
2013-07-05 13:00:00;2013;7;5;13;747.232;21.453;68.921;1.609;0.0;0.345;0.461;0.611;0.746
2013-07-05 14:00:00;2013;7;5;14;492.31;21.955;67.268;2.073;0.0;0.347;0.461;0.61;0.746
2013-07-05 15:00:00;2013;7;5;15;189.679;21.733;64.948;1.481;0.0;0.347;0.463;0.609;0.746
2013-07-05 16:00:00;2013;7;5;16;234.237;22.088;62.348;2.92;0.0;0.347;0.463;0.609;0.746
2013-07-05 17:00:00;2013;7;5;17;215.954;21.75;61.147;4.03;0.0;0.346;0.464;0.609;0.746
2013-07-05 18:00:00;2013;7;5;18;98.263;20.131;66.989;3.793;0.0;0.345;0.464;0.609;0.747
2013-07-05 19:00:00;2013;7;5;19;20.578;18.166;74.02;2.557;0.0;0.343;0.463;0.61;0.747
2013-07-05 20:00:00;2013;7;5;20;-4.776;16.226;82.046;2.433;0.0;0.342;0.463;0.61;0.747
2013-07-05 21:00:00;2013;7;5;21;-5.723;14.689;85.98;2.384;0.0;0.341;0.462;0.61;0.747
2013-07-05 22:00:00;2013;7;5;22;-6.015;13.215;90.642;1.874;0.0;0.339;0.461;0.61;0.747
2013-07-05 23:00:00;2013;7;5;23;-5.429;13.689;89.668;1.637;0.0;0.338;0.461;0.611;0.748
2013-07-06 00:00:00;2013;7;6;0;-5.824;13.748;87.033;0.769;0.01;0.337;0.46;0.611;0.748
2013-07-06 01:00:00;2013;7;6;1;-5.759;13.607;86.507;1.346;0.0;0.337;0.459;0.611;0.748
2013-07-06 02:00:00;2013;7;6;2;-5.449;13.417;85.062;1.837;0.0;0.336;0.458;0.611;0.748
2013-07-06 03:00:00;2013;7;6;3;1.331;12.884;85.807;1.696;0.0;0.335;0.457;0.611;0.748
2013-07-06 04:00:00;2013;7;6;4;61.779;12.747;86.89;1.236;0.0;0.334;0.456;0.611;0.748
2013-07-06 05:00:00;2013;7;6;5;187.616;14.912;80.441;1.229;0.0;0.334;0.455;0.611;0.747
2013-07-06 06:00:00;2013;7;6;6;339.814;16.892;74.349;2.157;0.0;0.333;0.455;0.611;0.747
2013-07-06 07:00:00;2013;7;6;7;499.055;19.058;70.6;1.625;0.0;0.334;0.455;0.61;0.748
2013-07-06 08:00:00;2013;7;6;8;644.25;20.906;67.558;1.452;0.0;0.336;0.455;0.61;0.747
2013-07-06 09:00:00;2013;7;6;9;647.243;22.2;63.902;1.83;0.0;0.338;0.454;0.608;0.747
2013-07-06 10:00:00;2013;7;6;10;340.968;22.409;59.137;1.007;0.0;0.34;0.455;0.607;0.747
2013-07-06 11:00:00;2013;7;6;11;512.831;23.214;55.133;1.673;0.0;0.341;0.456;0.607;0.747
2013-07-06 12:00:00;2013;7;6;12;561.127;24.233;49.535;1.704;0.0;0.342;0.457;0.606;0.748
2013-07-06 13:00:00;2013;7;6;13;653.529;24.856;47.726;1.956;0.0;0.342;0.458;0.605;0.748
2013-07-06 14:00:00;2013;7;6;14;645.126;25.535;46.325;2.326;0.0;0.343;0.458;0.603;0.748
2013-07-06 15:00:00;2013;7;6;15;558.225;25.369;47.15;3.405;0.0;0.343;0.459;0.602;0.749
2013-07-06 16:00:00;2013;7;6;16;413.091;25.224;44.86;2.962;0.0;0.342;0.459;0.601;0.749
2013-07-06 17:00:00;2013;7;6;17;245.077;24.456;45.28;3.189;0.0;0.341;0.46;0.6;0.748
2013-07-06 18:00:00;2013;7;6;18;111.913;22.977;49.952;2.561;0.0;0.339;0.46;0.6;0.749
2013-07-06 19:00:00;2013;7;6;19;18.902;20.794;55.509;2.116;0.0;0.337;0.46;0.6;0.749
2013-07-06 20:00:00;2013;7;6;20;-5.204;19.251;59.555;2.077;0.0;0.336;0.459;0.6;0.749
2013-07-06 21:00:00;2013;7;6;21;-5.859;18.221;66.711;2.208;0.0;0.333;0.459;0.601;0.75
2013-07-06 22:00:00;2013;7;6;22;-5.745;16.892;74.398;2.169;0.0;0.333;0.457;0.601;0.75
2013-07-06 23:00:00;2013;7;6;23;-6.231;15.983;79.291;1.328;0.0;0.332;0.456;0.601;0.75
2013-07-07 00:00:00;2013;7;7;0;-6.062;15.408;81.276;1.328;0.0;0.33;0.455;0.601;0.75
2013-07-07 01:00:00;2013;7;7;1;-5.689;14.325;84.985;1.838;0.01;0.33;0.455;0.602;0.749
2013-07-07 02:00:00;2013;7;7;2;-5.332;13.325;87.667;2.004;0.0;0.328;0.454;0.602;0.748
2013-07-07 03:00:00;2013;7;7;3;1.426;12.28;91.108;2.108;0.0;0.327;0.454;0.602;0.748
2013-07-07 04:00:00;2013;7;7;4;65.787;11.938;93.848;2.239;0.0;0.327;0.453;0.602;0.748
2013-07-07 05:00:00;2013;7;7;5;194.873;14.632;90.745;1.607;0.0;0.326;0.452;0.601;0.748
2013-07-07 06:00:00;2013;7;7;6;347.515;17.782;74.194;2.073;0.0;0.326;0.452;0.601;0.748
2013-07-07 07:00:00;2013;7;7;7;505.641;20.252;62.826;2.736;0.0;0.327;0.451;0.601;0.748
2013-07-07 08:00:00;2013;7;7;8;649.768;21.949;54.139;3.88;0.0;0.327;0.449;0.599;0.748
2013-07-07 09:00:00;2013;7;7;9;761.389;23.236;47.404;3.401;0.0;0.329;0.449;0.598;0.749
2013-07-07 10:00:00;2013;7;7;10;830.397;24.322;44.845;3.215;0.0;0.33;0.448;0.595;0.749
2013-07-07 11:00:00;2013;7;7;11;864.446;25.224;37.981;3.458;0.0;0.332;0.448;0.593;0.75
2013-07-07 12:00:00;2013;7;7;12;862.505;25.977;30.797;3.632;0.0;0.332;0.449;0.59;0.75
2013-07-07 13:00:00;2013;7;7;13;816.002;26.499;30.444;3.417;0.0;0.333;0.45;0.587;0.75
2013-07-07 14:00:00;2013;7;7;14;714.459;26.774;30.347;3.695;0.0;0.333;0.451;0.584;0.75
2013-07-07 15:00:00;2013;7;7;15;579.037;26.573;32.044;3.699;0.0;0.333;0.451;0.582;0.749
2013-07-07 16:00:00;2013;7;7;16;404.655;26.039;32.528;3.672;0.0;0.331;0.452;0.581;0.749
2013-07-07 17:00:00;2013;7;7;17;261.311;25.339;34.665;3.629;0.0;0.33;0.451;0.58;0.749
2013-07-07 18:00:00;2013;7;7;18;121.074;23.995;47.475;2.73;0.0;0.328;0.45;0.579;0.749
2013-07-07 19:00:00;2013;7;7;19;26.236;21.641;70.301;4.227;0.0;0.327;0.449;0.58;0.749
2013-07-07 20:00:00;2013;7;7;20;-3.948;20.234;75.108;4.297;0.0;0.325;0.448;0.58;0.749
2013-07-07 21:00:00;2013;7;7;21;-5.05;18.932;79.76;3.631;0.0;0.324;0.446;0.58;0.748
2013-07-07 22:00:00;2013;7;7;22;-4.962;17.927;81.372;3.61;0.0;0.323;0.445;0.58;0.748
2013-07-07 23:00:00;2013;7;7;23;-5.076;16.869;79.812;2.994;0.0;0.322;0.444;0.58;0.748
2013-07-08 00:00:00;2013;7;8;0;-5.404;15.333;85.505;2.591;0.01;0.321;0.443;0.58;0.748
2013-07-08 01:00:00;2013;7;8;1;-5.412;14.413;89.645;2.403;0.0;0.32;0.443;0.58;0.748
2013-07-08 02:00:00;2013;7;8;2;-5.357;12.573;92.598;2.522;0.01;0.319;0.442;0.58;0.748
2013-07-08 03:00:00;2013;7;8;3;2.571;12.308;94.512;2.995;0.0;0.318;0.441;0.579;0.748
2013-07-08 04:00:00;2013;7;8;4;67.369;12.896;93.982;2.976;0.0;0.317;0.44;0.579;0.748
2013-07-08 05:00:00;2013;7;8;5;187.567;14.602;88.728;2.196;0.0;0.316;0.439;0.579;0.748
2013-07-08 06:00:00;2013;7;8;6;325.118;16.731;79.95;2.504;0.0;0.316;0.438;0.579;0.749
2013-07-08 07:00:00;2013;7;8;7;493.616;18.645;74.514;3.281;0.0;0.317;0.437;0.578;0.749
2013-07-08 08:00:00;2013;7;8;8;631.606;20.876;68.147;3.785;0.0;0.318;0.439;0.578;0.749
2013-07-08 09:00:00;2013;7;8;9;746.326;22.769;59.199;3.915;0.0;0.319;0.438;0.576;0.749
2013-07-08 10:00:00;2013;7;8;10;813.573;24.227;50.699;4.074;0.0;0.32;0.438;0.574;0.75
2013-07-08 11:00:00;2013;7;8;11;844.158;25.088;47.541;3.625;0.0;0.321;0.439;0.572;0.75
2013-07-08 12:00:00;2013;7;8;12;814.863;25.619;46.972;3.75;0.0;0.323;0.441;0.569;0.75
2013-07-08 13:00:00;2013;7;8;13;775.058;25.799;46.963;4.514;0.0;0.324;0.442;0.566;0.75
2013-07-08 14:00:00;2013;7;8;14;687.161;25.892;43.037;4.343;0.0;0.323;0.443;0.564;0.75
2013-07-08 15:00:00;2013;7;8;15;553.831;25.689;41.882;4.587;0.0;0.322;0.444;0.561;0.751
2013-07-08 16:00:00;2013;7;8;16;412.577;25.138;36.319;4.559;0.0;0.321;0.444;0.56;0.75
2013-07-08 17:00:00;2013;7;8;17;256.186;24.356;41.735;4.141;0.0;0.32;0.445;0.559;0.75
2013-07-08 18:00:00;2013;7;8;18;109.504;23.16;53.187;4.164;0.0;0.319;0.445;0.558;0.75
2013-07-08 19:00:00;2013;7;8;19;20.539;21.25;61.558;4.269;0.0;0.317;0.444;0.558;0.751
2013-07-08 20:00:00;2013;7;8;20;-4.549;19.181;62.827;3.596;0.0;0.315;0.441;0.559;0.751
2013-07-08 21:00:00;2013;7;8;21;-4.956;17.642;61.16;3.158;0.0;0.314;0.439;0.559;0.75
2013-07-08 22:00:00;2013;7;8;22;-4.84;16.241;59.408;3.216;0.0;0.312;0.437;0.559;0.751
2013-07-08 23:00:00;2013;7;8;23;-4.861;14.97;61.749;3.079;0.0;0.311;0.436;0.559;0.752
2013-07-09 00:00:00;2013;7;9;0;-5.041;14.056;70.26;2.591;0.0;0.31;0.434;0.559;0.753
2013-07-09 01:00:00;2013;7;9;1;-5.101;13.067;79.037;2.465;0.01;0.309;0.433;0.558;0.753
2013-07-09 02:00:00;2013;7;9;2;-4.959;12.376;83.848;2.634;0.0;0.308;0.432;0.558;0.753
2013-07-09 03:00:00;2013;7;9;3;1.5;12.116;88.368;2.529;0.0;0.308;0.43;0.558;0.754
2013-07-09 04:00:00;2013;7;9;4;66.641;12.923;87.898;2.45;0.0;0.307;0.43;0.558;0.755
2013-07-09 05:00:00;2013;7;9;5;196.159;14.367;82.561;2.525;0.0;0.306;0.428;0.557;0.754
2013-07-09 06:00:00;2013;7;9;6;346.155;16.038;71.405;3.502;0.0;0.306;0.428;0.557;0.755
2013-07-09 07:00:00;2013;7;9;7;505.906;17.925;59.125;3.496;0.0;0.307;0.427;0.556;0.754
2013-07-09 08:00:00;2013;7;9;8;656.108;19.463;44.148;3.824;0.0;0.307;0.427;0.555;0.755
2013-07-09 09:00:00;2013;7;9;9;774.572;21.385;31.907;3.695;0.0;0.308;0.426;0.553;0.754
2013-07-09 10:00:00;2013;7;9;10;838.504;22.551;30.86;3.075;0.0;0.309;0.428;0.551;0.754
2013-07-09 11:00:00;2013;7;9;11;856.213;23.524;35.96;4.088;0.0;0.311;0.428;0.548;0.754
2013-07-09 12:00:00;2013;7;9;12;841.707;24.082;34.168;5.006;0.0;0.312;0.429;0.545;0.756
2013-07-09 13:00:00;2013;7;9;13;775.465;24.361;38.372;5.309;0.0;0.312;0.43;0.542;0.756
2013-07-09 14:00:00;2013;7;9;14;677.69;24.508;40.591;5.42;0.0;0.313;0.43;0.539;0.755
2013-07-09 15:00:00;2013;7;9;15;552.624;24.334;45.374;5.745;0.0;0.312;0.43;0.537;0.755
2013-07-09 16:00:00;2013;7;9;16;398.854;23.923;45.978;5.418;0.0;0.311;0.431;0.535;0.755
2013-07-09 17:00:00;2013;7;9;17;251.698;23.179;45.791;5.26;0.0;0.31;0.432;0.535;0.756
2013-07-09 18:00:00;2013;7;9;18;110.596;21.965;52.492;4.702;0.0;0.309;0.432;0.534;0.756
2013-07-09 19:00:00;2013;7;9;19;15.327;20.102;62.357;4.26;0.0;0.308;0.431;0.534;0.755
2013-07-09 20:00:00;2013;7;9;20;-4.652;18.685;66.752;3.726;0.0;0.306;0.429;0.535;0.755
2013-07-09 21:00:00;2013;7;9;21;-5.123;16.826;67.508;3.335;0.0;0.305;0.427;0.535;0.754
2013-07-09 22:00:00;2013;7;9;22;-4.916;15.665;70.363;3.641;0.0;0.304;0.426;0.535;0.755
2013-07-09 23:00:00;2013;7;9;23;-4.739;14.883;79.091;3.95;0.0;0.303;0.424;0.535;0.756
2013-07-10 00:00:00;2013;7;10;0;-4.964;14.299;84.838;2.911;0.01;0.302;0.423;0.535;0.757
2013-07-10 01:00:00;2013;7;10;1;-5.264;13.648;88.98;2.292;0.0;0.301;0.421;0.535;0.758
2013-07-10 02:00:00;2013;7;10;2;-5.005;13.227;90.23;2.654;0.01;0.3;0.42;0.535;0.759
2013-07-10 03:00:00;2013;7;10;3;1.097;12.129;92.993;2.308;0.0;0.3;0.419;0.534;0.76
2013-07-10 04:00:00;2013;7;10;4;62.96;12.53;94.493;2.133;0.0;0.299;0.419;0.534;0.76
2013-07-10 05:00:00;2013;7;10;5;188.037;14.556;86.148;2.531;0.0;0.299;0.418;0.534;0.76
2013-07-10 06:00:00;2013;7;10;6;337.689;16.846;69.967;4.17;0.0;0.299;0.417;0.534;0.76
2013-07-10 07:00:00;2013;7;10;7;487.474;18.152;71.052;4.974;0.0;0.299;0.417;0.533;0.76
2013-07-10 08:00:00;2013;7;10;8;251.272;17.603;77.052;4.471;0.0;0.3;0.417;0.532;0.758
2013-07-10 09:00:00;2013;7;10;9;263.019;17.427;82.285;2.927;0.0;0.3;0.417;0.531;0.757
2013-07-10 10:00:00;2013;7;10;10;203.068;17.924;77.3;4.863;0.0;0.301;0.417;0.531;0.757
2013-07-10 11:00:00;2013;7;10;11;483.361;18.986;69.006;5.107;0.0;0.301;0.417;0.53;0.756
2013-07-10 12:00:00;2013;7;10;12;733.738;19.915;61.309;6.124;0.0;0.301;0.417;0.528;0.755
2013-07-10 13:00:00;2013;7;10;13;793.569;19.934;55.859;6.343;0.0;0.302;0.418;0.526;0.753
2013-07-10 14:00:00;2013;7;10;14;650.304;19.446;55.655;6.703;0.0;0.303;0.418;0.524;0.752
2013-07-10 15:00:00;2013;7;10;15;505.158;18.561;58.418;6.988;0.0;0.303;0.419;0.522;0.752
2013-07-10 16:00:00;2013;7;10;16;174.954;16.885;62.765;6.611;0.0;0.302;0.419;0.521;0.752
2013-07-10 17:00:00;2013;7;10;17;115.834;16.305;63.463;6.151;0.0;0.301;0.419;0.521;0.752
2013-07-10 18:00:00;2013;7;10;18;37.4;15.599;64.351;5.865;0.0;0.3;0.418;0.521;0.753
2013-07-10 19:00:00;2013;7;10;19;4.922;15.046;65.813;5.248;0.0;0.299;0.417;0.521;0.754
2013-07-10 20:00:00;2013;7;10;20;-2.902;14.696;65.007;4.784;0.0;0.298;0.416;0.521;0.754
2013-07-10 21:00:00;2013;7;10;21;-3.244;14.415;68.308;4.763;0.0;0.297;0.415;0.521;0.755
2013-07-10 22:00:00;2013;7;10;22;-3.201;14.068;68.635;4.538;0.0;0.296;0.414;0.521;0.755
2013-07-10 23:00:00;2013;7;10;23;-3.217;13.876;68.819;4.102;0.0;0.296;0.414;0.521;0.754
2013-07-11 00:00:00;2013;7;11;0;-3.374;13.663;70.422;3.364;0.0;0.295;0.413;0.521;0.754
2013-07-11 01:00:00;2013;7;11;1;-3.64;13.409;72.604;2.697;0.0;0.295;0.412;0.52;0.753
2013-07-11 02:00:00;2013;7;11;2;-4.824;12.329;76.539;2.849;0.0;0.294;0.411;0.52;0.753
2013-07-11 03:00:00;2013;7;11;3;0.047;10.851;80.035;2.445;0.01;0.294;0.411;0.52;0.752
2013-07-11 04:00:00;2013;7;11;4;50.534;10.409;85.108;2.086;0.0;0.293;0.41;0.52;0.752
2013-07-11 05:00:00;2013;7;11;5;144.944;12.841;75.953;2.402;0.0;0.292;0.409;0.52;0.751
2013-07-11 06:00:00;2013;7;11;6;326.145;14.38;65.149;4.93;0.0;0.292;0.409;0.519;0.751
2013-07-11 07:00:00;2013;7;11;7;247.465;14.674;62.532;4.61;0.0;0.293;0.409;0.519;0.752
2013-07-11 08:00:00;2013;7;11;8;311.733;15.16;61.465;4.488;0.0;0.293;0.408;0.518;0.751
2013-07-11 09:00:00;2013;7;11;9;336.067;15.63;59.938;4.493;0.0;0.293;0.408;0.518;0.752
2013-07-11 10:00:00;2013;7;11;10;351.824;16.04;58.744;3.829;0.0;0.293;0.408;0.517;0.752
2013-07-11 11:00:00;2013;7;11;11;355.297;16.46;58.402;3.94;0.0;0.294;0.408;0.516;0.752
2013-07-11 12:00:00;2013;7;11;12;419.374;16.984;57.37;4.149;0.0;0.294;0.408;0.515;0.752
2013-07-11 13:00:00;2013;7;11;13;388.936;17.151;56.935;3.891;0.0;0.294;0.409;0.514;0.752
2013-07-11 14:00:00;2013;7;11;14;402.384;17.485;56.539;3.679;0.0;0.294;0.409;0.513;0.752
2013-07-11 15:00:00;2013;7;11;15;364.302;17.601;56.822;4.41;0.0;0.295;0.41;0.512;0.752
2013-07-11 16:00:00;2013;7;11;16;406.018;18.002;55.157;4.258;0.0;0.295;0.41;0.512;0.752
2013-07-11 17:00:00;2013;7;11;17;214.315;17.358;61.251;4.834;0.0;0.294;0.41;0.511;0.752
2013-07-11 18:00:00;2013;7;11;18;88.372;16.272;68.8;4.788;0.0;0.294;0.41;0.511;0.752
2013-07-11 19:00:00;2013;7;11;19;10.623;14.681;75.562;4.221;0.0;0.293;0.409;0.511;0.752
2013-07-11 20:00:00;2013;7;11;20;-4.818;12.748;83.198;2.879;0.0;0.292;0.409;0.511;0.752
2013-07-11 21:00:00;2013;7;11;21;-5.742;11.352;87.833;2.688;0.0;0.291;0.408;0.511;0.751
2013-07-11 22:00:00;2013;7;11;22;-4.931;11.45;86.245;3.025;0.0;0.29;0.407;0.511;0.75
2013-07-11 23:00:00;2013;7;11;23;-4.924;11.299;85.112;2.79;0.0;0.289;0.406;0.511;0.75
2013-07-12 00:00:00;2013;7;12;0;-5.915;10.551;87.37;1.494;0.01;0.289;0.406;0.511;0.75
2013-07-12 01:00:00;2013;7;12;1;-6.418;9.137;91.103;0.94;0.0;0.288;0.405;0.511;0.749
2013-07-12 02:00:00;2013;7;12;2;-6.318;7.453;92.852;0.752;0.01;0.287;0.405;0.511;0.749
2013-07-12 03:00:00;2013;7;12;3;0.048;6.485;93.71;0.869;0.0;0.286;0.404;0.51;0.75
2013-07-12 04:00:00;2013;7;12;4;54.338;7.105;95.382;0.884;0.0;0.286;0.403;0.51;0.75
2013-07-12 05:00:00;2013;7;12;5;117.336;9.822;95.608;0.742;0.0;0.286;0.403;0.51;0.75
2013-07-12 06:00:00;2013;7;12;6;137.739;12.01;87.968;1.169;0.0;0.286;0.403;0.51;0.749
2013-07-12 07:00:00;2013;7;12;7;174.652;13.508;77.636;1.039;0.0;0.287;0.402;0.51;0.749
2013-07-12 08:00:00;2013;7;12;8;371.28;14.767;73.204;1.633;0.0;0.288;0.402;0.509;0.749
2013-07-12 09:00:00;2013;7;12;9;389.29;15.435;72.442;1.339;0.0;0.289;0.402;0.509;0.749
2013-07-12 10:00:00;2013;7;12;10;421.562;15.82;76.88;2.454;0.0;0.29;0.403;0.508;0.749
2013-07-12 11:00:00;2013;7;12;11;406.516;16.388;77.907;1.817;0.0;0.291;0.403;0.507;0.75
2013-07-12 12:00:00;2013;7;12;12;244.126;15.963;84.827;2.347;0.02;0.292;0.404;0.507;0.75
2013-07-12 13:00:00;2013;7;12;13;405.739;17.663;74.5;2.983;0.0;0.292;0.405;0.507;0.75
2013-07-12 14:00:00;2013;7;12;14;451.102;18.99;63.026;4.287;0.0;0.293;0.406;0.507;0.75
2013-07-12 15:00:00;2013;7;12;15;525.658;19.493;58.63;4.927;0.0;0.293;0.406;0.506;0.751
2013-07-12 16:00:00;2013;7;12;16;358.433;19.266;57.285;4.586;0.0;0.293;0.407;0.505;0.751
2013-07-12 17:00:00;2013;7;12;17;207.379;18.508;60.616;5.067;0.0;0.293;0.407;0.505;0.751
2013-07-12 18:00:00;2013;7;12;18;84.582;17.291;67.953;4.599;0.0;0.292;0.407;0.505;0.751
2013-07-12 19:00:00;2013;7;12;19;13.305;15.332;76.938;3.252;0.0;0.291;0.407;0.505;0.751
2013-07-12 20:00:00;2013;7;12;20;-5.007;13.402;82.982;2.681;0.0;0.29;0.406;0.505;0.75
2013-07-12 21:00:00;2013;7;12;21;-5.654;11.854;88.338;2.253;0.0;0.289;0.405;0.505;0.749
2013-07-12 22:00:00;2013;7;12;22;-5.344;10.814;91.967;2.466;0.0;0.289;0.405;0.505;0.749
2013-07-12 23:00:00;2013;7;12;23;-5.6;10.269;93.05;1.703;0.01;0.288;0.404;0.505;0.749
2013-07-13 00:00:00;2013;7;13;0;-5.743;9.045;93.503;0.617;0.0;0.286;0.404;0.505;0.749
2013-07-13 01:00:00;2013;7;13;1;-4.816;8.164;94.923;1.569;0.01;0.285;0.403;0.505;0.75
2013-07-13 02:00:00;2013;7;13;2;-4.115;9.454;95.868;0.92;0.0;0.285;0.402;0.505;0.75
2013-07-13 03:00:00;2013;7;13;3;-2.019;10.818;95.335;0.915;0.0;0.285;0.402;0.505;0.749
2013-07-13 04:00:00;2013;7;13;4;18.836;11.964;94.782;0.893;0.0;0.285;0.401;0.505;0.75
2013-07-13 05:00:00;2013;7;13;5;65.783;12.805;94.31;0.933;0.0;0.285;0.401;0.504;0.749
2013-07-13 06:00:00;2013;7;13;6;178.445;13.881;86.223;0.886;0.0;0.286;0.401;0.504;0.749
2013-07-13 07:00:00;2013;7;13;7;327.561;15.881;69.555;0.855;0.0;0.287;0.401;0.504;0.749
2013-07-13 08:00:00;2013;7;13;8;473.019;17.272;60.515;1.34;0.0;0.288;0.401;0.504;0.748
2013-07-13 09:00:00;2013;7;13;9;525.174;17.762;59.994;3.408;0.0;0.289;0.401;0.503;0.748
2013-07-13 10:00:00;2013;7;13;10;740.988;18.671;58.185;2.951;0.0;0.29;0.402;0.502;0.748
2013-07-13 11:00:00;2013;7;13;11;779.817;19.54;57.242;3.287;0.0;0.291;0.403;0.5;0.749
2013-07-13 12:00:00;2013;7;13;12;797.13;20.409;55.625;4.242;0.0;0.293;0.404;0.498;0.749
2013-07-13 13:00:00;2013;7;13;13;726.436;21.033;53.699;3.868;0.0;0.294;0.405;0.496;0.75
2013-07-13 14:00:00;2013;7;13;14;619.916;21.381;53.674;4.69;0.0;0.294;0.406;0.494;0.75
2013-07-13 15:00:00;2013;7;13;15;365.03;20.607;57.436;5.073;0.0;0.294;0.406;0.492;0.75
2013-07-13 16:00:00;2013;7;13;16;281.057;19.844;60.304;4.697;0.0;0.293;0.407;0.492;0.75
2013-07-13 17:00:00;2013;7;13;17;258.859;19.712;62.138;4.475;0.0;0.292;0.407;0.492;0.75
2013-07-13 18:00:00;2013;7;13;18;110.485;18.958;65.556;3.393;0.0;0.292;0.407;0.492;0.75
2013-07-13 19:00:00;2013;7;13;19;16.4;16.897;74.816;3.328;0.0;0.291;0.406;0.492;0.751
2013-07-13 20:00:00;2013;7;13;20;-4.945;14.944;83.223;2.901;0.0;0.29;0.406;0.493;0.751
2013-07-13 21:00:00;2013;7;13;21;-5.624;13.246;88.968;2.414;0.0;0.289;0.405;0.493;0.75
2013-07-13 22:00:00;2013;7;13;22;-5.43;12.183;92.822;2.36;0.0;0.288;0.404;0.493;0.75
2013-07-13 23:00:00;2013;7;13;23;-5.565;11.702;93.54;1.823;0.0;0.287;0.403;0.493;0.749
2013-07-14 00:00:00;2013;7;14;0;-5.202;10.45;94.507;2.085;0.01;0.286;0.402;0.494;0.749
2013-07-14 01:00:00;2013;7;14;1;-4.896;10.534;95.593;2.258;0.0;0.285;0.402;0.493;0.749
2013-07-14 02:00:00;2013;7;14;2;-4.609;10.386;95.488;1.252;0.0;0.284;0.401;0.493;0.749
2013-07-14 03:00:00;2013;7;14;3;-2.494;12.119;96.177;0.973;0.0;0.284;0.401;0.493;0.749
2013-07-14 04:00:00;2013;7;14;4;11.522;13.039;94.085;1.503;0.0;0.284;0.4;0.493;0.749
2013-07-14 05:00:00;2013;7;14;5;33.809;13.845;91.825;1.532;0.0;0.284;0.4;0.493;0.749
2013-07-14 06:00:00;2013;7;14;6;86.128;14.581;89.407;1.163;0.0;0.284;0.4;0.493;0.749
2013-07-14 07:00:00;2013;7;14;7;109.706;15.245;86.703;1.484;0.0;0.285;0.4;0.493;0.749
2013-07-14 08:00:00;2013;7;14;8;126.879;15.898;83.865;1.532;0.0;0.285;0.4;0.493;0.749
2013-07-14 09:00:00;2013;7;14;9;140.578;16.364;82.055;1.266;0.0;0.286;0.4;0.492;0.749
2013-07-14 10:00:00;2013;7;14;10;173.151;16.723;81.195;3.296;0.0;0.286;0.4;0.492;0.749
2013-07-14 11:00:00;2013;7;14;11;429.497;17.535;77.604;2.491;0.0;0.286;0.4;0.492;0.749
2013-07-14 12:00:00;2013;7;14;12;732.74;19.232;69.048;1.891;0.0;0.288;0.4;0.491;0.749
2013-07-14 13:00:00;2013;7;14;13;715.107;20.775;62.863;2.739;0.0;0.29;0.401;0.489;0.75
2013-07-14 14:00:00;2013;7;14;14;563.361;21.752;58.284;3.726;0.0;0.291;0.402;0.487;0.749
2013-07-14 15:00:00;2013;7;14;15;388.974;21.598;54.77;4.409;0.0;0.292;0.403;0.486;0.75
2013-07-14 16:00:00;2013;7;14;16;331.487;21.122;54.258;4.159;0.0;0.291;0.404;0.485;0.75
2013-07-14 17:00:00;2013;7;14;17;193.039;20.792;56.228;2.889;0.0;0.291;0.404;0.485;0.749
2013-07-14 18:00:00;2013;7;14;18;80.541;19.532;63.457;2.102;0.0;0.29;0.404;0.485;0.749
2013-07-14 19:00:00;2013;7;14;19;12.075;17.422;70.4;2.17;0.0;0.289;0.404;0.485;0.75
2013-07-14 20:00:00;2013;7;14;20;-5.772;15.356;77.596;1.694;0.0;0.288;0.403;0.485;0.749
2013-07-14 21:00:00;2013;7;14;21;-5.77;13.98;81.281;1.348;0.0;0.287;0.403;0.486;0.749
2013-07-14 22:00:00;2013;7;14;22;-5.811;12.514;88.34;0.682;0.0;0.286;0.402;0.486;0.748
2013-07-14 23:00:00;2013;7;14;23;-4.918;11.453;91.913;1.134;0.0;0.285;0.401;0.487;0.749
2013-07-15 00:00:00;2013;7;15;0;-5.477;11.468;92.982;0.739;0.01;0.284;0.4;0.487;0.749
2013-07-15 01:00:00;2013;7;15;1;-5.085;10.806;93.343;0.524;0.0;0.284;0.4;0.487;0.749
2013-07-15 02:00:00;2013;7;15;2;-4.296;11.141;94.797;0.894;0.0;0.283;0.399;0.486;0.749
2013-07-15 03:00:00;2013;7;15;3;-1.398;12.09;94.497;0.724;0.0;0.283;0.398;0.487;0.749
2013-07-15 04:00:00;2013;7;15;4;34.022;11.913;94.127;0.755;0.0;0.282;0.398;0.487;0.749
2013-07-15 05:00:00;2013;7;15;5;137.639;14.093;91.138;1.645;0.0;0.282;0.398;0.486;0.749
2013-07-15 06:00:00;2013;7;15;6;260.336;16.446;81.747;1.574;0.0;0.282;0.398;0.486;0.749
2013-07-15 07:00:00;2013;7;15;7;455.774;18.38;74.7;1.339;0.0;0.283;0.397;0.486;0.749
2013-07-15 08:00:00;2013;7;15;8;608.659;20.399;67.867;1.307;0.0;0.285;0.397;0.485;0.748
2013-07-15 09:00:00;2013;7;15;9;705.289;22.091;61.781;1.464;0.0;0.286;0.398;0.483;0.747
2013-07-15 10:00:00;2013;7;15;10;636.514;22.964;56.894;1.756;0.0;0.288;0.399;0.482;0.748
2013-07-15 11:00:00;2013;7;15;11;635.121;23.71;51.31;1.741;0.0;0.29;0.401;0.48;0.748
2013-07-15 12:00:00;2013;7;15;12;650.8;24.36;45.196;2.797;0.0;0.291;0.402;0.478;0.747
2013-07-15 13:00:00;2013;7;15;13;792.901;25.154;33.458;4.487;0.0;0.292;0.402;0.476;0.747
2013-07-15 14:00:00;2013;7;15;14;689.593;25.226;35.939;4.11;0.0;0.292;0.404;0.473;0.747
2013-07-15 15:00:00;2013;7;15;15;555.848;24.987;37.762;4.106;0.0;0.292;0.404;0.472;0.747
2013-07-15 16:00:00;2013;7;15;16;404.668;24.88;36.194;3.318;0.0;0.292;0.405;0.471;0.747
2013-07-15 17:00:00;2013;7;15;17;235.019;24.133;42.797;2.968;0.0;0.292;0.405;0.47;0.748
2013-07-15 18:00:00;2013;7;15;18;98.018;22.4;53.166;3.49;0.0;0.29;0.405;0.47;0.747
2013-07-15 19:00:00;2013;7;15;19;12.235;19.857;63.333;3.187;0.0;0.289;0.404;0.471;0.747
2013-07-15 20:00:00;2013;7;15;20;-4.935;18.717;62.596;2.932;0.0;0.288;0.404;0.471;0.747
2013-07-15 21:00:00;2013;7;15;21;-6.12;17.091;66.566;1.962;0.0;0.287;0.403;0.472;0.747
2013-07-15 22:00:00;2013;7;15;22;-5.51;13.88;81.497;1.985;0.0;0.286;0.402;0.472;0.746
2013-07-15 23:00:00;2013;7;15;23;-5.462;13.014;87.3;1.776;0.0;0.285;0.401;0.472;0.747
2013-07-16 00:00:00;2013;7;16;0;-6.07;12.151;89.947;1.031;0.0;0.284;0.4;0.473;0.746
2013-07-16 01:00:00;2013;7;16;1;-5.627;11.654;93.168;1.268;0.01;0.283;0.4;0.473;0.747
2013-07-16 02:00:00;2013;7;16;2;-5.042;11.401;94.543;1.6;0.0;0.282;0.399;0.473;0.747
2013-07-16 03:00:00;2013;7;16;3;0.225;11.0;95.437;1.975;0.0;0.281;0.398;0.473;0.747
2013-07-16 04:00:00;2013;7;16;4;45.901;11.687;95.375;1.878;0.0;0.28;0.397;0.472;0.749
2013-07-16 05:00:00;2013;7;16;5;140.792;13.334;94.507;1.649;0.0;0.281;0.396;0.473;0.748
2013-07-16 06:00:00;2013;7;16;6;298.12;16.241;84.533;1.461;0.0;0.281;0.396;0.472;0.748
2013-07-16 07:00:00;2013;7;16;7;423.239;19.428;67.755;1.151;0.0;0.282;0.396;0.471;0.748
2013-07-16 08:00:00;2013;7;16;8;565.395;21.808;55.047;1.181;0.0;0.283;0.396;0.471;0.747
2013-07-16 09:00:00;2013;7;16;9;666.708;23.307;43.654;1.348;0.0;0.285;0.397;0.469;0.746
2013-07-16 10:00:00;2013;7;16;10;708.011;24.155;38.142;1.775;0.0;0.287;0.398;0.468;0.746
2013-07-16 11:00:00;2013;7;16;11;775.73;24.919;38.439;2.158;0.0;0.288;0.398;0.466;0.747
2013-07-16 12:00:00;2013;7;16;12;785.024;25.598;36.703;2.228;0.0;0.289;0.399;0.464;0.747
2013-07-16 13:00:00;2013;7;16;13;701.676;25.776;37.804;2.912;0.0;0.29;0.401;0.463;0.748
2013-07-16 14:00:00;2013;7;16;14;555.626;25.517;43.026;3.724;0.0;0.29;0.401;0.461;0.747
2013-07-16 15:00:00;2013;7;16;15;376.867;25.059;43.154;4.011;0.0;0.29;0.402;0.461;0.747
2013-07-16 16:00:00;2013;7;16;16;203.721;23.883;44.8;4.22;0.0;0.289;0.402;0.46;0.747
2013-07-16 17:00:00;2013;7;16;17;115.182;22.819;48.367;3.721;0.0;0.288;0.402;0.46;0.747
2013-07-16 18:00:00;2013;7;16;18;58.563;21.547;55.021;2.99;0.0;0.287;0.402;0.46;0.747
2013-07-16 19:00:00;2013;7;16;19;7.404;20.841;62.296;2.978;0.0;0.286;0.401;0.46;0.747
2013-07-16 20:00:00;2013;7;16;20;-5.344;18.19;74.337;2.254;0.0;0.285;0.401;0.46;0.747
2013-07-16 21:00:00;2013;7;16;21;-4.795;16.931;79.649;1.958;0.0;0.284;0.4;0.46;0.746
2013-07-16 22:00:00;2013;7;16;22;-4.905;16.641;81.615;1.828;0.0;0.284;0.399;0.461;0.746
2013-07-16 23:00:00;2013;7;16;23;-5.123;15.996;84.523;1.679;0.0;0.283;0.399;0.461;0.746
2013-07-17 00:00:00;2013;7;17;0;-4.387;15.615;86.787;2.354;0.0;0.282;0.398;0.461;0.747
2013-07-17 01:00:00;2013;7;17;1;-4.613;15.561;86.713;2.689;0.01;0.282;0.398;0.461;0.747
2013-07-17 02:00:00;2013;7;17;2;-4.628;15.091;88.867;2.237;0.0;0.281;0.397;0.461;0.748
2013-07-17 03:00:00;2013;7;17;3;-1.575;14.663;89.5;2.646;0.0;0.281;0.397;0.461;0.748
2013-07-17 04:00:00;2013;7;17;4;36.503;14.443;90.322;2.161;0.0;0.28;0.396;0.461;0.749
2013-07-17 05:00:00;2013;7;17;5;97.107;15.903;89.69;1.798;0.0;0.28;0.396;0.461;0.749
2013-07-17 06:00:00;2013;7;17;6;147.237;17.832;80.595;1.064;0.0;0.28;0.396;0.461;0.749
2013-07-17 07:00:00;2013;7;17;7;292.438;19.336;71.455;1.867;0.0;0.281;0.396;0.46;0.749
2013-07-17 08:00:00;2013;7;17;8;308.751;21.054;66.912;1.609;0.0;0.282;0.396;0.46;0.748
2013-07-17 09:00:00;2013;7;17;9;343.992;22.222;62.43;1.672;0.0;0.283;0.396;0.459;0.747
2013-07-17 10:00:00;2013;7;17;10;448.584;23.168;58.701;1.622;0.0;0.284;0.397;0.459;0.746
2013-07-17 11:00:00;2013;7;17;11;619.819;24.374;53.479;2.009;0.0;0.285;0.397;0.458;0.746
2013-07-17 12:00:00;2013;7;17;12;625.183;25.39;48.044;1.472;0.0;0.286;0.397;0.457;0.746
2013-07-17 13:00:00;2013;7;17;13;522.02;25.871;45.553;2.431;0.0;0.287;0.397;0.456;0.746
2013-07-17 14:00:00;2013;7;17;14;477.598;26.13;43.76;2.719;0.0;0.288;0.399;0.455;0.746
2013-07-17 15:00:00;2013;7;17;15;465.196;26.215;43.289;2.709;0.0;0.288;0.399;0.454;0.747
2013-07-17 16:00:00;2013;7;17;16;499.942;26.3;45.023;3.31;0.0;0.288;0.4;0.453;0.746
2013-07-17 17:00:00;2013;7;17;17;225.917;25.48;48.468;3.054;0.0;0.288;0.4;0.453;0.746
2013-07-17 18:00:00;2013;7;17;18;111.735;24.74;51.581;2.531;0.0;0.287;0.4;0.452;0.746
2013-07-17 19:00:00;2013;7;17;19;20.034;23.336;58.699;1.567;0.0;0.286;0.4;0.453;0.746
2013-07-17 20:00:00;2013;7;17;20;-5.609;20.923;75.207;2.642;0.0;0.285;0.4;0.453;0.746
2013-07-17 21:00:00;2013;7;17;21;-5.617;19.373;84.222;2.606;0.0;0.285;0.399;0.453;0.745
2013-07-17 22:00:00;2013;7;17;22;-4.957;19.157;83.341;2.495;0.0;0.284;0.399;0.453;0.746
2013-07-17 23:00:00;2013;7;17;23;-5.822;18.433;82.624;1.785;0.0;0.283;0.398;0.453;0.746
2013-07-18 00:00:00;2013;7;18;0;-5.447;16.048;91.382;2.855;0.01;0.282;0.397;0.453;0.746
2013-07-18 01:00:00;2013;7;18;1;-5.274;15.48;93.63;2.562;0.0;0.282;0.397;0.453;0.747
2013-07-18 02:00:00;2013;7;18;2;-5.258;14.96;94.487;2.55;0.0;0.281;0.396;0.454;0.748
2013-07-18 03:00:00;2013;7;18;3;-1.254;14.37;94.458;2.265;0.0;0.28;0.396;0.454;0.749
2013-07-18 04:00:00;2013;7;18;4;50.439;15.036;94.9;2.33;0.01;0.28;0.395;0.454;0.75
2013-07-18 05:00:00;2013;7;18;5;170.893;16.846;91.845;2.029;0.0;0.279;0.394;0.453;0.75
2013-07-18 06:00:00;2013;7;18;6;325.114;19.183;77.987;1.694;0.0;0.28;0.394;0.453;0.75
2013-07-18 07:00:00;2013;7;18;7;485.559;21.726;66.526;1.667;0.0;0.28;0.394;0.453;0.749
2013-07-18 08:00:00;2013;7;18;8;631.648;23.916;52.983;2.408;0.0;0.282;0.394;0.452;0.747
2013-07-18 09:00:00;2013;7;18;9;741.884;25.418;44.738;2.87;0.0;0.283;0.395;0.45;0.747
2013-07-18 10:00:00;2013;7;18;10;814.14;26.318;42.032;2.821;0.0;0.284;0.395;0.449;0.747
2013-07-18 11:00:00;2013;7;18;11;839.094;26.942;41.237;3.166;0.0;0.286;0.396;0.447;0.747
2013-07-18 12:00:00;2013;7;18;12;825.166;27.404;41.451;4.005;0.0;0.287;0.396;0.446;0.746
2013-07-18 13:00:00;2013;7;18;13;776.833;27.756;40.87;4.222;0.0;0.288;0.397;0.444;0.745
2013-07-18 14:00:00;2013;7;18;14;684.507;27.786;40.004;4.218;0.0;0.288;0.397;0.442;0.745
2013-07-18 15:00:00;2013;7;18;15;552.832;27.702;38.035;4.003;0.0;0.288;0.397;0.441;0.745
2013-07-18 16:00:00;2013;7;18;16;396.231;27.189;39.404;4.304;0.0;0.288;0.398;0.44;0.745
2013-07-18 17:00:00;2013;7;18;17;243.382;26.339;42.639;4.207;0.0;0.287;0.398;0.44;0.745
2013-07-18 18:00:00;2013;7;18;18;100.417;24.839;50.857;4.579;0.0;0.286;0.398;0.44;0.745
2013-07-18 19:00:00;2013;7;18;19;13.08;23.082;58.121;3.79;0.0;0.285;0.398;0.44;0.746
2013-07-18 20:00:00;2013;7;18;20;-5.295;21.101;66.362;3.74;0.0;0.284;0.397;0.44;0.746
2013-07-18 21:00:00;2013;7;18;21;-5.341;19.703;68.783;3.515;0.0;0.283;0.397;0.44;0.745
2013-07-18 22:00:00;2013;7;18;22;-5.411;18.581;68.01;2.824;0.0;0.282;0.396;0.44;0.745
2013-07-18 23:00:00;2013;7;18;23;-5.638;17.267;69.862;2.186;0.0;0.281;0.395;0.44;0.746
2013-07-19 00:00:00;2013;7;19;0;-5.825;14.913;78.816;2.311;0.0;0.28;0.394;0.44;0.746
2013-07-19 01:00:00;2013;7;19;1;-5.553;14.023;81.719;2.029;0.0;0.279;0.393;0.44;0.747
2013-07-19 02:00:00;2013;7;19;2;-5.245;12.171;89.97;2.382;0.01;0.278;0.392;0.44;0.749
2013-07-19 03:00:00;2013;7;19;3;-1.924;12.146;91.148;2.248;0.0;0.277;0.391;0.44;0.75
2013-07-19 04:00:00;2013;7;19;4;49.992;12.847;92.803;1.861;0.0;0.276;0.39;0.439;0.751
2013-07-19 05:00:00;2013;7;19;5;173.666;15.655;87.872;1.746;0.0;0.276;0.39;0.439;0.75
2013-07-19 06:00:00;2013;7;19;6;324.816;18.501;75.597;2.76;0.0;0.276;0.389;0.439;0.751
2013-07-19 07:00:00;2013;7;19;7;483.182;20.511;66.162;3.595;0.0;0.277;0.389;0.439;0.75
2013-07-19 08:00:00;2013;7;19;8;630.601;22.393;60.657;3.652;0.0;0.278;0.389;0.438;0.746
2013-07-19 09:00:00;2013;7;19;9;801.513;24.139;52.59;5.31;0.0;0.28;0.39;0.437;0.745
2013-07-19 10:00:00;2013;7;19;10;730.949;24.679;49.116;4.765;0.0;0.281;0.39;0.435;0.745
2013-07-19 11:00:00;2013;7;19;11;472.563;24.706;49.878;4.415;0.0;0.282;0.39;0.434;0.745
2013-07-19 12:00:00;2013;7;19;12;457.339;24.456;51.949;5.174;0.0;0.282;0.39;0.433;0.745
2013-07-19 13:00:00;2013;7;19;13;639.557;25.39;48.681;5.27;0.0;0.282;0.391;0.432;0.746
2013-07-19 14:00:00;2013;7;19;14;614.233;25.374;46.164;5.404;0.0;0.283;0.391;0.431;0.746
2013-07-19 15:00:00;2013;7;19;15;572.437;25.282;44.78;6.295;0.0;0.283;0.391;0.43;0.746
2013-07-19 16:00:00;2013;7;19;16;413.414;24.551;46.948;7.13;0.0;0.283;0.391;0.429;0.746
2013-07-19 17:00:00;2013;7;19;17;282.419;23.864;49.704;7.205;0.0;0.282;0.391;0.429;0.746
2013-07-19 18:00:00;2013;7;19;18;78.285;22.419;52.948;5.195;0.0;0.281;0.391;0.429;0.745
2013-07-19 19:00:00;2013;7;19;19;11.438;20.924;56.597;4.776;0.0;0.28;0.391;0.429;0.746
2013-07-19 20:00:00;2013;7;19;20;-4.984;19.358;62.183;4.029;0.0;0.279;0.391;0.429;0.744
2013-07-19 21:00:00;2013;7;19;21;-5.321;18.148;67.996;3.219;0.0;0.278;0.39;0.429;0.744
2013-07-19 22:00:00;2013;7;19;22;-5.189;16.949;73.401;3.053;0.0;0.277;0.389;0.428;0.745
2013-07-19 23:00:00;2013;7;19;23;-4.966;16.251;79.003;3.434;0.0;0.276;0.388;0.428;0.744
2013-07-20 00:00:00;2013;7;20;0;-5.087;15.537;84.368;2.261;0.01;0.276;0.387;0.428;0.744
2013-07-20 01:00:00;2013;7;20;1;-3.677;16.373;83.412;2.822;0.0;0.275;0.387;0.428;0.744
2013-07-20 02:00:00;2013;7;20;2;-4.957;16.286;85.445;2.159;0.0;0.275;0.386;0.428;0.743
2013-07-20 03:00:00;2013;7;20;3;-2.158;16.723;85.317;2.278;0.0;0.275;0.385;0.428;0.743
2013-07-20 04:00:00;2013;7;20;4;9.069;17.19;81.953;1.993;0.0;0.275;0.385;0.428;0.744
2013-07-20 05:00:00;2013;7;20;5;17.057;16.967;81.713;2.237;0.0;0.274;0.385;0.427;0.744
2013-07-20 06:00:00;2013;7;20;6;30.622;16.697;82.156;2.318;0.0;0.274;0.384;0.427;0.743
2013-07-20 07:00:00;2013;7;20;7;121.608;16.588;83.275;3.319;0.0;0.275;0.384;0.427;0.743
2013-07-20 08:00:00;2013;7;20;8;219.961;17.307;77.656;3.142;0.0;0.275;0.384;0.427;0.743
2013-07-20 09:00:00;2013;7;20;9;187.327;17.84;74.641;3.019;0.0;0.276;0.384;0.427;0.743
2013-07-20 10:00:00;2013;7;20;10;215.687;18.393;71.807;2.398;0.0;0.276;0.384;0.426;0.742
2013-07-20 11:00:00;2013;7;20;11;313.783;19.112;68.291;2.283;0.0;0.276;0.384;0.426;0.742
2013-07-20 12:00:00;2013;7;20;12;316.858;19.807;64.931;2.557;0.0;0.277;0.384;0.426;0.742
2013-07-20 13:00:00;2013;7;20;13;497.917;20.688;61.416;3.366;0.0;0.278;0.385;0.426;0.742
2013-07-20 14:00:00;2013;7;20;14;522.443;20.996;60.044;3.266;0.0;0.278;0.385;0.425;0.742
2013-07-20 15:00:00;2013;7;20;15;446.149;21.299;58.208;2.99;0.0;0.279;0.386;0.424;0.742
2013-07-20 16:00:00;2013;7;20;16;398.127;21.911;55.367;2.866;0.0;0.279;0.386;0.424;0.743
2013-07-20 17:00:00;2013;7;20;17;242.84;21.802;55.597;2.88;0.0;0.279;0.387;0.424;0.743
2013-07-20 18:00:00;2013;7;20;18;101.143;21.192;58.465;2.711;0.0;0.278;0.387;0.424;0.743
2013-07-20 19:00:00;2013;7;20;19;9.265;19.697;64.478;1.247;0.0;0.278;0.387;0.424;0.742
2013-07-20 20:00:00;2013;7;20;20;-6.75;16.55;77.795;1.162;0.0;0.276;0.386;0.423;0.742
2013-07-20 21:00:00;2013;7;20;21;-6.309;14.233;88.705;1.186;0.0;0.275;0.386;0.423;0.742
2013-07-20 22:00:00;2013;7;20;22;-6.084;13.295;91.917;1.29;0.0;0.274;0.385;0.423;0.742
2013-07-20 23:00:00;2013;7;20;23;-5.349;12.86;93.182;1.744;0.0;0.274;0.384;0.423;0.742
2013-07-21 00:00:00;2013;7;21;0;-5.094;14.862;91.472;1.283;0.0;0.273;0.383;0.423;0.743
2013-07-21 01:00:00;2013;7;21;1;-5.331;15.673;88.818;1.626;0.0;0.272;0.382;0.423;0.743
2013-07-21 02:00:00;2013;7;21;2;-5.395;15.603;87.32;2.068;0.0;0.272;0.382;0.423;0.743
2013-07-21 03:00:00;2013;7;21;3;-3.305;14.465;90.007;1.497;0.0;0.272;0.381;0.423;0.744
2013-07-21 04:00:00;2013;7;21;4;47.629;14.646;90.75;1.323;0.0;0.271;0.381;0.423;0.744
2013-07-21 05:00:00;2013;7;21;5;172.474;16.999;84.673;0.923;0.0;0.271;0.38;0.423;0.744
2013-07-21 06:00:00;2013;7;21;6;325.677;20.408;69.027;2.301;0.0;0.272;0.38;0.422;0.744
2013-07-21 07:00:00;2013;7;21;7;487.421;22.522;58.944;3.162;0.0;0.272;0.38;0.422;0.743
2013-07-21 08:00:00;2013;7;21;8;619.114;24.133;52.531;3.858;0.0;0.274;0.38;0.421;0.742
2013-07-21 09:00:00;2013;7;21;9;735.138;25.59;47.797;4.02;0.0;0.275;0.381;0.421;0.741
2013-07-21 10:00:00;2013;7;21;10;816.048;27.076;41.467;3.645;0.0;0.277;0.382;0.42;0.741
2013-07-21 11:00:00;2013;7;21;11;846.302;28.101;37.78;3.912;0.0;0.278;0.382;0.419;0.742
2013-07-21 12:00:00;2013;7;21;12;830.135;28.741;36.515;3.564;0.0;0.279;0.383;0.417;0.743
2013-07-21 13:00:00;2013;7;21;13;762.377;29.228;35.312;3.104;0.0;0.28;0.384;0.416;0.744
2013-07-21 14:00:00;2013;7;21;14;662.465;29.599;35.116;2.548;0.0;0.281;0.385;0.415;0.745
2013-07-21 15:00:00;2013;7;21;15;523.563;29.801;33.395;2.604;0.0;0.282;0.386;0.414;0.745
2013-07-21 16:00:00;2013;7;21;16;382.967;29.696;33.66;2.41;0.0;0.282;0.388;0.414;0.745
2013-07-21 17:00:00;2013;7;21;17;233.646;29.359;35.594;2.032;0.0;0.281;0.389;0.414;0.745
2013-07-21 18:00:00;2013;7;21;18;85.289;27.817;42.273;1.926;0.0;0.28;0.39;0.414;0.744
2013-07-21 19:00:00;2013;7;21;19;0.598;25.111;47.798;1.831;0.0;0.28;0.39;0.414;0.744
2013-07-21 20:00:00;2013;7;21;20;-6.923;23.372;52.239;1.505;0.0;0.279;0.39;0.415;0.743
2013-07-21 21:00:00;2013;7;21;21;-6.952;19.686;73.202;1.035;0.0;0.278;0.388;0.415;0.742
2013-07-21 22:00:00;2013;7;21;22;-5.823;17.59;81.664;1.667;0.0;0.277;0.387;0.415;0.742
2013-07-21 23:00:00;2013;7;21;23;-6.229;16.697;85.117;1.163;0.0;0.276;0.386;0.415;0.742
2013-07-22 00:00:00;2013;7;22;0;-5.237;16.048;87.422;1.799;0.0;0.275;0.384;0.415;0.742
2013-07-22 01:00:00;2013;7;22;1;-5.697;15.545;87.142;1.794;0.0;0.274;0.383;0.415;0.742
2013-07-22 02:00:00;2013;7;22;2;-5.584;14.945;90.335;1.309;0.0;0.273;0.383;0.415;0.742
2013-07-22 03:00:00;2013;7;22;3;-2.045;14.562;90.897;1.378;0.01;0.272;0.382;0.414;0.743
2013-07-22 04:00:00;2013;7;22;4;43.854;14.882;91.74;0.945;0.0;0.272;0.381;0.414;0.743
2013-07-22 05:00:00;2013;7;22;5;164.387;17.727;84.875;0.755;0.0;0.272;0.38;0.414;0.744
2013-07-22 06:00:00;2013;7;22;6;312.471;21.527;69.573;0.742;0.0;0.272;0.38;0.414;0.744
2013-07-22 07:00:00;2013;7;22;7;454.199;24.35;58.549;1.35;0.0;0.274;0.38;0.414;0.743
2013-07-22 08:00:00;2013;7;22;8;602.788;26.995;49.946;1.302;0.0;0.275;0.38;0.414;0.742
2013-07-22 09:00:00;2013;7;22;9;707.477;28.645;44.928;1.811;0.0;0.277;0.381;0.413;0.743
2013-07-22 10:00:00;2013;7;22;10;787.86;30.352;37.21;2.86;0.0;0.278;0.382;0.412;0.743
2013-07-22 11:00:00;2013;7;22;11;793.877;31.081;35.3;2.697;0.0;0.28;0.384;0.411;0.744
2013-07-22 12:00:00;2013;7;22;12;801.538;31.677;34.9;2.088;0.0;0.281;0.385;0.409;0.745
2013-07-22 13:00:00;2013;7;22;13;743.127;32.098;34.368;2.123;0.0;0.283;0.385;0.408;0.744
2013-07-22 14:00:00;2013;7;22;14;612.527;32.547;32.076;1.787;0.0;0.284;0.387;0.407;0.744
2013-07-22 15:00:00;2013;7;22;15;514.663;32.292;31.92;2.573;0.0;0.284;0.389;0.406;0.744
2013-07-22 16:00:00;2013;7;22;16;365.263;30.677;40.262;5.986;0.0;0.284;0.39;0.406;0.744
2013-07-22 17:00:00;2013;7;22;17;174.082;28.944;44.389;5.184;0.0;0.282;0.391;0.406;0.744
2013-07-22 18:00:00;2013;7;22;18;97.64;27.812;44.802;3.974;0.0;0.281;0.392;0.407;0.744
2013-07-22 19:00:00;2013;7;22;19;6.583;25.141;54.25;3.044;0.0;0.28;0.392;0.407;0.744
2013-07-22 20:00:00;2013;7;22;20;-5.845;22.649;64.582;2.504;0.0;0.279;0.391;0.407;0.744
2013-07-22 21:00:00;2013;7;22;21;-5.459;21.361;69.722;2.458;0.0;0.278;0.391;0.408;0.743
2013-07-22 22:00:00;2013;7;22;22;-5.316;20.528;74.553;2.488;0.0;0.277;0.389;0.408;0.743
2013-07-22 23:00:00;2013;7;22;23;-5.347;19.979;78.308;2.416;0.0;0.276;0.388;0.408;0.742
2013-07-23 00:00:00;2013;7;23;0;-5.529;18.959;83.992;2.692;0.01;0.276;0.387;0.408;0.742
2013-07-23 01:00:00;2013;7;23;1;-5.502;18.199;87.98;2.334;0.0;0.275;0.385;0.408;0.742
2013-07-23 02:00:00;2013;7;23;2;-5.355;17.702;89.16;2.5;0.0;0.274;0.384;0.408;0.742
2013-07-23 03:00:00;2013;7;23;3;-3.772;17.374;90.667;1.775;0.0;0.274;0.383;0.408;0.742
2013-07-23 04:00:00;2013;7;23;4;29.748;16.966;92.782;1.511;0.0;0.273;0.382;0.408;0.743
2013-07-23 05:00:00;2013;7;23;5;143.499;18.715;88.23;1.66;0.0;0.273;0.382;0.408;0.743
2013-07-23 06:00:00;2013;7;23;6;283.357;21.324;75.841;1.747;0.0;0.273;0.381;0.408;0.743
2013-07-23 07:00:00;2013;7;23;7;370.188;23.453;65.725;1.759;0.0;0.274;0.381;0.407;0.743
2013-07-23 08:00:00;2013;7;23;8;548.135;25.665;59.516;1.874;0.0;0.275;0.382;0.407;0.742
2013-07-23 09:00:00;2013;7;23;9;582.119;27.553;54.37;2.398;0.0;0.276;0.383;0.406;0.743
2013-07-23 10:00:00;2013;7;23;10;765.697;29.141;47.209;2.382;0.0;0.277;0.384;0.406;0.743
2013-07-23 11:00:00;2013;7;23;11;797.362;30.559;43.051;1.911;0.0;0.279;0.385;0.405;0.744
2013-07-23 12:00:00;2013;7;23;12;797.913;31.602;39.017;1.927;0.0;0.279;0.383;0.402;0.744
2013-07-23 13:00:00;2013;7;23;13;748.347;32.072;35.391;2.383;0.0;0.28;0.382;0.399;0.743
2013-07-23 14:00:00;2013;7;23;14;354.513;31.809;34.512;0.99;0.0;0.281;0.384;0.398;0.743
2013-07-23 15:00:00;2013;7;23;15;347.612;32.04;34.81;1.379;0.0;0.281;0.385;0.398;0.742
2013-07-23 16:00:00;2013;7;23;16;257.917;28.821;47.558;3.924;0.29;0.281;0.387;0.399;0.743
2013-07-23 17:00:00;2013;7;23;17;267.266;26.83;58.503;3.09;0.01;0.28;0.388;0.399;0.743
2013-07-23 18:00:00;2013;7;23;18;55.224;24.797;63.33;4.186;0.0;0.279;0.388;0.4;0.743
2013-07-23 19:00:00;2013;7;23;19;4.389;21.223;80.022;3.534;0.0;0.278;0.389;0.4;0.743
2013-07-23 20:00:00;2013;7;23;20;-5.854;19.866;85.952;1.471;0.0;0.277;0.388;0.401;0.743
2013-07-23 21:00:00;2013;7;23;21;-5.708;18.581;88.152;1.67;0.0;0.276;0.387;0.401;0.742
2013-07-23 22:00:00;2013;7;23;22;-5.52;17.63;90.442;1.525;0.0;0.275;0.386;0.401;0.742
2013-07-23 23:00:00;2013;7;23;23;-5.122;17.554;91.587;2.084;0.0;0.274;0.385;0.401;0.742
2013-07-24 00:00:00;2013;7;24;0;-4.906;18.287;91.513;1.982;0.01;0.273;0.383;0.401;0.742
2013-07-24 01:00:00;2013;7;24;1;-5.431;18.225;92.357;1.303;0.0;0.272;0.382;0.401;0.743
2013-07-24 02:00:00;2013;7;24;2;-5.0;18.145;93.133;1.256;0.0;0.272;0.381;0.401;0.744
2013-07-24 03:00:00;2013;7;24;3;-3.656;18.898;88.322;1.946;0.0;0.272;0.381;0.401;0.744
2013-07-24 04:00:00;2013;7;24;4;16.949;18.759;87.122;0.849;0.0;0.271;0.38;0.401;0.744
2013-07-24 05:00:00;2013;7;24;5;72.415;19.049;87.38;0.973;0.0;0.271;0.379;0.401;0.744
2013-07-24 06:00:00;2013;7;24;6;153.238;20.088;79.06;2.715;0.0;0.271;0.379;0.401;0.745
2013-07-24 07:00:00;2013;7;24;7;241.018;21.187;74.253;2.734;0.0;0.271;0.379;0.4;0.745
2013-07-24 08:00:00;2013;7;24;8;203.52;22.141;69.055;2.977;0.0;0.272;0.379;0.4;0.744
2013-07-24 09:00:00;2013;7;24;9;192.661;21.993;70.227;3.975;0.0;0.272;0.38;0.4;0.744
2013-07-24 10:00:00;2013;7;24;10;299.075;22.121;76.017;3.532;0.0;0.272;0.38;0.4;0.744
2013-07-24 11:00:00;2013;7;24;11;430.221;23.633;71.579;4.131;0.0;0.273;0.38;0.4;0.744
2013-07-24 12:00:00;2013;7;24;12;778.441;25.017;65.772;4.17;0.0;0.274;0.381;0.399;0.743
2013-07-24 13:00:00;2013;7;24;13;340.327;24.766;60.315;5.014;0.0;0.275;0.381;0.398;0.743
2013-07-24 14:00:00;2013;7;24;14;182.594;22.98;62.237;4.275;0.06;0.275;0.382;0.398;0.743
2013-07-24 15:00:00;2013;7;24;15;410.885;22.398;71.321;2.391;0.03;0.275;0.383;0.398;0.743
2013-07-24 16:00:00;2013;7;24;16;382.007;24.844;48.565;4.469;0.0;0.275;0.383;0.398;0.743
2013-07-24 17:00:00;2013;7;24;17;190.748;24.43;51.94;3.374;0.0;0.275;0.383;0.398;0.743
2013-07-24 18:00:00;2013;7;24;18;97.161;23.643;57.9;2.165;0.0;0.274;0.383;0.398;0.742
2013-07-24 19:00:00;2013;7;24;19;6.826;21.572;64.2;2.494;0.0;0.274;0.383;0.398;0.742
2013-07-24 20:00:00;2013;7;24;20;-6.919;18.579;76.257;1.148;0.0;0.272;0.382;0.398;0.743
2013-07-24 21:00:00;2013;7;24;21;-7.477;16.644;86.558;0.551;0.0;0.271;0.381;0.398;0.743
2013-07-24 22:00:00;2013;7;24;22;-6.357;14.876;91.485;1.214;0.01;0.271;0.38;0.398;0.744
2013-07-24 23:00:00;2013;7;24;23;-5.991;13.884;92.918;0.933;0.0;0.27;0.379;0.398;0.744
2013-07-25 00:00:00;2013;7;25;0;-5.771;13.311;94.26;0.461;0.0;0.269;0.377;0.398;0.745
2013-07-25 01:00:00;2013;7;25;1;-5.91;13.191;94.5;1.132;0.0;0.268;0.377;0.398;0.747
2013-07-25 02:00:00;2013;7;25;2;-5.372;13.745;95.45;1.891;0.0;0.267;0.375;0.398;0.748
2013-07-25 03:00:00;2013;7;25;3;-4.078;13.558;94.692;0.706;0.01;0.267;0.375;0.397;0.748
2013-07-25 04:00:00;2013;7;25;4;28.538;13.639;95.548;0.663;0.0;0.266;0.373;0.397;0.748
2013-07-25 05:00:00;2013;7;25;5;108.201;16.226;96.708;0.704;0.0;0.266;0.372;0.397;0.749
2013-07-25 06:00:00;2013;7;25;6;266.354;18.78;90.703;1.317;0.0;0.266;0.372;0.397;0.749
2013-07-25 07:00:00;2013;7;25;7;455.187;22.068;69.816;2.551;0.0;0.268;0.372;0.396;0.747
2013-07-25 08:00:00;2013;7;25;8;523.87;24.114;61.668;3.906;0.0;0.269;0.373;0.396;0.744
2013-07-25 09:00:00;2013;7;25;9;470.904;24.822;62.8;3.518;0.0;0.27;0.375;0.396;0.744
2013-07-25 10:00:00;2013;7;25;10;407.216;24.92;62.772;3.861;0.0;0.271;0.376;0.395;0.743
2013-07-25 11:00:00;2013;7;25;11;821.731;26.46;57.128;4.214;0.0;0.272;0.377;0.395;0.742
2013-07-25 12:00:00;2013;7;25;12;701.166;27.289;53.639;4.225;0.0;0.274;0.378;0.394;0.742
2013-07-25 13:00:00;2013;7;25;13;687.13;27.752;50.922;4.03;0.0;0.275;0.378;0.393;0.742
2013-07-25 14:00:00;2013;7;25;14;581.999;28.136;44.951;4.089;0.0;0.275;0.379;0.392;0.742
2013-07-25 15:00:00;2013;7;25;15;360.739;27.765;47.798;3.469;0.0;0.276;0.38;0.392;0.741
2013-07-25 16:00:00;2013;7;25;16;336.609;27.994;48.752;3.625;0.0;0.275;0.381;0.392;0.741
2013-07-25 17:00:00;2013;7;25;17;223.774;26.999;54.083;4.671;0.0;0.275;0.381;0.392;0.741
2013-07-25 18:00:00;2013;7;25;18;64.423;24.543;62.879;4.842;0.0;0.274;0.382;0.392;0.74
2013-07-25 19:00:00;2013;7;25;19;4.061;22.55;64.997;3.338;0.0;0.274;0.382;0.392;0.74
2013-07-25 20:00:00;2013;7;25;20;-6.204;20.274;75.63;1.358;0.0;0.273;0.383;0.393;0.74
2013-07-25 21:00:00;2013;7;25;21;-5.486;19.053;83.032;0.953;0.0;0.272;0.382;0.393;0.74
2013-07-25 22:00:00;2013;7;25;22;-6.447;18.348;86.192;0.959;0.0;0.271;0.381;0.393;0.74
2013-07-25 23:00:00;2013;7;25;23;-6.053;17.146;90.645;1.018;0.0;0.27;0.38;0.394;0.741
2013-07-26 00:00:00;2013;7;26;0;-5.451;16.05;92.222;1.14;0.0;0.269;0.379;0.393;0.741
2013-07-26 01:00:00;2013;7;26;1;-5.412;15.929;93.5;1.237;0.0;0.269;0.378;0.394;0.741
2013-07-26 02:00:00;2013;7;26;2;-5.405;15.878;93.877;0.908;0.0;0.268;0.377;0.394;0.742
2013-07-26 03:00:00;2013;7;26;3;-3.701;15.952;94.018;1.07;0.0;0.267;0.376;0.393;0.743
2013-07-26 04:00:00;2013;7;26;4;34.203;16.175;94.755;1.508;0.01;0.267;0.375;0.393;0.744
2013-07-26 05:00:00;2013;7;26;5;83.595;18.178;92.96;1.021;0.0;0.267;0.374;0.393;0.744
2013-07-26 06:00:00;2013;7;26;6;146.049;20.804;85.536;1.605;0.0;0.267;0.374;0.393;0.744
2013-07-26 07:00:00;2013;7;26;7;221.754;22.641;78.122;3.496;0.0;0.268;0.374;0.393;0.742
2013-07-26 08:00:00;2013;7;26;8;168.121;23.476;77.385;3.747;0.0;0.269;0.375;0.392;0.742
2013-07-26 09:00:00;2013;7;26;9;98.656;22.796;81.593;4.448;5.51;0.27;0.376;0.395;0.742
2013-07-26 10:00:00;2013;7;26;10;246.483;22.075;88.385;4.625;1.818;0.273;0.381;0.406;0.751
2013-07-26 11:00:00;2013;7;26;11;423.059;23.592;80.35;3.749;0.0;0.273;0.382;0.403;0.751
2013-07-26 12:00:00;2013;7;26;12;376.026;24.449;74.153;2.392;0.0;0.274;0.381;0.4;0.749
2013-07-26 13:00:00;2013;7;26;13;596.949;25.282;69.161;3.151;0.0;0.275;0.381;0.399;0.748
2013-07-26 14:00:00;2013;7;26;14;586.361;25.672;67.582;4.496;0.0;0.276;0.381;0.397;0.748
2013-07-26 15:00:00;2013;7;26;15;503.892;26.106;61.101;4.208;0.0;0.277;0.382;0.396;0.748
2013-07-26 16:00:00;2013;7;26;16;311.069;26.409;58.96;3.272;0.0;0.278;0.383;0.396;0.748
2013-07-26 17:00:00;2013;7;26;17;153.652;25.71;64.796;2.72;0.0;0.277;0.383;0.395;0.747
2013-07-26 18:00:00;2013;7;26;18;21.069;23.801;72.161;2.102;0.0;0.277;0.383;0.395;0.747
2013-07-26 19:00:00;2013;7;26;19;1.225;22.432;78.093;1.723;0.0;0.276;0.383;0.395;0.748
2013-07-26 20:00:00;2013;7;26;20;-5.659;21.801;80.017;1.533;0.003;0.275;0.382;0.396;0.747
2013-07-26 21:00:00;2013;7;26;21;-6.615;20.034;88.387;0.678;0.005;0.274;0.382;0.396;0.748
2013-07-26 22:00:00;2013;7;26;22;-6.273;19.005;91.655;0.712;0.005;0.273;0.381;0.396;0.748
2013-07-26 23:00:00;2013;7;26;23;-6.205;18.639;93.39;1.001;0.001;0.272;0.38;0.396;0.749
2013-07-27 00:00:00;2013;7;27;0;-6.248;17.876;93.787;0.56;0.002;0.272;0.379;0.396;0.75
2013-07-27 01:00:00;2013;7;27;1;-5.623;17.723;94.46;0.532;0.003;0.271;0.378;0.396;0.75
2013-07-27 02:00:00;2013;7;27;2;-6.084;17.639;94.562;0.523;0.0;0.271;0.377;0.396;0.751
2013-07-27 03:00:00;2013;7;27;3;-3.629;16.704;94.435;1.031;0.002;0.27;0.376;0.396;0.752
2013-07-27 04:00:00;2013;7;27;4;32.003;16.875;95.42;0.626;0.002;0.27;0.375;0.397;0.753
2013-07-27 05:00:00;2013;7;27;5;133.663;18.759;95.61;0.887;0.0;0.269;0.374;0.398;0.753
2013-07-27 06:00:00;2013;7;27;6;187.516;20.956;91.478;0.831;0.0;0.27;0.374;0.398;0.753
2013-07-27 07:00:00;2013;7;27;7;338.347;24.451;71.65;2.203;0.0;0.271;0.374;0.397;0.752
2013-07-27 08:00:00;2013;7;27;8;322.151;25.972;60.961;3.373;0.0;0.272;0.375;0.399;0.75
2013-07-27 09:00:00;2013;7;27;9;48.284;22.834;73.642;5.059;8.382;0.274;0.378;0.404;0.751
2013-07-27 10:00:00;2013;7;27;10;57.64;18.444;93.183;3.219;3.617;0.277;0.383;0.419;0.754
2013-07-27 11:00:00;2013;7;27;11;286.716;19.329;91.447;1.979;0.31;0.278;0.383;0.426;0.753
2013-07-27 12:00:00;2013;7;27;12;738.163;22.032;80.455;1.598;0.0;0.279;0.383;0.423;0.752
2013-07-27 13:00:00;2013;7;27;13;331.229;22.998;76.235;2.78;0.0;0.281;0.383;0.42;0.754
2013-07-27 14:00:00;2013;7;27;14;415.18;23.415;74.161;3.277;0.0;0.282;0.383;0.418;0.754
2013-07-27 15:00:00;2013;7;27;15;412.182;23.698;72.439;3.103;0.0;0.282;0.383;0.416;0.754
2013-07-27 16:00:00;2013;7;27;16;331.515;24.065;69.75;2.773;0.0;0.281;0.384;0.415;0.755
2013-07-27 17:00:00;2013;7;27;17;165.096;23.305;70.765;2.573;0.0;0.281;0.384;0.414;0.755
2013-07-27 18:00:00;2013;7;27;18;91.585;23.57;70.98;1.053;0.0;0.281;0.384;0.414;0.755
2013-07-27 19:00:00;2013;7;27;19;1.496;21.726;80.386;1.24;0.0;0.28;0.383;0.414;0.755
2013-07-27 20:00:00;2013;7;27;20;-4.966;20.567;85.035;1.743;0.0;0.279;0.383;0.414;0.757
2013-07-27 21:00:00;2013;7;27;21;-4.664;20.286;85.727;2.175;0.0;0.278;0.382;0.414;0.757
2013-07-27 22:00:00;2013;7;27;22;-4.593;20.582;84.982;3.251;4.94;0.277;0.382;0.415;0.758
2013-07-27 23:00:00;2013;7;27;23;-1.762;19.139;92.997;6.98;15.708;0.282;0.391;0.563;0.756
2013-07-28 00:00:00;2013;7;28;0;-2.301;18.758;92.41;3.135;0.86;0.282;0.392;0.67;0.758
2013-07-28 01:00:00;2013;7;28;1;-2.883;18.345;93.648;2.954;0.01;0.281;0.39;0.664;0.758
2013-07-28 02:00:00;2013;7;28;2;-2.925;18.401;94.025;3.422;0.0;0.28;0.388;0.645;0.761
2013-07-28 03:00:00;2013;7;28;3;-2.346;18.577;93.163;3.934;0.0;0.28;0.388;0.637;0.754
2013-07-28 04:00:00;2013;7;28;4;15.739;18.594;91.902;4.782;0.0;0.279;0.387;0.63;0.753
2013-07-28 05:00:00;2013;7;28;5;25.61;18.767;86.652;5.504;0.0;0.279;0.386;0.626;0.753
2013-07-28 06:00:00;2013;7;28;6;180.975;19.08;84.629;5.742;0.0;0.278;0.386;0.623;0.753
2013-07-28 07:00:00;2013;7;28;7;201.309;18.97;79.083;6.536;0.0;0.277;0.384;0.621;0.753
2013-07-28 08:00:00;2013;7;28;8;224.607;18.551;75.885;5.447;0.0;0.277;0.384;0.619;0.752
2013-07-28 09:00:00;2013;7;28;9;379.13;19.185;75.291;5.636;0.0;0.277;0.383;0.617;0.752
2013-07-28 10:00:00;2013;7;28;10;344.732;19.694;72.048;5.054;0.0;0.277;0.383;0.616;0.752
2013-07-28 11:00:00;2013;7;28;11;737.086;21.062;68.447;5.29;0.0;0.278;0.382;0.614;0.752
2013-07-28 12:00:00;2013;7;28;12;592.163;22.078;58.323;5.524;0.0;0.279;0.382;0.612;0.751
2013-07-28 13:00:00;2013;7;28;13;418.809;22.202;57.584;4.746;0.0;0.28;0.382;0.611;0.751
2013-07-28 14:00:00;2013;7;28;14;349.334;22.192;58.45;4.126;0.0;0.28;0.382;0.609;0.751
2013-07-28 15:00:00;2013;7;28;15;417.604;22.639;57.281;4.494;0.0;0.28;0.382;0.608;0.752
2013-07-28 16:00:00;2013;7;28;16;309.622;22.726;55.457;3.667;0.0;0.28;0.382;0.607;0.752
2013-07-28 17:00:00;2013;7;28;17;195.638;22.793;56.318;2.418;0.0;0.279;0.383;0.606;0.752
2013-07-28 18:00:00;2013;7;28;18;76.108;21.974;61.942;2.049;0.0;0.279;0.383;0.605;0.752
2013-07-28 19:00:00;2013;7;28;19;2.684;19.365;73.372;1.66;0.0;0.278;0.383;0.605;0.752
2013-07-28 20:00:00;2013;7;28;20;-5.717;17.169;83.545;2.12;0.0;0.277;0.382;0.605;0.753
2013-07-28 21:00:00;2013;7;28;21;-5.735;16.77;85.283;2.023;0.0;0.276;0.382;0.604;0.753
2013-07-28 22:00:00;2013;7;28;22;-6.422;15.594;91.567;1.642;0.0;0.275;0.381;0.604;0.754
2013-07-28 23:00:00;2013;7;28;23;-6.042;14.681;93.292;1.509;0.0;0.274;0.381;0.604;0.755
2013-07-29 00:00:00;2013;7;29;0;-5.754;14.465;93.67;1.743;0.01;0.273;0.38;0.604;0.756
2013-07-29 01:00:00;2013;7;29;1;-4.947;14.873;91.09;2.93;0.0;0.272;0.379;0.603;0.757
2013-07-29 02:00:00;2013;7;29;2;-4.737;15.596;89.697;3.062;0.0;0.271;0.378;0.602;0.758
2013-07-29 03:00:00;2013;7;29;3;-3.862;16.106;89.197;3.61;0.0;0.271;0.378;0.601;0.758
2013-07-29 04:00:00;2013;7;29;4;22.687;16.34;90.725;3.481;0.0;0.271;0.377;0.601;0.759
2013-07-29 05:00:00;2013;7;29;5;104.975;17.789;89.505;3.668;0.0;0.271;0.377;0.6;0.759
2013-07-29 06:00:00;2013;7;29;6;192.402;18.914;86.223;4.494;0.0;0.271;0.376;0.6;0.76
2013-07-29 07:00:00;2013;7;29;7;318.283;20.118;78.648;5.226;0.0;0.272;0.376;0.599;0.759
2013-07-29 08:00:00;2013;7;29;8;527.134;20.935;72.945;4.999;0.0;0.272;0.376;0.598;0.758
2013-07-29 09:00:00;2013;7;29;9;628.716;22.103;66.612;5.207;0.0;0.273;0.376;0.595;0.755
2013-07-29 10:00:00;2013;7;29;10;672.31;22.48;63.071;5.8;0.0;0.275;0.376;0.592;0.755
2013-07-29 11:00:00;2013;7;29;11;781.482;23.035;58.761;5.905;0.0;0.276;0.376;0.588;0.754
2013-07-29 12:00:00;2013;7;29;12;635.493;23.119;57.335;6.003;0.0;0.277;0.378;0.585;0.753
2013-07-29 13:00:00;2013;7;29;13;622.532;23.333;54.702;6.298;0.0;0.277;0.378;0.581;0.753
2013-07-29 14:00:00;2013;7;29;14;561.955;23.529;54.399;6.065;0.0;0.277;0.379;0.578;0.753
2013-07-29 15:00:00;2013;7;29;15;509.316;22.906;57.551;6.596;0.0;0.277;0.379;0.575;0.753
2013-07-29 16:00:00;2013;7;29;16;404.24;22.878;56.782;5.742;0.0;0.277;0.379;0.572;0.753
2013-07-29 17:00:00;2013;7;29;17;162.946;22.2;59.99;4.996;0.0;0.276;0.379;0.57;0.753
2013-07-29 18:00:00;2013;7;29;18;83.181;21.426;63.164;4.337;0.0;0.276;0.378;0.569;0.753
2013-07-29 19:00:00;2013;7;29;19;3.17;19.596;70.408;2.468;0.0;0.275;0.378;0.57;0.754
2013-07-29 20:00:00;2013;7;29;20;-6.061;17.119;82.792;1.989;0.0;0.274;0.378;0.569;0.754
2013-07-29 21:00:00;2013;7;29;21;-4.926;17.167;84.257;2.563;0.0;0.273;0.377;0.568;0.755
2013-07-29 22:00:00;2013;7;29;22;-4.447;17.423;86.223;2.193;0.0;0.272;0.376;0.568;0.754
2013-07-29 23:00:00;2013;7;29;23;-4.441;18.105;81.013;3.425;0.0;0.272;0.376;0.567;0.754
2013-07-30 00:00:00;2013;7;30;0;-4.801;17.588;79.478;3.293;0.0;0.271;0.375;0.566;0.754
2013-07-30 01:00:00;2013;7;30;1;-4.496;17.207;81.848;3.84;0.0;0.271;0.375;0.565;0.755
2013-07-30 02:00:00;2013;7;30;2;-5.029;16.41;84.442;4.037;0.0;0.271;0.374;0.565;0.755
2013-07-30 03:00:00;2013;7;30;3;-4.107;15.669;86.887;3.831;0.0;0.27;0.374;0.564;0.755
2013-07-30 04:00:00;2013;7;30;4;30.002;15.686;87.933;4.193;0.0;0.27;0.373;0.563;0.755
2013-07-30 05:00:00;2013;7;30;5;136.365;16.196;84.385;5.654;0.0;0.269;0.373;0.563;0.755
2013-07-30 06:00:00;2013;7;30;6;202.634;16.794;81.589;6.142;0.0;0.269;0.372;0.562;0.754
2013-07-30 07:00:00;2013;7;30;7;206.523;17.374;79.323;6.374;0.0;0.27;0.372;0.561;0.754
2013-07-30 08:00:00;2013;7;30;8;260.423;17.818;76.769;6.331;0.0;0.27;0.372;0.56;0.754
2013-07-30 09:00:00;2013;7;30;9;386.888;18.78;71.305;5.936;0.0;0.27;0.371;0.559;0.754
2013-07-30 10:00:00;2013;7;30;10;281.11;19.309;66.29;6.357;0.0;0.27;0.371;0.557;0.754
2013-07-30 11:00:00;2013;7;30;11;342.086;19.783;63.656;6.151;0.0;0.271;0.371;0.555;0.754
2013-07-30 12:00:00;2013;7;30;12;186.756;19.139;69.749;4.042;0.04;0.271;0.371;0.553;0.754
2013-07-30 13:00:00;2013;7;30;13;280.284;19.324;70.075;4.864;0.0;0.271;0.371;0.553;0.754
2013-07-30 14:00:00;2013;7;30;14;133.417;18.446;77.957;4.379;1.43;0.272;0.371;0.554;0.754
2013-07-30 15:00:00;2013;7;30;15;225.739;18.744;81.218;4.805;0.0;0.276;0.373;0.563;0.753
2013-07-30 16:00:00;2013;7;30;16;183.034;19.177;70.298;7.488;0.0;0.274;0.374;0.562;0.753
2013-07-30 17:00:00;2013;7;30;17;55.006;17.841;81.631;7.047;0.0;0.273;0.374;0.56;0.753
2013-07-30 18:00:00;2013;7;30;18;6.664;17.224;86.9;5.808;2.29;0.274;0.374;0.559;0.753
2013-07-30 19:00:00;2013;7;30;19;-1.542;16.78;93.155;5.568;1.146;0.281;0.387;0.587;0.755
2013-07-30 20:00:00;2013;7;30;20;-2.668;17.371;93.508;6.251;0.307;0.28;0.391;0.589;0.755
2013-07-30 21:00:00;2013;7;30;21;-2.633;17.855;93.217;6.14;0.534;0.28;0.394;0.59;0.756
2013-07-30 22:00:00;2013;7;30;22;-3.052;18.097;90.057;5.772;0.002;0.279;0.394;0.591;0.755
2013-07-30 23:00:00;2013;7;30;23;-3.285;17.866;89.627;5.372;0.001;0.278;0.392;0.588;0.755
2013-07-31 00:00:00;2013;7;31;0;-3.409;17.85;89.995;4.725;0.0;0.277;0.39;0.587;0.754
2013-07-31 01:00:00;2013;7;31;1;-3.711;17.806;89.125;4.857;0.0;0.276;0.388;0.586;0.754
2013-07-31 02:00:00;2013;7;31;2;-4.213;17.405;89.657;5.066;0.0;0.275;0.387;0.585;0.754
2013-07-31 03:00:00;2013;7;31;3;-3.652;17.2;90.557;4.449;0.004;0.274;0.386;0.584;0.753
2013-07-31 04:00:00;2013;7;31;4;4.701;17.374;91.177;4.828;0.004;0.273;0.385;0.583;0.753
2013-07-31 05:00:00;2013;7;31;5;73.113;17.551;89.973;5.826;0.0;0.273;0.385;0.583;0.753
2013-07-31 06:00:00;2013;7;31;6;135.07;17.976;87.48;6.318;0.0;0.273;0.383;0.582;0.753
2013-07-31 07:00:00;2013;7;31;7;165.776;18.296;85.092;6.698;0.0;0.272;0.377;0.584;0.754
2013-07-31 08:00:00;2013;7;31;8;99.2;17.815;87.583;6.025;0.707;0.271;0.375;0.584;0.754
2013-07-31 09:00:00;2013;7;31;9;275.904;18.26;85.388;5.685;0.112;0.272;0.375;0.584;0.754
2013-07-31 10:00:00;2013;7;31;10;756.847;20.353;74.524;6.966;0.0;0.273;0.375;0.583;0.754
2013-07-31 11:00:00;2013;7;31;11;445.974;20.6;69.8;6.322;0.0;0.274;0.375;0.582;0.754
2013-07-31 12:00:00;2013;7;31;12;597.179;21.41;64.982;6.361;0.0;0.274;0.375;0.581;0.754
2013-07-31 13:00:00;2013;7;31;13;186.866;20.737;66.406;5.195;0.0;0.274;0.376;0.58;0.754
2013-07-31 14:00:00;2013;7;31;14;156.916;19.19;80.307;3.894;0.06;0.274;0.376;0.58;0.754
2013-07-31 15:00:00;2013;7;31;15;164.12;20.263;77.546;2.429;0.0;0.274;0.376;0.579;0.754
2013-07-31 16:00:00;2013;7;31;16;240.608;21.05;72.467;3.142;0.0;0.274;0.377;0.579;0.754
2013-07-31 17:00:00;2013;7;31;17;114.486;21.383;72.234;2.968;0.0;0.274;0.377;0.578;0.755
2013-07-31 18:00:00;2013;7;31;18;14.421;21.019;74.925;2.313;0.0;0.274;0.377;0.578;0.755
2013-07-31 19:00:00;2013;7;31;19;-2.218;20.512;78.545;1.995;0.004;0.273;0.377;0.578;0.754
2013-07-31 20:00:00;2013;7;31;20;-4.637;20.089;81.555;1.82;0.001;0.273;0.377;0.577;0.755
2013-07-31 21:00:00;2013;7;31;21;-4.786;19.712;83.377;1.811;0.002;0.272;0.377;0.577;0.755
2013-07-31 22:00:00;2013;7;31;22;-4.103;19.702;83.325;2.687;0.001;0.272;0.376;0.577;0.755
2013-07-31 23:00:00;2013;7;31;23;-3.981;19.526;82.903;2.785;0.001;0.272;0.376;0.577;0.755
2013-08-01 00:00:00;2013;8;1;0;-3.708;19.52;82.087;3.204;0.002;0.271;0.376;0.577;0.755
2013-08-01 01:00:00;2013;8;1;1;-3.476;19.755;80.582;3.881;0.0;0.271;0.376;0.577;0.755
2013-08-01 02:00:00;2013;8;1;2;-3.432;20.19;78.611;3.957;0.0;0.271;0.375;0.576;0.755
2013-08-01 03:00:00;2013;8;1;3;-3.95;19.609;80.847;3.472;0.0;0.271;0.375;0.576;0.756
2013-08-01 04:00:00;2013;8;1;4;19.437;18.567;83.935;3.24;0.004;0.271;0.375;0.575;0.755
2013-08-01 05:00:00;2013;8;1;5;146.623;19.478;81.615;3.698;0.001;0.27;0.374;0.575;0.756
2013-08-01 06:00:00;2013;8;1;6;296.931;21.152;75.014;4.126;0.0;0.27;0.374;0.575;0.756
2013-08-01 07:00:00;2013;8;1;7;451.256;22.516;70.846;3.941;0.0;0.27;0.375;0.574;0.756
2013-08-01 08:00:00;2013;8;1;8;591.356;23.926;67.81;4.045;0.0;0.271;0.375;0.573;0.756
2013-08-01 09:00:00;2013;8;1;9;705.166;25.341;62.788;3.075;0.0;0.273;0.375;0.571;0.756
2013-08-01 10:00:00;2013;8;1;10;782.551;26.699;56.868;3.341;0.0;0.275;0.376;0.569;0.754
2013-08-01 11:00:00;2013;8;1;11;815.807;27.826;53.943;4.401;0.0;0.277;0.377;0.566;0.754
2013-08-01 12:00:00;2013;8;1;12;796.324;28.599;51.936;4.106;0.0;0.279;0.378;0.562;0.756
2013-08-01 13:00:00;2013;8;1;13;748.872;29.262;51.776;4.254;0.0;0.28;0.379;0.559;0.756
2013-08-01 14:00:00;2013;8;1;14;646.686;29.761;50.554;4.253;0.0;0.281;0.38;0.555;0.757
2013-08-01 15:00:00;2013;8;1;15;517.642;29.961;48.336;4.915;0.0;0.281;0.381;0.552;0.756
2013-08-01 16:00:00;2013;8;1;16;370.664;29.883;46.068;4.439;0.0;0.28;0.382;0.549;0.756
2013-08-01 17:00:00;2013;8;1;17;216.898;29.309;45.081;3.474;0.0;0.279;0.382;0.548;0.757
2013-08-01 18:00:00;2013;8;1;18;73.964;27.671;51.401;2.574;0.0;0.278;0.382;0.547;0.758
2013-08-01 19:00:00;2013;8;1;19;-0.009;25.794;53.322;3.228;0.0;0.277;0.382;0.547;0.758
2013-08-01 20:00:00;2013;8;1;20;-5.586;23.611;62.197;3.131;0.0;0.276;0.382;0.547;0.758
2013-08-01 21:00:00;2013;8;1;21;-5.252;21.199;74.354;3.115;0.0;0.274;0.381;0.548;0.757
2013-08-01 22:00:00;2013;8;1;22;-5.173;19.816;80.75;3.247;0.0;0.273;0.381;0.548;0.756
2013-08-01 23:00:00;2013;8;1;23;-4.845;19.357;81.057;3.045;0.0;0.273;0.38;0.547;0.755
2013-08-02 00:00:00;2013;8;2;0;-4.969;18.933;79.821;3.247;0.001;0.272;0.379;0.547;0.754
2013-08-02 01:00:00;2013;8;2;1;-4.697;18.026;82.977;3.438;0.002;0.271;0.378;0.547;0.754
2013-08-02 02:00:00;2013;8;2;2;-4.779;18.858;79.535;2.923;0.002;0.27;0.377;0.547;0.754
2013-08-02 03:00:00;2013;8;2;3;-4.069;18.576;79.44;2.253;0.001;0.27;0.377;0.546;0.753
2013-08-02 04:00:00;2013;8;2;4;26.124;18.546;80.241;2.974;0.002;0.269;0.376;0.546;0.753
2013-08-02 05:00:00;2013;8;2;5;141.85;20.639;74.832;3.484;0.0;0.269;0.375;0.546;0.753
2013-08-02 06:00:00;2013;8;2;6;289.598;22.911;69.646;3.732;0.0;0.269;0.375;0.545;0.753
2013-08-02 07:00:00;2013;8;2;7;441.908;24.785;64.715;4.254;0.0;0.27;0.375;0.544;0.753
2013-08-02 08:00:00;2013;8;2;8;574.997;26.758;60.34;3.459;0.0;0.271;0.376;0.543;0.754
2013-08-02 09:00:00;2013;8;2;9;681.396;28.376;56.1;3.284;0.0;0.272;0.376;0.54;0.755
2013-08-02 10:00:00;2013;8;2;10;761.133;29.664;53.518;3.302;0.0;0.274;0.376;0.536;0.755
2013-08-02 11:00:00;2013;8;2;11;799.158;31.2;50.486;4.163;0.0;0.276;0.377;0.532;0.753
2013-08-02 12:00:00;2013;8;2;12;785.775;32.52;45.043;5.793;0.0;0.278;0.378;0.527;0.752
2013-08-02 13:00:00;2013;8;2;13;718.089;33.294;41.994;5.607;0.0;0.279;0.38;0.523;0.751
2013-08-02 14:00:00;2013;8;2;14;596.961;33.917;39.145;5.555;0.0;0.28;0.381;0.519;0.751
2013-08-02 15:00:00;2013;8;2;15;390.754;33.418;39.51;4.85;0.0;0.279;0.382;0.516;0.751
2013-08-02 16:00:00;2013;8;2;16;159.949;31.228;51.178;3.15;0.0;0.279;0.383;0.514;0.752
2013-08-02 17:00:00;2013;8;2;17;176.907;31.341;50.316;3.836;0.0;0.279;0.383;0.513;0.752
2013-08-02 18:00:00;2013;8;2;18;60.441;29.365;56.145;3.52;0.0;0.278;0.383;0.512;0.752
2013-08-02 19:00:00;2013;8;2;19;0.598;27.116;57.721;3.741;0.0;0.277;0.383;0.512;0.752
2013-08-02 20:00:00;2013;8;2;20;-5.016;26.445;55.535;4.032;0.0;0.276;0.383;0.512;0.753
2013-08-02 21:00:00;2013;8;2;21;-5.191;25.089;70.28;4.752;0.0;0.275;0.382;0.512;0.753
2013-08-02 22:00:00;2013;8;2;22;-4.81;21.966;80.5;3.694;0.0;0.275;0.382;0.512;0.752
2013-08-02 23:00:00;2013;8;2;23;-5.064;20.545;84.472;2.201;0.0;0.274;0.381;0.512;0.753
2013-08-03 00:00:00;2013;8;3;0;-5.983;19.443;87.012;1.09;0.004;0.273;0.381;0.512;0.753
2013-08-03 01:00:00;2013;8;3;1;-4.283;20.027;85.077;4.785;0.001;0.272;0.381;0.512;0.753
2013-08-03 02:00:00;2013;8;3;2;-4.485;19.677;83.88;3.145;0.0;0.271;0.38;0.512;0.753
2013-08-03 03:00:00;2013;8;3;3;-3.901;19.847;82.177;3.837;0.0;0.271;0.379;0.511;0.752
2013-08-03 04:00:00;2013;8;3;4;3.489;19.873;82.959;2.692;0.0;0.271;0.379;0.511;0.752
2013-08-03 05:00:00;2013;8;3;5;31.612;19.986;84.382;1.987;0.0;0.271;0.378;0.511;0.752
2013-08-03 06:00:00;2013;8;3;6;155.058;20.999;78.161;2.789;0.0;0.271;0.378;0.51;0.752
2013-08-03 07:00:00;2013;8;3;7;297.071;21.742;72.954;5.219;0.0;0.271;0.378;0.509;0.752
2013-08-03 08:00:00;2013;8;3;8;361.905;21.633;68.05;6.825;0.0;0.271;0.378;0.508;0.753
2013-08-03 09:00:00;2013;8;3;9;625.4;22.381;59.16;7.608;0.0;0.271;0.377;0.506;0.754
2013-08-03 10:00:00;2013;8;3;10;685.591;22.538;53.58;7.095;0.0;0.272;0.377;0.503;0.754
2013-08-03 11:00:00;2013;8;3;11;688.347;22.849;48.85;7.224;0.0;0.272;0.377;0.5;0.754
2013-08-03 12:00:00;2013;8;3;12;459.157;22.699;51.162;6.393;0.0;0.272;0.378;0.498;0.754
2013-08-03 13:00:00;2013;8;3;13;533.818;22.561;56.108;5.653;0.0;0.273;0.378;0.496;0.755
2013-08-03 14:00:00;2013;8;3;14;645.048;23.048;54.189;5.567;0.0;0.273;0.378;0.493;0.755
2013-08-03 15:00:00;2013;8;3;15;344.286;22.601;53.749;4.842;0.0;0.273;0.378;0.491;0.754
2013-08-03 16:00:00;2013;8;3;16;344.349;22.541;55.694;4.515;0.0;0.273;0.379;0.489;0.754
2013-08-03 17:00:00;2013;8;3;17;203.074;22.021;55.946;4.085;0.0;0.273;0.379;0.488;0.754
2013-08-03 18:00:00;2013;8;3;18;67.371;20.957;60.902;2.962;0.0;0.272;0.379;0.487;0.754
2013-08-03 19:00:00;2013;8;3;19;-1.723;18.269;74.06;1.202;0.0;0.271;0.378;0.487;0.755
2013-08-03 20:00:00;2013;8;3;20;-6.942;16.306;82.889;0.851;0.0;0.27;0.378;0.487;0.755
2013-08-03 21:00:00;2013;8;3;21;-6.56;14.682;91.13;0.801;0.0;0.269;0.378;0.487;0.755
2013-08-03 22:00:00;2013;8;3;22;-6.171;13.893;93.502;1.101;0.0;0.268;0.377;0.486;0.753
2013-08-03 23:00:00;2013;8;3;23;-5.538;13.555;94.245;2.374;0.0;0.267;0.376;0.486;0.753
2013-08-04 00:00:00;2013;8;4;0;-5.408;13.784;93.707;2.194;0.003;0.266;0.375;0.486;0.754
2013-08-04 01:00:00;2013;8;4;1;-5.744;13.308;94.425;2.201;0.001;0.265;0.374;0.486;0.753
2013-08-04 02:00:00;2013;8;4;2;-5.351;13.359;95.155;1.955;0.003;0.265;0.374;0.485;0.753
2013-08-04 03:00:00;2013;8;4;3;-5.484;12.493;94.555;1.442;0.001;0.264;0.373;0.485;0.752
2013-08-04 04:00:00;2013;8;4;4;22.01;12.725;95.998;1.891;0.0;0.264;0.372;0.484;0.753
2013-08-04 05:00:00;2013;8;4;5;151.348;15.015;94.448;1.405;0.0;0.264;0.371;0.484;0.753
2013-08-04 06:00:00;2013;8;4;6;258.754;17.48;86.341;1.134;0.0;0.264;0.371;0.484;0.753
2013-08-04 07:00:00;2013;8;4;7;458.056;20.19;66.764;1.483;0.0;0.265;0.371;0.483;0.752
2013-08-04 08:00:00;2013;8;4;8;593.047;21.777;56.91;1.943;0.0;0.266;0.371;0.482;0.753
2013-08-04 09:00:00;2013;8;4;9;705.343;22.887;53.749;2.845;0.0;0.268;0.372;0.48;0.753
2013-08-04 10:00:00;2013;8;4;10;742.955;23.807;51.116;2.98;0.0;0.27;0.373;0.478;0.752
2013-08-04 11:00:00;2013;8;4;11;709.397;24.372;48.095;3.206;0.0;0.271;0.374;0.475;0.752
2013-08-04 12:00:00;2013;8;4;12;665.193;24.918;44.981;2.562;0.0;0.273;0.375;0.473;0.751
2013-08-04 13:00:00;2013;8;4;13;710.094;25.602;43.02;3.837;0.0;0.274;0.376;0.471;0.75
2013-08-04 14:00:00;2013;8;4;14;497.468;25.478;41.428;3.445;0.0;0.274;0.377;0.469;0.75
2013-08-04 15:00:00;2013;8;4;15;462.417;25.835;40.739;1.957;0.0;0.274;0.378;0.468;0.75
2013-08-04 16:00:00;2013;8;4;16;298.772;25.425;42.005;2.143;0.0;0.274;0.378;0.467;0.75
2013-08-04 17:00:00;2013;8;4;17;184.15;25.523;44.747;1.442;0.0;0.274;0.378;0.466;0.75
2013-08-04 18:00:00;2013;8;4;18;45.745;23.276;53.919;1.781;0.0;0.273;0.379;0.466;0.751
2013-08-04 19:00:00;2013;8;4;19;-3.822;19.787;66.906;1.914;0.0;0.272;0.378;0.466;0.751
2013-08-04 20:00:00;2013;8;4;20;-5.005;18.481;73.849;1.712;0.0;0.271;0.378;0.466;0.752
2013-08-04 21:00:00;2013;8;4;21;-5.585;18.5;70.544;1.425;0.0;0.27;0.377;0.467;0.752
2013-08-04 22:00:00;2013;8;4;22;-6.101;16.81;79.79;0.942;0.0;0.269;0.377;0.466;0.752
2013-08-04 23:00:00;2013;8;4;23;-5.424;15.556;87.852;1.338;0.0;0.268;0.376;0.466;0.752
2013-08-05 00:00:00;2013;8;5;0;-6.292;15.451;90.58;1.151;0.002;0.267;0.375;0.466;0.752
2013-08-05 01:00:00;2013;8;5;1;-6.189;14.443;92.062;2.07;0.003;0.266;0.375;0.465;0.752
2013-08-05 02:00:00;2013;8;5;2;-4.735;15.457;86.968;2.782;0.002;0.265;0.374;0.465;0.752
2013-08-05 03:00:00;2013;8;5;3;-4.941;14.973;88.877;2.401;0.001;0.265;0.373;0.465;0.751
2013-08-05 04:00:00;2013;8;5;4;15.525;15.117;87.492;2.243;0.002;0.265;0.373;0.464;0.751
2013-08-05 05:00:00;2013;8;5;5;109.871;15.874;86.92;2.137;0.0;0.265;0.372;0.464;0.751
2013-08-05 06:00:00;2013;8;5;6;275.408;18.353;77.928;2.38;0.0;0.265;0.372;0.464;0.751
2013-08-05 07:00:00;2013;8;5;7;432.47;20.684;71.06;2.482;0.0;0.265;0.371;0.463;0.751
2013-08-05 08:00:00;2013;8;5;8;580.709;23.07;58.745;4.264;0.0;0.266;0.371;0.462;0.751
2013-08-05 09:00:00;2013;8;5;9;697.36;25.102;50.292;4.133;0.0;0.268;0.371;0.461;0.751
2013-08-05 10:00:00;2013;8;5;10;773.841;26.439;45.877;4.233;0.0;0.269;0.372;0.459;0.751
2013-08-05 11:00:00;2013;8;5;11;742.936;27.291;41.961;5.175;0.0;0.271;0.373;0.454;0.751
2013-08-05 12:00:00;2013;8;5;12;653.849;27.875;40.859;4.442;0.0;0.271;0.375;0.449;0.75
2013-08-05 13:00:00;2013;8;5;13;564.097;28.055;40.677;3.807;0.0;0.272;0.375;0.447;0.749
2013-08-05 14:00:00;2013;8;5;14;518.936;28.411;40.436;4.011;0.0;0.273;0.376;0.445;0.749
2013-08-05 15:00:00;2013;8;5;15;293.797;27.929;44.285;3.644;0.0;0.273;0.377;0.444;0.749
2013-08-05 16:00:00;2013;8;5;16;206.442;27.687;47.837;2.447;0.0;0.273;0.377;0.443;0.749
2013-08-05 17:00:00;2013;8;5;17;68.606;26.932;59.397;0.846;0.0;0.272;0.378;0.443;0.75
2013-08-05 18:00:00;2013;8;5;18;0.046;24.273;73.636;1.93;0.354;0.272;0.378;0.443;0.75
2013-08-05 19:00:00;2013;8;5;19;-4.707;21.384;85.278;1.471;0.008;0.272;0.379;0.443;0.75
2013-08-05 20:00:00;2013;8;5;20;-5.275;20.283;89.838;0.988;0.004;0.271;0.379;0.443;0.75
2013-08-05 21:00:00;2013;8;5;21;-4.204;20.852;82.13;3.135;0.107;0.27;0.378;0.443;0.751
2013-08-05 22:00:00;2013;8;5;22;-4.614;21.531;75.814;4.483;0.007;0.269;0.378;0.444;0.751
2013-08-05 23:00:00;2013;8;5;23;-4.725;19.749;74.48;5.348;0.003;0.269;0.378;0.445;0.751
2013-08-06 00:00:00;2013;8;6;0;-4.908;18.432;78.09;5.467;0.006;0.268;0.377;0.445;0.751
2013-08-06 01:00:00;2013;8;6;1;-4.312;17.596;80.955;5.847;0.003;0.268;0.377;0.445;0.751
2013-08-06 02:00:00;2013;8;6;2;-3.679;17.547;80.899;5.159;0.0;0.267;0.376;0.444;0.751
2013-08-06 03:00:00;2013;8;6;3;-3.502;17.35;80.41;5.257;0.0;0.267;0.376;0.444;0.751
2013-08-06 04:00:00;2013;8;6;4;12.734;16.8;83.3;4.327;0.0;0.266;0.375;0.445;0.751
2013-08-06 05:00:00;2013;8;6;5;54.89;17.154;83.28;4.888;0.0;0.265;0.374;0.445;0.751
2013-08-06 06:00:00;2013;8;6;6;51.146;17.446;82.933;5.208;0.0;0.265;0.374;0.445;0.751
2013-08-06 07:00:00;2013;8;6;7;171.494;17.902;82.101;4.345;0.0;0.265;0.373;0.445;0.751
2013-08-06 08:00:00;2013;8;6;8;456.497;18.984;72.5;5.128;0.0;0.266;0.373;0.444;0.751
2013-08-06 09:00:00;2013;8;6;9;638.509;19.718;66.314;4.83;0.0;0.266;0.374;0.443;0.751
2013-08-06 10:00:00;2013;8;6;10;610.738;20.104;63.105;4.083;0.0;0.267;0.374;0.441;0.752
2013-08-06 11:00:00;2013;8;6;11;739.539;21.088;59.172;3.554;0.0;0.268;0.374;0.439;0.752
2013-08-06 12:00:00;2013;8;6;12;622.073;21.665;55.299;3.021;0.0;0.269;0.375;0.437;0.752
2013-08-06 13:00:00;2013;8;6;13;371.559;21.62;54.329;2.726;0.0;0.27;0.375;0.436;0.752
2013-08-06 14:00:00;2013;8;6;14;401.16;21.928;53.302;3.027;0.0;0.27;0.376;0.436;0.752
2013-08-06 15:00:00;2013;8;6;15;281.066;21.454;59.319;3.258;0.0;0.27;0.377;0.435;0.752
2013-08-06 16:00:00;2013;8;6;16;304.556;21.412;59.489;3.555;0.0;0.27;0.377;0.434;0.752
2013-08-06 17:00:00;2013;8;6;17;183.956;20.971;62.164;3.527;0.0;0.27;0.377;0.433;0.752
2013-08-06 18:00:00;2013;8;6;18;53.627;19.777;65.886;2.72;0.0;0.269;0.377;0.433;0.752
2013-08-06 19:00:00;2013;8;6;19;-2.944;17.46;74.573;1.88;0.0;0.268;0.378;0.433;0.753
2013-08-06 20:00:00;2013;8;6;20;-6.392;15.411;82.66;1.715;0.0;0.267;0.378;0.433;0.753
2013-08-06 21:00:00;2013;8;6;21;-5.495;14.555;88.05;1.611;0.0;0.266;0.376;0.433;0.753
2013-08-06 22:00:00;2013;8;6;22;-4.925;15.619;82.947;2.13;0.0;0.265;0.376;0.433;0.752
2013-08-06 23:00:00;2013;8;6;23;-5.203;15.156;84.778;2.738;0.0;0.265;0.375;0.433;0.752
2013-08-07 00:00:00;2013;8;7;0;-5.317;14.417;87.288;2.179;0.004;0.264;0.373;0.433;0.752
2013-08-07 01:00:00;2013;8;7;1;-5.24;14.071;88.428;2.288;0.001;0.263;0.373;0.433;0.752
2013-08-07 02:00:00;2013;8;7;2;-5.374;13.729;89.347;1.976;0.003;0.263;0.372;0.433;0.751
2013-08-07 03:00:00;2013;8;7;3;-4.345;13.908;88.982;2.565;0.001;0.263;0.371;0.433;0.751
2013-08-07 04:00:00;2013;8;7;4;29.502;13.802;89.387;1.77;0.0;0.262;0.37;0.432;0.752
2013-08-07 05:00:00;2013;8;7;5;125.1;15.24;84.935;2.641;0.0;0.262;0.369;0.432;0.751
2013-08-07 06:00:00;2013;8;7;6;199.537;16.32;81.04;2.923;0.0;0.262;0.369;0.431;0.751
2013-08-07 07:00:00;2013;8;7;7;93.344;16.503;80.053;3.181;0.0;0.263;0.369;0.431;0.751
2013-08-07 08:00:00;2013;8;7;8;87.481;16.481;81.47;3.55;0.306;0.263;0.369;0.431;0.751
2013-08-07 09:00:00;2013;8;7;9;253.657;16.576;84.835;4.356;0.127;0.263;0.369;0.431;0.751
2013-08-07 10:00:00;2013;8;7;10;83.052;16.669;81.108;5.214;0.113;0.263;0.369;0.43;0.751
2013-08-07 11:00:00;2013;8;7;11;53.071;15.376;89.007;5.239;0.73;0.263;0.369;0.43;0.751
2013-08-07 12:00:00;2013;8;7;12;51.906;14.952;92.547;4.635;2.93;0.269;0.38;0.434;0.752
2013-08-07 13:00:00;2013;8;7;13;47.971;14.898;93.45;5.674;4.54;0.271;0.387;0.476;0.751
2013-08-07 14:00:00;2013;8;7;14;70.738;14.742;93.417;6.892;2.466;0.272;0.39;0.51;0.753
2013-08-07 15:00:00;2013;8;7;15;62.006;14.52;92.775;7.187;2.43;0.273;0.391;0.533;0.754
2013-08-07 16:00:00;2013;8;7;16;46.346;14.336;93.248;6.209;1.13;0.273;0.392;0.547;0.757
2013-08-07 17:00:00;2013;8;7;17;27.264;14.415;93.22;6.092;0.3;0.273;0.393;0.553;0.758
2013-08-07 18:00:00;2013;8;7;18;13.709;14.392;92.652;5.17;0.07;0.273;0.392;0.545;0.758
2013-08-07 19:00:00;2013;8;7;19;-0.26;14.186;90.888;5.007;0.0;0.272;0.392;0.538;0.757
2013-08-07 20:00:00;2013;8;7;20;-2.906;14.079;90.458;4.473;0.0;0.27;0.391;0.535;0.755
2013-08-07 21:00:00;2013;8;7;21;-3.177;13.93;92.768;4.16;0.24;0.269;0.389;0.533;0.753
2013-08-07 22:00:00;2013;8;7;22;-2.961;14.104;95.033;4.155;0.45;0.271;0.39;0.531;0.753
2013-08-07 23:00:00;2013;8;7;23;-2.849;13.739;95.608;4.339;0.54;0.273;0.392;0.529;0.754
2013-08-08 00:00:00;2013;8;8;0;-3.102;13.558;91.648;6.785;0.13;0.275;0.393;0.53;0.755
2013-08-08 01:00:00;2013;8;8;1;-3.836;13.393;88.353;3.426;0.0;0.275;0.392;0.53;0.755
2013-08-08 02:00:00;2013;8;8;2;-3.197;13.416;92.245;2.455;0.0;0.274;0.392;0.528;0.754
2013-08-08 03:00:00;2013;8;8;3;-3.389;13.666;92.74;2.243;0.0;0.273;0.391;0.527;0.754
2013-08-08 04:00:00;2013;8;8;4;4.432;13.538;93.168;2.306;0.0;0.273;0.391;0.526;0.754
2013-08-08 05:00:00;2013;8;8;5;59.593;14.289;92.848;1.941;0.0;0.272;0.39;0.525;0.755
2013-08-08 06:00:00;2013;8;8;6;215.428;15.367;90.057;2.305;0.0;0.271;0.389;0.524;0.754
2013-08-08 07:00:00;2013;8;8;7;375.425;16.948;83.477;2.71;0.0;0.272;0.388;0.523;0.754
2013-08-08 08:00:00;2013;8;8;8;485.348;17.839;74.643;4.275;0.0;0.272;0.389;0.521;0.754
2013-08-08 09:00:00;2013;8;8;9;588.207;18.923;66.476;4.013;0.0;0.273;0.389;0.519;0.755
2013-08-08 10:00:00;2013;8;8;10;768.446;19.851;60.911;5.636;0.0;0.273;0.389;0.516;0.755
2013-08-08 11:00:00;2013;8;8;11;676.912;20.238;56.454;5.225;0.0;0.274;0.389;0.513;0.756
2013-08-08 12:00:00;2013;8;8;12;746.556;20.569;53.593;4.223;0.0;0.275;0.389;0.51;0.756
2013-08-08 13:00:00;2013;8;8;13;641.835;20.916;51.728;3.972;0.0;0.276;0.388;0.507;0.755
2013-08-08 14:00:00;2013;8;8;14;612.022;21.173;49.293;3.975;0.0;0.276;0.388;0.504;0.755
2013-08-08 15:00:00;2013;8;8;15;435.651;20.613;53.865;4.071;0.0;0.275;0.389;0.501;0.755
2013-08-08 16:00:00;2013;8;8;16;312.12;20.571;54.313;4.055;0.0;0.275;0.389;0.5;0.753
2013-08-08 17:00:00;2013;8;8;17;161.211;19.664;58.958;3.695;0.0;0.274;0.389;0.498;0.754
2013-08-08 18:00:00;2013;8;8;18;20.02;17.395;67.522;2.648;0.0;0.273;0.389;0.498;0.754
2013-08-08 19:00:00;2013;8;8;19;-4.21;15.628;76.275;1.548;0.0;0.271;0.389;0.497;0.755
2013-08-08 20:00:00;2013;8;8;20;-6.174;13.861;87.903;1.36;0.0;0.27;0.389;0.497;0.756
2013-08-08 21:00:00;2013;8;8;21;-6.143;13.18;91.035;1.076;0.0;0.269;0.389;0.497;0.757
2013-08-08 22:00:00;2013;8;8;22;-6.392;12.783;93.082;0.642;0.0;0.268;0.39;0.496;0.758
2013-08-08 23:00:00;2013;8;8;23;-6.595;11.536;93.257;0.671;0.0;0.267;0.389;0.496;0.757
2013-08-09 00:00:00;2013;8;9;0;-5.811;10.623;94.655;0.731;0.0;0.266;0.387;0.496;0.756
2013-08-09 01:00:00;2013;8;9;1;-5.235;11.044;95.837;1.429;0.0;0.266;0.385;0.496;0.757
2013-08-09 02:00:00;2013;8;9;2;-5.651;11.069;95.15;1.459;0.0;0.265;0.384;0.495;0.757
2013-08-09 03:00:00;2013;8;9;3;-5.49;11.192;95.567;1.649;0.01;0.264;0.382;0.495;0.757
2013-08-09 04:00:00;2013;8;9;4;4.065;11.572;95.508;1.839;0.0;0.264;0.382;0.494;0.757
2013-08-09 05:00:00;2013;8;9;5;104.632;12.048;95.405;1.844;0.0;0.263;0.381;0.494;0.757
2013-08-09 06:00:00;2013;8;9;6;211.801;14.976;87.46;2.606;0.0;0.264;0.381;0.493;0.757
2013-08-09 07:00:00;2013;8;9;7;260.097;16.269;81.956;2.248;0.0;0.265;0.38;0.493;0.757
2013-08-09 08:00:00;2013;8;9;8;383.665;18.577;67.029;2.749;0.0;0.265;0.38;0.492;0.757
2013-08-09 09:00:00;2013;8;9;9;512.45;19.823;59.387;3.434;0.0;0.267;0.38;0.49;0.756
2013-08-09 10:00:00;2013;8;9;10;604.453;20.888;57.147;3.792;0.0;0.268;0.38;0.489;0.755
2013-08-09 11:00:00;2013;8;9;11;559.132;21.431;53.599;4.03;0.0;0.269;0.38;0.487;0.754
2013-08-09 12:00:00;2013;8;9;12;572.13;21.932;52.982;4.571;0.0;0.27;0.381;0.485;0.753
2013-08-09 13:00:00;2013;8;9;13;672.334;22.404;50.251;4.519;0.0;0.271;0.381;0.482;0.753
2013-08-09 14:00:00;2013;8;9;14;481.733;22.431;50.156;3.651;0.0;0.272;0.381;0.48;0.753
2013-08-09 15:00:00;2013;8;9;15;189.301;21.782;51.511;3.911;0.0;0.272;0.382;0.478;0.753
2013-08-09 16:00:00;2013;8;9;16;185.927;21.362;55.927;4.073;0.0;0.271;0.383;0.477;0.752
2013-08-09 17:00:00;2013;8;9;17;171.239;21.283;59.752;3.304;0.0;0.271;0.383;0.477;0.752
2013-08-09 18:00:00;2013;8;9;18;33.431;20.121;65.737;2.028;0.0;0.27;0.383;0.476;0.752
2013-08-09 19:00:00;2013;8;9;19;-4.855;18.303;74.753;1.378;0.0;0.27;0.382;0.476;0.752
2013-08-09 20:00:00;2013;8;9;20;-6.386;15.872;87.042;1.036;0.0;0.269;0.383;0.476;0.751
2013-08-09 21:00:00;2013;8;9;21;-4.386;16.406;83.182;2.318;0.0;0.268;0.382;0.476;0.752
2013-08-09 22:00:00;2013;8;9;22;-5.655;15.779;86.987;1.229;0.0;0.267;0.381;0.475;0.752
2013-08-09 23:00:00;2013;8;9;23;-6.086;15.688;89.192;1.314;0.0;0.266;0.38;0.475;0.753
2013-08-10 00:00:00;2013;8;10;0;-5.306;15.269;92.248;1.05;0.0;0.266;0.38;0.475;0.752
2013-08-10 01:00:00;2013;8;10;1;-5.351;15.583;91.963;1.558;0.0;0.265;0.379;0.475;0.753
2013-08-10 02:00:00;2013;8;10;2;-5.894;15.216;93.805;0.718;0.0;0.265;0.378;0.475;0.753
2013-08-10 03:00:00;2013;8;10;3;-5.151;14.885;95.305;1.674;0.0;0.264;0.378;0.474;0.754
2013-08-10 04:00:00;2013;8;10;4;2.958;16.113;94.54;2.258;0.0;0.264;0.377;0.474;0.754
2013-08-10 05:00:00;2013;8;10;5;40.337;16.317;92.013;2.209;0.0;0.264;0.377;0.474;0.754
2013-08-10 06:00:00;2013;8;10;6;126.535;16.855;86.385;2.485;0.0;0.265;0.377;0.473;0.754
2013-08-10 07:00:00;2013;8;10;7;165.071;17.08;81.859;3.285;0.0;0.265;0.377;0.473;0.754
2013-08-10 08:00:00;2013;8;10;8;313.187;17.848;76.009;4.377;0.0;0.266;0.377;0.472;0.753
2013-08-10 09:00:00;2013;8;10;9;389.059;18.38;63.998;5.414;0.0;0.266;0.377;0.471;0.753
2013-08-10 10:00:00;2013;8;10;10;518.204;19.164;55.149;5.528;0.0;0.266;0.376;0.47;0.753
2013-08-10 11:00:00;2013;8;10;11;386.59;18.66;56.259;6.822;0.0;0.267;0.376;0.468;0.754
2013-08-10 12:00:00;2013;8;10;12;377.857;18.201;57.196;6.433;0.0;0.267;0.377;0.467;0.754
2013-08-10 13:00:00;2013;8;10;13;628.507;18.702;49.513;6.5;0.0;0.267;0.376;0.465;0.753
2013-08-10 14:00:00;2013;8;10;14;333.479;18.063;48.771;6.531;0.0;0.267;0.376;0.464;0.752
2013-08-10 15:00:00;2013;8;10;15;182.646;17.149;51.995;5.825;0.0;0.267;0.376;0.463;0.752
2013-08-10 16:00:00;2013;8;10;16;263.301;17.309;52.652;5.347;0.0;0.267;0.376;0.462;0.753
2013-08-10 17:00:00;2013;8;10;17;112.216;16.832;53.225;5.094;0.0;0.266;0.376;0.461;0.753
2013-08-10 18:00:00;2013;8;10;18;36.066;15.685;59.664;3.528;0.0;0.266;0.376;0.461;0.753
2013-08-10 19:00:00;2013;8;10;19;-3.736;13.894;69.05;2.495;0.0;0.265;0.376;0.46;0.754
2013-08-10 20:00:00;2013;8;10;20;-6.228;11.618;79.701;2.085;0.0;0.264;0.375;0.46;0.755
2013-08-10 21:00:00;2013;8;10;21;-6.76;10.736;85.65;1.243;0.0;0.263;0.374;0.46;0.755
2013-08-10 22:00:00;2013;8;10;22;-5.609;10.312;89.52;0.975;0.0;0.262;0.374;0.46;0.755
2013-08-10 23:00:00;2013;8;10;23;-5.261;10.812;88.38;0.771;0.0;0.262;0.373;0.46;0.755
2013-08-11 00:00:00;2013;8;11;0;-4.626;11.279;90.217;1.319;0.01;0.261;0.372;0.46;0.755
2013-08-11 01:00:00;2013;8;11;1;-4.443;12.47;87.715;1.936;0.0;0.261;0.372;0.46;0.755
2013-08-11 02:00:00;2013;8;11;2;-4.438;13.172;87.772;2.256;0.0;0.261;0.371;0.459;0.755
2013-08-11 03:00:00;2013;8;11;3;-3.863;13.509;84.2;3.002;0.0;0.261;0.371;0.459;0.755
2013-08-11 04:00:00;2013;8;11;4;7.756;13.717;76.912;3.828;0.0;0.261;0.37;0.459;0.754
2013-08-11 05:00:00;2013;8;11;5;75.485;14.017;74.054;3.753;0.0;0.261;0.37;0.459;0.754
2013-08-11 06:00:00;2013;8;11;6;238.926;15.127;76.014;4.58;0.0;0.261;0.37;0.458;0.755
2013-08-11 07:00:00;2013;8;11;7;341.679;16.481;76.952;4.868;0.0;0.261;0.37;0.458;0.754
2013-08-11 08:00:00;2013;8;11;8;351.537;17.231;75.502;4.558;0.0;0.262;0.37;0.457;0.755
2013-08-11 09:00:00;2013;8;11;9;425.92;18.324;64.523;4.37;0.0;0.263;0.37;0.456;0.756
2013-08-11 10:00:00;2013;8;11;10;539.364;19.586;57.189;5.295;0.0;0.264;0.37;0.454;0.755
2013-08-11 11:00:00;2013;8;11;11;392.33;19.416;57.373;5.815;0.0;0.265;0.371;0.452;0.754
2013-08-11 12:00:00;2013;8;11;12;329.264;19.274;61.036;4.26;0.0;0.265;0.372;0.451;0.754
2013-08-11 13:00:00;2013;8;11;13;273.397;18.391;72.408;3.964;1.46;0.266;0.372;0.451;0.754
2013-08-11 14:00:00;2013;8;11;14;493.544;19.233;74.636;4.168;0.004;0.269;0.376;0.451;0.753
2013-08-11 15:00:00;2013;8;11;15;431.031;20.28;68.362;4.757;0.0;0.27;0.377;0.451;0.753
2013-08-11 16:00:00;2013;8;11;16;266.006;20.672;63.095;4.155;0.0;0.27;0.377;0.45;0.753
2013-08-11 17:00:00;2013;8;11;17;182.35;20.401;55.505;4.996;0.0;0.27;0.377;0.45;0.752
2013-08-11 18:00:00;2013;8;11;18;23.953;18.465;63.982;2.716;0.005;0.269;0.377;0.45;0.752
2013-08-11 19:00:00;2013;8;11;19;-3.973;16.54;75.067;1.978;0.007;0.268;0.378;0.45;0.753
2013-08-11 20:00:00;2013;8;11;20;-4.82;16.069;80.862;2.074;0.004;0.267;0.377;0.451;0.753
2013-08-11 21:00:00;2013;8;11;21;-4.326;17.024;79.45;3.183;0.002;0.267;0.377;0.451;0.753
2013-08-11 22:00:00;2013;8;11;22;-4.964;16.196;84.815;2.203;0.001;0.266;0.377;0.451;0.753
2013-08-11 23:00:00;2013;8;11;23;-6.316;15.143;89.753;1.449;0.006;0.265;0.377;0.451;0.753
2013-08-12 00:00:00;2013;8;12;0;-5.504;14.801;92.243;3.277;0.003;0.265;0.376;0.451;0.754
2013-08-12 01:00:00;2013;8;12;1;-5.459;14.718;93.973;2.843;0.003;0.264;0.375;0.451;0.754
2013-08-12 02:00:00;2013;8;12;2;-4.903;14.87;93.195;3.427;0.0;0.264;0.375;0.451;0.754
2013-08-12 03:00:00;2013;8;12;3;-4.385;15.059;91.865;3.59;0.0;0.264;0.375;0.45;0.754
2013-08-12 04:00:00;2013;8;12;4;4.047;15.238;91.21;3.29;0.0;0.263;0.374;0.45;0.754
2013-08-12 05:00:00;2013;8;12;5;41.098;15.217;91.617;3.549;0.0;0.264;0.374;0.45;0.754
2013-08-12 06:00:00;2013;8;12;6;131.607;15.52;90.518;2.778;0.0;0.264;0.374;0.45;0.754
2013-08-12 07:00:00;2013;8;12;7;258.546;16.336;86.905;2.876;0.0;0.264;0.374;0.45;0.754
2013-08-12 08:00:00;2013;8;12;8;289.434;17.498;78.617;2.54;0.0;0.264;0.374;0.45;0.754
2013-08-12 09:00:00;2013;8;12;9;325.112;18.195;69.735;2.95;0.0;0.265;0.374;0.45;0.753
2013-08-12 10:00:00;2013;8;12;10;267.841;18.439;67.345;3.078;0.0;0.266;0.374;0.449;0.753
2013-08-12 11:00:00;2013;8;12;11;221.09;18.456;66.419;3.034;0.0;0.266;0.375;0.448;0.752
2013-08-12 12:00:00;2013;8;12;12;194.62;18.416;65.105;3.28;0.0;0.267;0.375;0.447;0.752
2013-08-12 13:00:00;2013;8;12;13;448.365;19.333;56.407;4.133;0.0;0.267;0.375;0.447;0.752
2013-08-12 14:00:00;2013;8;12;14;605.7;20.185;47.674;5.456;0.0;0.267;0.375;0.446;0.751
2013-08-12 15:00:00;2013;8;12;15;461.141;19.981;49.866;5.505;0.0;0.267;0.375;0.444;0.75
2013-08-12 16:00:00;2013;8;12;16;327.526;19.345;52.664;5.112;0.0;0.267;0.376;0.443;0.75
2013-08-12 17:00:00;2013;8;12;17;184.807;18.691;52.727;4.741;0.0;0.267;0.376;0.442;0.751
2013-08-12 18:00:00;2013;8;12;18;35.946;16.551;61.477;3.719;0.0;0.267;0.376;0.442;0.751
2013-08-12 19:00:00;2013;8;12;19;-3.904;13.883;72.827;2.677;0.0;0.265;0.377;0.442;0.752
2013-08-12 20:00:00;2013;8;12;20;-6.026;13.18;79.813;1.893;0.0;0.265;0.376;0.442;0.753
2013-08-12 21:00:00;2013;8;12;21;-5.77;12.134;85.962;1.373;0.0;0.264;0.376;0.443;0.753
2013-08-12 22:00:00;2013;8;12;22;-5.266;12.076;86.453;1.515;0.0;0.263;0.376;0.443;0.753
2013-08-12 23:00:00;2013;8;12;23;-4.365;12.199;86.351;3.136;0.996;0.263;0.376;0.443;0.753
2013-08-13 00:00:00;2013;8;13;0;-4.153;12.371;87.622;1.777;0.191;0.267;0.384;0.445;0.753
2013-08-13 01:00:00;2013;8;13;1;-4.642;12.706;86.298;2.831;0.0;0.266;0.383;0.446;0.753
2013-08-13 02:00:00;2013;8;13;2;-5.245;12.013;87.078;2.936;0.001;0.265;0.382;0.446;0.752
2013-08-13 03:00:00;2013;8;13;3;-4.977;11.878;88.478;3.238;0.002;0.264;0.38;0.446;0.753
2013-08-13 04:00:00;2013;8;13;4;7.387;12.052;88.34;3.459;0.0;0.264;0.379;0.446;0.752
2013-08-13 05:00:00;2013;8;13;5;108.442;12.826;87.425;4.048;0.0;0.263;0.378;0.445;0.753
2013-08-13 06:00:00;2013;8;13;6;268.807;14.73;83.794;4.251;0.0;0.263;0.377;0.445;0.753
2013-08-13 07:00:00;2013;8;13;7;395.516;15.749;78.611;5.263;0.0;0.263;0.377;0.444;0.752
2013-08-13 08:00:00;2013;8;13;8;432.193;16.121;76.881;5.596;0.875;0.265;0.378;0.444;0.752
2013-08-13 09:00:00;2013;8;13;9;359.744;15.873;76.598;6.088;0.0;0.269;0.385;0.444;0.753
2013-08-13 10:00:00;2013;8;13;10;628.071;17.146;69.909;5.986;0.0;0.268;0.383;0.443;0.753
2013-08-13 11:00:00;2013;8;13;11;490.38;17.039;68.484;5.613;0.084;0.268;0.381;0.442;0.753
2013-08-13 12:00:00;2013;8;13;12;437.781;17.614;64.725;6.395;0.0;0.268;0.38;0.441;0.754
2013-08-13 13:00:00;2013;8;13;13;395.255;17.712;59.388;6.806;0.0;0.268;0.38;0.44;0.753
2013-08-13 14:00:00;2013;8;13;14;303.496;17.907;57.073;6.692;0.0;0.268;0.38;0.439;0.753
2013-08-13 15:00:00;2013;8;13;15;430.505;18.195;54.998;6.453;0.0;0.268;0.38;0.439;0.753
2013-08-13 16:00:00;2013;8;13;16;176.138;17.215;57.281;6.145;0.0;0.267;0.379;0.438;0.753
2013-08-13 17:00:00;2013;8;13;17;165.841;16.947;58.369;5.322;0.0;0.267;0.379;0.438;0.753
2013-08-13 18:00:00;2013;8;13;18;41.218;15.599;64.282;3.737;0.0;0.266;0.38;0.438;0.753
2013-08-13 19:00:00;2013;8;13;19;-3.973;13.622;71.809;3.225;0.006;0.266;0.379;0.438;0.753
2013-08-13 20:00:00;2013;8;13;20;-5.62;12.341;78.264;2.272;0.004;0.265;0.379;0.438;0.753
2013-08-13 21:00:00;2013;8;13;21;-6.861;10.466;88.085;1.701;0.004;0.264;0.38;0.439;0.753
2013-08-13 22:00:00;2013;8;13;22;-6.472;9.896;91.355;1.147;0.003;0.263;0.379;0.439;0.753
2013-08-13 23:00:00;2013;8;13;23;-5.829;9.436;93.147;0.716;0.003;0.262;0.378;0.438;0.752
2013-08-14 00:00:00;2013;8;14;0;-5.256;8.875;94.12;1.52;0.003;0.261;0.376;0.439;0.752
2013-08-14 01:00:00;2013;8;14;1;-4.873;9.626;93.775;1.428;0.0;0.261;0.375;0.438;0.752
2013-08-14 02:00:00;2013;8;14;2;-5.85;10.394;93.003;1.472;0.0;0.261;0.375;0.438;0.752
2013-08-14 03:00:00;2013;8;14;3;-5.693;9.298;94.057;2.129;0.0;0.26;0.373;0.438;0.753
2013-08-14 04:00:00;2013;8;14;4;8.166;10.087;95.627;1.779;0.0;0.259;0.372;0.438;0.753
2013-08-14 05:00:00;2013;8;14;5;49.725;12.038;95.867;1.152;0.0;0.26;0.371;0.438;0.752
2013-08-14 06:00:00;2013;8;14;6;102.399;13.508;90.338;1.621;0.0;0.26;0.371;0.438;0.751
2013-08-14 07:00:00;2013;8;14;7;304.019;14.847;84.956;0.838;0.0;0.261;0.371;0.438;0.751
2013-08-14 08:00:00;2013;8;14;8;561.301;16.928;71.128;1.683;0.0;0.262;0.372;0.437;0.752
2013-08-14 09:00:00;2013;8;14;9;288.722;17.411;64.616;2.615;0.0;0.263;0.372;0.436;0.752
2013-08-14 10:00:00;2013;8;14;10;328.515;17.448;65.157;1.232;0.0;0.264;0.373;0.435;0.752
2013-08-14 11:00:00;2013;8;14;11;800.395;19.429;57.513;2.337;0.0;0.265;0.373;0.434;0.752
2013-08-14 12:00:00;2013;8;14;12;754.123;20.397;53.483;3.031;0.0;0.267;0.372;0.433;0.752
2013-08-14 13:00:00;2013;8;14;13;457.427;19.673;52.88;2.492;0.0;0.269;0.373;0.432;0.751
2013-08-14 14:00:00;2013;8;14;14;406.593;20.179;51.467;2.637;0.0;0.269;0.374;0.431;0.752
2013-08-14 15:00:00;2013;8;14;15;287.516;20.08;50.883;2.18;0.0;0.269;0.375;0.43;0.752
2013-08-14 16:00:00;2013;8;14;16;312.359;20.263;49.035;2.496;0.0;0.269;0.376;0.43;0.752
2013-08-14 17:00:00;2013;8;14;17;109.04;18.926;54.351;2.415;0.0;0.268;0.377;0.43;0.752
2013-08-14 18:00:00;2013;8;14;18;19.431;16.509;58.187;2.21;0.0;0.267;0.377;0.43;0.751
2013-08-14 19:00:00;2013;8;14;19;-5.665;13.827;73.299;0.967;0.0;0.266;0.377;0.43;0.751
2013-08-14 20:00:00;2013;8;14;20;-5.897;12.524;81.723;0.792;0.0;0.265;0.377;0.431;0.752
2013-08-14 21:00:00;2013;8;14;21;-6.188;11.63;88.33;0.819;0.0;0.264;0.377;0.431;0.753
2013-08-14 22:00:00;2013;8;14;22;-6.097;11.061;90.562;0.77;0.0;0.264;0.377;0.431;0.753
2013-08-14 23:00:00;2013;8;14;23;-6.151;9.776;92.945;0.754;0.0;0.263;0.376;0.431;0.752
2013-08-15 00:00:00;2013;8;15;0;-5.758;8.847;94.615;0.568;0.003;0.262;0.377;0.431;0.753
2013-08-15 01:00:00;2013;8;15;1;-5.782;7.962;94.318;1.005;0.004;0.261;0.375;0.431;0.752
2013-08-15 02:00:00;2013;8;15;2;-5.353;7.939;95.813;1.774;0.004;0.261;0.376;0.432;0.752
2013-08-15 03:00:00;2013;8;15;3;-5.42;8.825;95.76;1.548;0.0;0.26;0.374;0.432;0.752
2013-08-15 04:00:00;2013;8;15;4;8.701;8.947;95.658;1.886;0.0;0.259;0.373;0.432;0.751
2013-08-15 05:00:00;2013;8;15;5;94.721;11.332;96.235;1.774;0.0;0.259;0.373;0.432;0.75
2013-08-15 06:00:00;2013;8;15;6;239.277;14.129;88.952;3.222;0.0;0.26;0.371;0.432;0.75
2013-08-15 07:00:00;2013;8;15;7;374.769;16.022;79.317;3.629;0.0;0.258;0.368;0.429;0.75
2013-08-15 08:00:00;2013;8;15;8;352.833;17.524;74.869;4.22;0.0;0.256;0.363;0.425;0.749
2013-08-15 09:00:00;2013;8;15;9;308.892;18.086;73.414;5.069;0.0;0.257;0.363;0.424;0.749
2013-08-15 10:00:00;2013;8;15;10;155.61;17.827;76.746;5.401;0.0;0.257;0.363;0.423;0.749
2013-08-15 11:00:00;2013;8;15;11;137.718;16.463;89.898;4.377;1.234;0.257;0.364;0.423;0.749
2013-08-15 12:00:00;2013;8;15;12;180.807;16.908;90.893;4.155;0.08;0.258;0.366;0.423;0.75
2013-08-15 13:00:00;2013;8;15;13;146.166;17.673;87.653;3.833;0.0;0.258;0.368;0.423;0.75
2013-08-15 14:00:00;2013;8;15;14;114.415;18.024;86.452;3.656;0.0;0.258;0.367;0.423;0.75
2013-08-15 15:00:00;2013;8;15;15;407.755;19.38;81.903;3.6;0.0;0.259;0.367;0.423;0.75
2013-08-15 16:00:00;2013;8;15;16;180.03;19.65;80.525;3.058;0.0;0.259;0.367;0.423;0.75
2013-08-15 17:00:00;2013;8;15;17;67.703;19.533;81.525;2.809;0.0;0.26;0.367;0.423;0.75
2013-08-15 18:00:00;2013;8;15;18;25.331;19.044;84.117;2.795;0.0;0.26;0.367;0.423;0.75
2013-08-15 19:00:00;2013;8;15;19;-5.553;18.013;88.363;2.096;0.0;0.259;0.367;0.423;0.75
2013-08-15 20:00:00;2013;8;15;20;-6.074;16.502;91.873;2.416;0.0;0.259;0.368;0.423;0.75
2013-08-15 21:00:00;2013;8;15;21;-5.771;15.65;93.402;2.765;0.0;0.258;0.367;0.424;0.75
2013-08-15 22:00:00;2013;8;15;22;-5.514;15.082;93.897;2.819;0.01;0.258;0.367;0.424;0.75
2013-08-15 23:00:00;2013;8;15;23;-5.634;14.706;93.91;2.138;0.0;0.257;0.367;0.424;0.75
2013-08-16 00:00:00;2013;8;16;0;-5.879;14.372;94.105;2.112;0.0;0.257;0.367;0.424;0.75
2013-08-16 01:00:00;2013;8;16;1;-5.594;13.904;93.86;2.728;0.0;0.256;0.366;0.424;0.75
2013-08-16 02:00:00;2013;8;16;2;-5.434;13.733;93.33;2.989;0.0;0.256;0.366;0.424;0.75
2013-08-16 03:00:00;2013;8;16;3;-5.694;13.447;92.183;2.332;0.0;0.255;0.365;0.424;0.75
2013-08-16 04:00:00;2013;8;16;4;3.439;13.362;91.997;1.962;0.0;0.255;0.365;0.424;0.75
2013-08-16 05:00:00;2013;8;16;5;85.325;14.346;90.542;2.343;0.0;0.255;0.364;0.424;0.75
2013-08-16 06:00:00;2013;8;16;6;228.995;16.683;84.345;3.014;0.0;0.255;0.364;0.424;0.749
2013-08-16 07:00:00;2013;8;16;7;354.226;19.235;73.863;4.039;0.0;0.255;0.364;0.424;0.75
2013-08-16 08:00:00;2013;8;16;8;454.411;20.992;63.646;4.861;0.0;0.256;0.364;0.423;0.749
2013-08-16 09:00:00;2013;8;16;9;662.433;22.836;56.936;5.254;0.0;0.258;0.364;0.422;0.75
2013-08-16 10:00:00;2013;8;16;10;747.485;24.455;50.308;5.871;0.0;0.259;0.364;0.421;0.75
2013-08-16 11:00:00;2013;8;16;11;606.773;25.324;46.044;6.886;0.0;0.261;0.364;0.419;0.751
2013-08-16 12:00:00;2013;8;16;12;518.866;25.59;45.882;6.074;0.0;0.261;0.365;0.418;0.751
2013-08-16 13:00:00;2013;8;16;13;545.176;26.214;43.636;5.807;0.0;0.261;0.366;0.417;0.752
2013-08-16 14:00:00;2013;8;16;14;382.436;26.204;43.114;5.261;0.0;0.263;0.366;0.416;0.752
2013-08-16 15:00:00;2013;8;16;15;237.72;24.478;56.63;3.893;0.0;0.262;0.367;0.415;0.753
2013-08-16 16:00:00;2013;8;16;16;65.156;21.656;60.804;5.008;0.0;0.262;0.368;0.415;0.752
2013-08-16 17:00:00;2013;8;16;17;9.728;19.746;63.346;3.936;0.0;0.261;0.368;0.415;0.751
2013-08-16 18:00:00;2013;8;16;18;-3.46;18.708;73.803;1.195;0.0;0.261;0.368;0.415;0.751
2013-08-16 19:00:00;2013;8;16;19;-6.25;17.945;83.388;1.744;0.1;0.26;0.368;0.416;0.751
2013-08-16 20:00:00;2013;8;16;20;-5.667;17.362;87.563;1.89;0.02;0.26;0.368;0.416;0.751
2013-08-16 21:00:00;2013;8;16;21;-4.694;17.043;85.763;2.11;0.0;0.259;0.367;0.416;0.751
2013-08-16 22:00:00;2013;8;16;22;-5.927;16.719;86.93;1.126;0.01;0.259;0.367;0.417;0.751
2013-08-16 23:00:00;2013;8;16;23;-5.704;16.174;91.618;1.875;0.18;0.259;0.367;0.417;0.751
2013-08-17 00:00:00;2013;8;17;0;-4.293;16.416;92.555;2.794;0.37;0.258;0.367;0.417;0.751
2013-08-17 01:00:00;2013;8;17;1;-4.365;16.389;93.1;2.977;0.03;0.258;0.366;0.417;0.751
2013-08-17 02:00:00;2013;8;17;2;-4.353;16.519;92.588;3.092;0.02;0.258;0.366;0.417;0.752
2013-08-17 03:00:00;2013;8;17;3;-4.244;16.605;90.913;3.51;0.0;0.258;0.366;0.417;0.752
2013-08-17 04:00:00;2013;8;17;4;-2.347;16.521;90.095;2.245;0.0;0.258;0.366;0.417;0.752
2013-08-17 05:00:00;2013;8;17;5;28.745;16.725;89.712;2.378;0.0;0.258;0.366;0.417;0.752
2013-08-17 06:00:00;2013;8;17;6;132.278;17.478;88.257;2.717;0.0;0.258;0.366;0.417;0.752
2013-08-17 07:00:00;2013;8;17;7;295.349;18.366;86.422;4.185;0.0;0.259;0.366;0.418;0.751
2013-08-17 08:00:00;2013;8;17;8;419.61;19.245;80.3;4.437;0.0;0.259;0.366;0.417;0.752
2013-08-17 09:00:00;2013;8;17;9;341.972;19.799;74.378;5.238;0.0;0.26;0.366;0.417;0.751
2013-08-17 10:00:00;2013;8;17;10;365.812;20.272;69.129;5.376;0.0;0.26;0.366;0.416;0.751
2013-08-17 11:00:00;2013;8;17;11;632.749;21.408;64.19;6.022;0.0;0.261;0.366;0.416;0.751
2013-08-17 12:00:00;2013;8;17;12;611.004;21.834;62.463;6.129;0.0;0.262;0.367;0.415;0.751
2013-08-17 13:00:00;2013;8;17;13;390.862;21.877;63.191;5.921;0.0;0.262;0.367;0.414;0.752
2013-08-17 14:00:00;2013;8;17;14;418.187;21.949;62.591;5.7;0.0;0.263;0.368;0.414;0.752
2013-08-17 15:00:00;2013;8;17;15;328.334;22.022;62.055;4.346;0.0;0.263;0.368;0.413;0.753
2013-08-17 16:00:00;2013;8;17;16;174.938;21.876;60.636;4.605;0.0;0.263;0.369;0.413;0.753
2013-08-17 17:00:00;2013;8;17;17;49.736;21.338;64.233;2.329;0.0;0.262;0.369;0.413;0.753
2013-08-17 18:00:00;2013;8;17;18;3.754;20.116;71.573;2.318;0.0;0.262;0.369;0.413;0.752
2013-08-17 19:00:00;2013;8;17;19;-4.939;19.123;74.414;2.973;0.0;0.261;0.369;0.413;0.752
2013-08-17 20:00:00;2013;8;17;20;-3.933;19.568;71.957;4.137;0.0;0.261;0.369;0.413;0.751
2013-08-17 21:00:00;2013;8;17;21;-4.995;19.613;73.681;3.949;0.0;0.26;0.368;0.413;0.751
2013-08-17 22:00:00;2013;8;17;22;-4.453;18.544;80.336;2.753;0.0;0.26;0.368;0.414;0.751
2013-08-17 23:00:00;2013;8;17;23;-4.687;18.225;80.211;2.859;0.0;0.259;0.368;0.414;0.751
2013-08-18 00:00:00;2013;8;18;0;-5.138;18.009;80.617;3.363;0.01;0.259;0.367;0.414;0.751
2013-08-18 01:00:00;2013;8;18;1;-4.307;18.044;79.444;3.934;0.0;0.259;0.367;0.414;0.751
2013-08-18 02:00:00;2013;8;18;2;-3.751;18.034;81.595;4.121;0.0;0.259;0.367;0.414;0.752
2013-08-18 03:00:00;2013;8;18;3;-4.526;18.362;77.621;4.775;0.13;0.258;0.367;0.414;0.752
2013-08-18 04:00:00;2013;8;18;4;-2.955;17.448;85.411;5.885;1.45;0.259;0.371;0.415;0.752
2013-08-18 05:00:00;2013;8;18;5;11.47;16.747;92.785;6.116;1.81;0.263;0.385;0.427;0.752
2013-08-18 06:00:00;2013;8;18;6;21.629;16.822;92.577;5.198;1.62;0.268;0.391;0.444;0.751
2013-08-18 07:00:00;2013;8;18;7;55.536;17.149;93.177;5.716;1.02;0.269;0.393;0.461;0.754
2013-08-18 08:00:00;2013;8;18;8;96.4;17.658;92.468;5.848;0.034;0.27;0.396;0.46;0.754
2013-08-18 09:00:00;2013;8;18;9;194.238;18.492;89.407;6.224;0.075;0.271;0.396;0.453;0.754
2013-08-18 10:00:00;2013;8;18;10;528.169;20.01;82.69;7.099;0.0;0.272;0.394;0.449;0.754
2013-08-18 11:00:00;2013;8;18;11;567.794;21.126;72.945;6.857;0.0;0.272;0.388;0.446;0.751
2013-08-18 12:00:00;2013;8;18;12;644.824;21.887;67.503;6.512;0.0;0.272;0.386;0.444;0.75
2013-08-18 13:00:00;2013;8;18;13;694.79;22.66;56.564;6.878;0.0;0.272;0.385;0.441;0.749
2013-08-18 14:00:00;2013;8;18;14;541.257;22.29;57.736;6.274;0.0;0.272;0.384;0.439;0.749
2013-08-18 15:00:00;2013;8;18;15;379.33;21.786;59.429;5.939;0.0;0.271;0.384;0.437;0.749
2013-08-18 16:00:00;2013;8;18;16;245.907;21.194;60.975;4.449;0.0;0.27;0.384;0.436;0.75
2013-08-18 17:00:00;2013;8;18;17;142.582;20.801;60.314;3.586;0.0;0.27;0.383;0.435;0.75
2013-08-18 18:00:00;2013;8;18;18;24.079;19.029;68.277;2.027;0.0;0.269;0.382;0.435;0.75
2013-08-18 19:00:00;2013;8;18;19;-6.241;15.892;82.642;1.283;0.0;0.268;0.381;0.435;0.751
2013-08-18 20:00:00;2013;8;18;20;-6.31;14.348;90.082;0.846;0.003;0.267;0.38;0.435;0.752
2013-08-18 21:00:00;2013;8;18;21;-5.546;13.457;92.383;0.887;0.003;0.266;0.379;0.435;0.752
2013-08-18 22:00:00;2013;8;18;22;-4.696;13.731;94.473;1.413;0.001;0.265;0.378;0.436;0.752
2013-08-18 23:00:00;2013;8;18;23;-4.718;14.582;93.755;1.023;0.0;0.264;0.377;0.436;0.753
2013-08-19 00:00:00;2013;8;19;0;-5.644;14.627;93.297;0.894;0.001;0.264;0.377;0.435;0.752
2013-08-19 01:00:00;2013;8;19;1;-4.846;14.119;94.28;1.108;0.003;0.263;0.376;0.435;0.753
2013-08-19 02:00:00;2013;8;19;2;-5.171;14.727;92.507;1.843;0.0;0.263;0.376;0.435;0.752
2013-08-19 03:00:00;2013;8;19;3;-5.335;15.101;83.085;2.294;0.0;0.263;0.375;0.436;0.753
2013-08-19 04:00:00;2013;8;19;4;-2.293;13.684;88.155;1.159;0.005;0.262;0.376;0.435;0.752
2013-08-19 05:00:00;2013;8;19;5;58.146;14.101;88.105;2.317;0.001;0.262;0.374;0.435;0.752
2013-08-19 06:00:00;2013;8;19;6;85.932;15.667;86.853;2.859;0.0;0.262;0.374;0.434;0.752
2013-08-19 07:00:00;2013;8;19;7;118.047;16.437;85.141;4.303;0.0;0.262;0.373;0.434;0.752
2013-08-19 08:00:00;2013;8;19;8;330.313;17.042;75.012;5.8;0.0;0.262;0.373;0.435;0.752
2013-08-19 09:00:00;2013;8;19;9;440.237;17.283;71.477;5.399;0.0;0.262;0.373;0.433;0.752
2013-08-19 10:00:00;2013;8;19;10;356.745;16.335;79.686;4.061;0.282;0.263;0.372;0.433;0.752
2013-08-19 11:00:00;2013;8;19;11;826.03;18.234;74.573;5.419;0.0;0.264;0.372;0.434;0.752
2013-08-19 12:00:00;2013;8;19;12;580.528;19.52;65.659;5.964;0.0;0.265;0.372;0.432;0.751
2013-08-19 13:00:00;2013;8;19;13;566.037;19.95;60.238;6.511;0.0;0.266;0.372;0.432;0.751
2013-08-19 14:00:00;2013;8;19;14;449.162;19.984;49.694;7.363;0.0;0.266;0.373;0.431;0.752
2013-08-19 15:00:00;2013;8;19;15;269.731;19.204;53.225;6.589;0.0;0.266;0.373;0.429;0.751
2013-08-19 16:00:00;2013;8;19;16;182.612;18.652;57.385;5.337;0.0;0.265;0.373;0.431;0.751
2013-08-19 17:00:00;2013;8;19;17;117.598;18.054;60.813;3.645;0.0;0.264;0.373;0.43;0.751
2013-08-19 18:00:00;2013;8;19;18;25.302;16.311;66.607;3.08;0.0;0.264;0.373;0.429;0.751
2013-08-19 19:00:00;2013;8;19;19;-5.146;13.663;79.039;2.496;0.0;0.263;0.372;0.429;0.751
2013-08-19 20:00:00;2013;8;19;20;-6.039;12.519;83.207;2.435;0.001;0.262;0.372;0.43;0.751
2013-08-19 21:00:00;2013;8;19;21;-6.343;11.789;87.577;1.126;0.003;0.261;0.371;0.43;0.751
2013-08-19 22:00:00;2013;8;19;22;-6.663;11.036;90.925;0.407;0.004;0.26;0.371;0.43;0.751
2013-08-19 23:00:00;2013;8;19;23;-6.256;10.244;92.953;0.813;0.004;0.259;0.37;0.43;0.751
2013-08-20 00:00:00;2013;8;20;0;-5.799;8.972;94.957;1.02;0.003;0.258;0.369;0.43;0.751
2013-08-20 01:00:00;2013;8;20;1;-5.808;9.076;95.283;0.774;0.004;0.258;0.369;0.43;0.751
2013-08-20 02:00:00;2013;8;20;2;-6.059;8.332;94.383;0.626;0.003;0.257;0.368;0.43;0.751
2013-08-20 03:00:00;2013;8;20;3;-5.806;7.671;94.43;1.058;0.002;0.257;0.367;0.429;0.751
2013-08-20 04:00:00;2013;8;20;4;1.046;7.42;95.087;0.961;0.001;0.257;0.366;0.429;0.751
2013-08-20 05:00:00;2013;8;20;5;101.756;9.04;97.058;0.754;0.0;0.256;0.366;0.429;0.751
2013-08-20 06:00:00;2013;8;20;6;171.342;13.145;96.458;1.243;0.0;0.256;0.367;0.429;0.75
2013-08-20 07:00:00;2013;8;20;7;362.585;15.554;85.864;1.778;0.0;0.257;0.365;0.429;0.75
2013-08-20 08:00:00;2013;8;20;8;546.871;18.14;63.244;1.399;0.0;0.258;0.365;0.428;0.75
2013-08-20 09:00:00;2013;8;20;9;410.967;18.821;54.656;1.918;0.0;0.259;0.365;0.427;0.75
2013-08-20 10:00:00;2013;8;20;10;489.168;19.721;48.738;1.349;0.0;0.261;0.365;0.426;0.75
2013-08-20 11:00:00;2013;8;20;11;228.499;19.44;47.649;1.322;0.0;0.262;0.366;0.426;0.749
2013-08-20 12:00:00;2013;8;20;12;390.865;19.754;49.322;1.659;0.0;0.262;0.367;0.425;0.75
2013-08-20 13:00:00;2013;8;20;13;446.004;20.35;47.254;1.938;0.0;0.263;0.367;0.424;0.75
2013-08-20 14:00:00;2013;8;20;14;316.254;20.06;48.871;2.129;0.0;0.264;0.368;0.424;0.75
2013-08-20 15:00:00;2013;8;20;15;330.304;20.332;48.291;1.508;0.0;0.264;0.369;0.424;0.75
2013-08-20 16:00:00;2013;8;20;16;237.379;20.562;49.068;1.35;0.0;0.264;0.369;0.424;0.75
2013-08-20 17:00:00;2013;8;20;17;110.899;19.597;57.752;1.352;0.0;0.264;0.37;0.424;0.75
2013-08-20 18:00:00;2013;8;20;18;16.008;17.651;60.254;1.65;0.0;0.263;0.37;0.425;0.75
2013-08-20 19:00:00;2013;8;20;19;-6.866;14.365;81.14;1.297;0.0;0.262;0.371;0.425;0.75
2013-08-20 20:00:00;2013;8;20;20;-5.862;13.332;84.28;0.802;0.0;0.261;0.37;0.426;0.751
2013-08-20 21:00:00;2013;8;20;21;-6.668;13.067;89.662;1.473;0.0;0.261;0.37;0.428;0.75
2013-08-20 22:00:00;2013;8;20;22;-6.764;11.646;90.715;1.403;0.0;0.26;0.369;0.428;0.75
2013-08-20 23:00:00;2013;8;20;23;-6.129;10.906;93.152;1.599;0.0;0.259;0.369;0.427;0.75
2013-08-21 00:00:00;2013;8;21;0;-5.278;11.3;93.408;2.032;0.003;0.258;0.368;0.427;0.75
2013-08-21 01:00:00;2013;8;21;1;-4.072;12.924;89.047;2.207;0.0;0.258;0.368;0.427;0.75
2013-08-21 02:00:00;2013;8;21;2;-5.846;12.882;84.048;1.973;0.0;0.258;0.367;0.427;0.75
2013-08-21 03:00:00;2013;8;21;3;-5.309;11.972;85.443;1.923;0.001;0.257;0.367;0.427;0.75
2013-08-21 04:00:00;2013;8;21;4;3.537;11.102;87.337;2.769;0.002;0.256;0.367;0.427;0.75
2013-08-21 05:00:00;2013;8;21;5;60.058;11.496;89.602;2.312;0.0;0.257;0.366;0.427;0.75
2013-08-21 06:00:00;2013;8;21;6;162.528;13.619;83.531;2.174;0.0;0.257;0.365;0.427;0.749
2013-08-21 07:00:00;2013;8;21;7;225.614;15.542;76.432;3.14;0.0;0.257;0.365;0.427;0.749
2013-08-21 08:00:00;2013;8;21;8;429.007;17.889;65.681;3.241;0.0;0.257;0.365;0.426;0.749
2013-08-21 09:00:00;2013;8;21;9;550.303;19.936;56.751;3.16;0.0;0.258;0.365;0.425;0.749
2013-08-21 10:00:00;2013;8;21;10;593.15;21.204;51.381;3.656;0.0;0.26;0.364;0.424;0.749
2013-08-21 11:00:00;2013;8;21;11;631.751;21.943;49.001;3.485;0.0;0.261;0.365;0.423;0.749
2013-08-21 12:00:00;2013;8;21;12;604.274;22.621;46.691;2.732;0.0;0.262;0.365;0.421;0.749
2013-08-21 13:00:00;2013;8;21;13;398.25;22.569;47.356;2.801;0.0;0.263;0.366;0.42;0.751
2013-08-21 14:00:00;2013;8;21;14;430.411;22.813;46.883;2.29;0.0;0.264;0.367;0.419;0.751
2013-08-21 15:00:00;2013;8;21;15;314.534;22.783;46.748;2.134;0.0;0.264;0.368;0.418;0.752
2013-08-21 16:00:00;2013;8;21;16;174.558;22.389;47.499;1.709;0.0;0.264;0.369;0.418;0.752
2013-08-21 17:00:00;2013;8;21;17;110.733;21.828;57.692;0.907;0.0;0.264;0.369;0.418;0.752
2013-08-21 18:00:00;2013;8;21;18;10.509;19.807;64.487;0.862;0.0;0.263;0.37;0.419;0.751
2013-08-21 19:00:00;2013;8;21;19;-6.904;16.245;83.064;0.978;0.0;0.262;0.37;0.421;0.75
2013-08-21 20:00:00;2013;8;21;20;-6.847;14.378;88.4;0.843;0.0;0.262;0.369;0.422;0.749
2013-08-21 21:00:00;2013;8;21;21;-6.83;13.376;91.415;0.947;0.0;0.261;0.369;0.421;0.75
2013-08-21 22:00:00;2013;8;21;22;-6.696;12.67;92.688;1.675;0.0;0.26;0.368;0.421;0.75
2013-08-21 23:00:00;2013;8;21;23;-6.061;12.054;93.328;1.82;0.0;0.259;0.367;0.421;0.75
2013-08-22 00:00:00;2013;8;22;0;-5.975;11.757;93.412;1.896;0.004;0.258;0.367;0.421;0.75
2013-08-22 01:00:00;2013;8;22;1;-5.888;11.971;93.028;1.958;0.004;0.258;0.367;0.422;0.749
2013-08-22 02:00:00;2013;8;22;2;-5.644;11.865;92.948;2.055;0.001;0.257;0.366;0.422;0.749
2013-08-22 03:00:00;2013;8;22;3;-5.676;11.422;93.648;1.78;0.002;0.257;0.365;0.421;0.749
2013-08-22 04:00:00;2013;8;22;4;0.911;10.795;93.792;1.471;0.001;0.256;0.365;0.421;0.749
2013-08-22 05:00:00;2013;8;22;5;66.678;11.263;94.967;1.489;0.001;0.255;0.364;0.421;0.749
2013-08-22 06:00:00;2013;8;22;6;194.045;14.717;87.554;1.596;0.0;0.255;0.364;0.421;0.749
2013-08-22 07:00:00;2013;8;22;7;304.805;17.053;74.314;2.408;0.0;0.255;0.363;0.418;0.751
2013-08-22 08:00:00;2013;8;22;8;356.888;19.471;63.817;1.686;0.0;0.256;0.363;0.417;0.752
2013-08-22 09:00:00;2013;8;22;9;277.645;20.309;60.529;1.838;0.0;0.257;0.363;0.416;0.751
2013-08-22 10:00:00;2013;8;22;10;457.615;21.52;52.908;2.186;0.0;0.257;0.363;0.416;0.751
2013-08-22 11:00:00;2013;8;22;11;535.511;22.638;52.3;3.058;0.0;0.258;0.363;0.415;0.75
2013-08-22 12:00:00;2013;8;22;12;262.47;21.658;56.325;3.151;0.0;0.26;0.363;0.415;0.75
2013-08-22 13:00:00;2013;8;22;13;195.773;21.156;58.055;2.678;0.0;0.26;0.364;0.414;0.75
2013-08-22 14:00:00;2013;8;22;14;234.653;21.061;59.151;2.14;0.0;0.26;0.365;0.415;0.75
2013-08-22 15:00:00;2013;8;22;15;215.01;21.563;58.362;1.414;0.0;0.26;0.365;0.414;0.75
2013-08-22 16:00:00;2013;8;22;16;101.883;21.646;59.59;0.89;0.0;0.26;0.365;0.414;0.75
2013-08-22 17:00:00;2013;8;22;17;42.588;20.626;70.038;1.136;0.0;0.26;0.366;0.414;0.75
2013-08-22 18:00:00;2013;8;22;18;1.702;19.499;77.484;0.726;0.0;0.26;0.366;0.414;0.75
2013-08-22 19:00:00;2013;8;22;19;-6.375;18.331;85.828;0.768;0.0;0.259;0.366;0.415;0.75
2013-08-22 20:00:00;2013;8;22;20;-6.254;17.195;88.638;0.984;0.0;0.259;0.366;0.415;0.75
2013-08-22 21:00:00;2013;8;22;21;-5.35;16.226;91.143;1.257;0.0;0.258;0.366;0.415;0.75
2013-08-22 22:00:00;2013;8;22;22;-5.586;15.728;92.117;1.567;0.0;0.258;0.366;0.415;0.75
2013-08-22 23:00:00;2013;8;22;23;-5.353;15.023;93.752;1.658;0.0;0.258;0.366;0.417;0.751
2013-08-23 00:00:00;2013;8;23;0;-5.04;14.99;94.19;1.829;0.002;0.257;0.365;0.417;0.751
2013-08-23 01:00:00;2013;8;23;1;-5.813;14.561;94.103;1.32;0.004;0.257;0.365;0.417;0.751
2013-08-23 02:00:00;2013;8;23;2;-5.137;13.84;95.015;1.741;0.001;0.257;0.365;0.417;0.751
2013-08-23 03:00:00;2013;8;23;3;-5.223;13.294;94.942;1.661;0.002;0.256;0.364;0.417;0.751
2013-08-23 04:00:00;2013;8;23;4;-2.719;12.633;95.157;1.86;0.003;0.256;0.364;0.416;0.751
2013-08-23 05:00:00;2013;8;23;5;60.645;12.284;95.528;1.087;0.002;0.255;0.364;0.416;0.751
2013-08-23 06:00:00;2013;8;23;6;203.087;15.519;95.19;1.26;0.0;0.255;0.363;0.416;0.751
2013-08-23 07:00:00;2013;8;23;7;359.144;18.484;79.539;0.87;0.0;0.256;0.363;0.416;0.751
2013-08-23 08:00:00;2013;8;23;8;516.107;21.592;58.03;2.554;0.0;0.257;0.363;0.415;0.751
2013-08-23 09:00:00;2013;8;23;9;619.191;22.819;52.608;2.808;0.0;0.258;0.363;0.415;0.751
2013-08-23 10:00:00;2013;8;23;10;693.933;23.66;50.542;2.405;0.0;0.26;0.363;0.414;0.75
2013-08-23 11:00:00;2013;8;23;11;710.785;24.404;46.754;3.267;0.0;0.261;0.363;0.412;0.75
2013-08-23 12:00:00;2013;8;23;12;740.409;24.818;47.952;3.509;0.0;0.262;0.364;0.412;0.751
2013-08-23 13:00:00;2013;8;23;13;668.284;25.089;47.602;3.354;0.0;0.263;0.365;0.411;0.753
2013-08-23 14:00:00;2013;8;23;14;557.858;25.11;50.367;3.345;0.0;0.263;0.366;0.41;0.753
2013-08-23 15:00:00;2013;8;23;15;412.693;24.971;50.59;2.969;0.0;0.263;0.367;0.41;0.753
2013-08-23 16:00:00;2013;8;23;16;243.148;24.785;51.596;2.175;0.0;0.263;0.368;0.41;0.753
2013-08-23 17:00:00;2013;8;23;17;88.424;23.712;56.317;1.929;0.0;0.263;0.368;0.41;0.753
2013-08-23 18:00:00;2013;8;23;18;9.523;21.608;61.779;1.95;0.0;0.262;0.369;0.41;0.751
2013-08-23 19:00:00;2013;8;23;19;-5.97;20.01;65.698;2.377;0.0;0.261;0.368;0.411;0.75
2013-08-23 20:00:00;2013;8;23;20;-5.575;19.182;69.265;2.452;0.0;0.26;0.368;0.411;0.75
2013-08-23 21:00:00;2013;8;23;21;-6.007;18.007;74.062;2.127;0.0;0.26;0.367;0.411;0.75
2013-08-23 22:00:00;2013;8;23;22;-4.886;18.558;70.595;3.042;0.0;0.259;0.367;0.411;0.75
2013-08-23 23:00:00;2013;8;23;23;-4.732;18.965;68.347;4.464;0.0;0.258;0.366;0.411;0.75
2013-08-24 00:00:00;2013;8;24;0;-4.666;18.679;67.476;4.377;0.002;0.258;0.365;0.412;0.75
2013-08-24 01:00:00;2013;8;24;1;-4.664;18.303;67.672;3.886;0.001;0.258;0.365;0.412;0.75
2013-08-24 02:00:00;2013;8;24;2;-4.641;17.874;67.336;3.939;0.0;0.257;0.365;0.412;0.751
2013-08-24 03:00:00;2013;8;24;3;-4.674;17.39;69.166;4.156;0.0;0.257;0.364;0.412;0.751
2013-08-24 04:00:00;2013;8;24;4;-0.103;16.896;71.4;4.07;0.002;0.256;0.364;0.411;0.751
2013-08-24 05:00:00;2013;8;24;5;39.944;16.939;72.838;4.509;0.0;0.256;0.363;0.412;0.751
2013-08-24 06:00:00;2013;8;24;6;116.615;16.984;72.811;4.136;0.0;0.256;0.363;0.412;0.751
2013-08-24 07:00:00;2013;8;24;7;288.146;18.244;68.837;4.94;0.0;0.255;0.363;0.411;0.751
2013-08-24 08:00:00;2013;8;24;8;401.889;19.903;62.863;5.722;0.0;0.256;0.362;0.411;0.751
2013-08-24 09:00:00;2013;8;24;9;365.074;20.905;59.525;5.425;0.0;0.256;0.362;0.41;0.751
2013-08-24 10:00:00;2013;8;24;10;520.773;22.124;56.497;4.88;0.0;0.257;0.362;0.409;0.751
2013-08-24 11:00:00;2013;8;24;11;490.339;23.261;53.084;4.427;0.0;0.258;0.362;0.408;0.75
2013-08-24 12:00:00;2013;8;24;12;306.617;22.983;54.961;3.549;0.0;0.259;0.362;0.407;0.75
2013-08-24 13:00:00;2013;8;24;13;370.054;22.98;55.639;3.353;0.0;0.259;0.363;0.407;0.75
2013-08-24 14:00:00;2013;8;24;14;182.238;21.879;62.487;4.584;0.0;0.26;0.363;0.407;0.75
2013-08-24 15:00:00;2013;8;24;15;99.197;19.223;79.987;4.289;0.0;0.259;0.364;0.407;0.75
2013-08-24 16:00:00;2013;8;24;16;39.087;18.478;86.972;2.005;0.117;0.259;0.364;0.407;0.75
2013-08-24 17:00:00;2013;8;24;17;11.462;18.172;90.328;1.694;0.541;0.259;0.364;0.407;0.75
2013-08-24 18:00:00;2013;8;24;18;2.427;17.775;90.252;1.399;0.09;0.258;0.364;0.413;0.75
2013-08-24 19:00:00;2013;8;24;19;-5.353;17.103;92.887;1.693;0.047;0.258;0.364;0.414;0.75
2013-08-24 20:00:00;2013;8;24;20;-5.006;17.216;92.33;2.516;0.007;0.258;0.364;0.414;0.75
2013-08-24 21:00:00;2013;8;24;21;-5.244;17.272;92.738;1.869;0.046;0.258;0.364;0.413;0.75
2013-08-24 22:00:00;2013;8;24;22;-5.477;17.115;93.735;2.004;0.005;0.258;0.364;0.413;0.75
2013-08-24 23:00:00;2013;8;24;23;-5.877;16.604;93.702;2.055;0.001;0.257;0.364;0.413;0.75
2013-08-25 00:00:00;2013;8;25;0;-5.034;16.633;94.362;2.411;0.003;0.256;0.364;0.412;0.75
2013-08-25 01:00:00;2013;8;25;1;-5.331;16.66;94.347;1.859;0.001;0.256;0.363;0.412;0.751
2013-08-25 02:00:00;2013;8;25;2;-5.611;15.84;94.803;1.512;0.001;0.256;0.363;0.412;0.751
2013-08-25 03:00:00;2013;8;25;3;-5.317;15.321;95.253;1.343;0.003;0.256;0.363;0.412;0.751
2013-08-25 04:00:00;2013;8;25;4;-3.254;15.363;95.553;1.845;0.001;0.255;0.363;0.412;0.751
2013-08-25 05:00:00;2013;8;25;5;19.906;15.433;96.017;2.059;0.0;0.255;0.363;0.412;0.751
2013-08-25 06:00:00;2013;8;25;6;18.762;15.395;95.567;1.042;0.0;0.255;0.362;0.411;0.751
2013-08-25 07:00:00;2013;8;25;7;68.396;16.028;94.942;0.771;0.0;0.255;0.362;0.411;0.751
2013-08-25 08:00:00;2013;8;25;8;183.643;17.006;92.452;1.567;0.0;0.255;0.362;0.411;0.751
2013-08-25 09:00:00;2013;8;25;9;170.234;17.984;87.722;2.059;0.0;0.256;0.362;0.411;0.751
2013-08-25 10:00:00;2013;8;25;10;147.725;18.486;85.69;1.876;0.0;0.257;0.362;0.41;0.751
2013-08-25 11:00:00;2013;8;25;11;177.686;18.765;83.867;2.362;0.0;0.257;0.362;0.41;0.751
2013-08-25 12:00:00;2013;8;25;12;370.917;19.564;79.142;2.293;0.0;0.258;0.363;0.41;0.751
2013-08-25 13:00:00;2013;8;25;13;414.731;20.563;73.249;2.354;0.0;0.258;0.363;0.41;0.751
2013-08-25 14:00:00;2013;8;25;14;375.944;21.722;66.183;1.907;0.0;0.259;0.363;0.41;0.75
2013-08-25 15:00:00;2013;8;25;15;211.893;22.256;65.399;1.244;0.0;0.26;0.364;0.409;0.75
2013-08-25 16:00:00;2013;8;25;16;116.894;21.251;75.912;2.618;0.0;0.261;0.364;0.409;0.751
2013-08-25 17:00:00;2013;8;25;17;45.455;20.313;80.442;1.865;0.0;0.26;0.365;0.41;0.751
2013-08-25 18:00:00;2013;8;25;18;2.4;18.459;87.76;2.29;0.0;0.26;0.366;0.41;0.751
2013-08-25 19:00:00;2013;8;25;19;-6.426;16.38;91.955;2.07;0.0;0.259;0.366;0.41;0.751
2013-08-25 20:00:00;2013;8;25;20;-6.206;15.556;92.132;1.672;0.0;0.258;0.365;0.41;0.751
2013-08-25 21:00:00;2013;8;25;21;-5.278;16.334;80.772;2.058;0.0;0.257;0.365;0.41;0.751
2013-08-25 22:00:00;2013;8;25;22;-4.945;16.747;72.475;2.407;0.0;0.257;0.365;0.409;0.751
2013-08-25 23:00:00;2013;8;25;23;-5.747;15.841;70.222;3.077;0.0;0.256;0.364;0.41;0.75
2013-08-26 00:00:00;2013;8;26;0;-5.536;15.076;70.207;3.165;0.005;0.256;0.364;0.41;0.75
2013-08-26 01:00:00;2013;8;26;1;-5.864;14.423;71.173;2.214;0.002;0.255;0.363;0.41;0.75
2013-08-26 02:00:00;2013;8;26;2;-5.864;14.375;71.523;2.057;0.003;0.255;0.362;0.41;0.75
2013-08-26 03:00:00;2013;8;26;3;-5.981;13.513;75.453;1.791;0.002;0.254;0.362;0.41;0.75
2013-08-26 04:00:00;2013;8;26;4;-3.326;12.83;78.599;1.267;0.002;0.254;0.362;0.41;0.75
2013-08-26 05:00:00;2013;8;26;5;37.151;13.73;77.047;2.025;0.0;0.254;0.361;0.41;0.75
2013-08-26 06:00:00;2013;8;26;6;147.697;14.526;74.652;2.273;0.0;0.254;0.361;0.409;0.75
2013-08-26 07:00:00;2013;8;26;7;362.793;15.987;70.614;3.26;0.0;0.254;0.36;0.409;0.75
2013-08-26 08:00:00;2013;8;26;8;348.791;16.656;67.578;3.245;0.0;0.255;0.36;0.409;0.75
2013-08-26 09:00:00;2013;8;26;9;598.529;18.992;61.946;2.975;0.0;0.255;0.36;0.408;0.751
2013-08-26 10:00:00;2013;8;26;10;680.303;21.897;44.643;5.652;0.0;0.256;0.36;0.407;0.751
2013-08-26 11:00:00;2013;8;26;11;766.085;22.374;39.864;6.054;0.0;0.257;0.36;0.406;0.751
2013-08-26 12:00:00;2013;8;26;12;734.768;22.762;37.82;5.32;0.0;0.258;0.36;0.405;0.75
2013-08-26 13:00:00;2013;8;26;13;681.65;23.053;37.878;5.056;0.0;0.259;0.361;0.404;0.749
2013-08-26 14:00:00;2013;8;26;14;564.209;23.28;37.987;4.862;0.0;0.259;0.361;0.404;0.749
2013-08-26 15:00:00;2013;8;26;15;328.282;22.405;41.573;4.224;0.0;0.259;0.362;0.403;0.75
2013-08-26 16:00:00;2013;8;26;16;206.358;21.622;43.794;4.059;0.0;0.259;0.362;0.402;0.75
2013-08-26 17:00:00;2013;8;26;17;115.714;21.126;45.166;2.91;0.0;0.258;0.363;0.403;0.75
2013-08-26 18:00:00;2013;8;26;18;12.677;19.511;48.97;2.028;0.0;0.258;0.363;0.403;0.75
2013-08-26 19:00:00;2013;8;26;19;-6.707;17.507;55.334;1.606;0.0;0.257;0.363;0.403;0.75
2013-08-26 20:00:00;2013;8;26;20;-5.804;16.685;58.884;1.912;0.0;0.256;0.362;0.404;0.751
2013-08-26 21:00:00;2013;8;26;21;-5.844;15.786;62.351;1.941;0.0;0.255;0.362;0.404;0.751
2013-08-26 22:00:00;2013;8;26;22;-5.143;15.015;64.721;1.982;0.0;0.255;0.362;0.404;0.751
2013-08-26 23:00:00;2013;8;26;23;-4.488;15.541;63.493;2.065;0.0;0.254;0.361;0.405;0.75
2013-08-27 00:00:00;2013;8;27;0;-5.527;15.098;64.659;1.478;0.002;0.254;0.361;0.406;0.75
2013-08-27 01:00:00;2013;8;27;1;-6.071;14.105;66.241;1.303;0.004;0.253;0.36;0.407;0.75
2013-08-27 02:00:00;2013;8;27;2;-6.091;13.426;68.02;1.974;0.004;0.253;0.36;0.406;0.75
2013-08-27 03:00:00;2013;8;27;3;-6.076;10.708;79.422;1.298;0.004;0.253;0.359;0.406;0.75
2013-08-27 04:00:00;2013;8;27;4;-2.002;8.368;88.683;1.967;0.003;0.251;0.359;0.405;0.751
2013-08-27 05:00:00;2013;8;27;5;64.759;10.071;85.087;2.026;0.0;0.252;0.358;0.406;0.751
2013-08-27 06:00:00;2013;8;27;6;206.416;13.685;74.414;1.24;0.0;0.251;0.358;0.405;0.751
2013-08-27 07:00:00;2013;8;27;7;365.168;16.992;62.364;1.141;0.0;0.252;0.357;0.405;0.751
2013-08-27 08:00:00;2013;8;27;8;516.387;19.572;54.517;1.884;0.0;0.253;0.357;0.404;0.75
2013-08-27 09:00:00;2013;8;27;9;607.862;21.665;45.415;3.058;0.0;0.254;0.357;0.403;0.75
2013-08-27 10:00:00;2013;8;27;10;539.145;21.997;39.774;3.866;0.0;0.255;0.358;0.402;0.751
2013-08-27 11:00:00;2013;8;27;11;710.036;22.56;37.744;4.128;0.0;0.256;0.358;0.401;0.75
2013-08-27 12:00:00;2013;8;27;12;646.498;22.911;36.953;3.253;0.0;0.257;0.359;0.401;0.75
2013-08-27 13:00:00;2013;8;27;13;411.85;22.457;37.231;2.857;0.0;0.258;0.36;0.4;0.749
2013-08-27 14:00:00;2013;8;27;14;518.35;22.815;36.547;3.262;0.0;0.258;0.361;0.399;0.749
2013-08-27 15:00:00;2013;8;27;15;376.283;22.498;36.29;2.552;0.0;0.258;0.361;0.398;0.749
2013-08-27 16:00:00;2013;8;27;16;206.317;22.076;39.31;2.539;0.0;0.258;0.362;0.397;0.749
2013-08-27 17:00:00;2013;8;27;17;99.755;21.091;44.728;2.015;0.0;0.258;0.362;0.397;0.749
2013-08-27 18:00:00;2013;8;27;18;5.602;18.918;49.483;2.244;0.0;0.257;0.362;0.398;0.749
2013-08-27 19:00:00;2013;8;27;19;-7.062;15.065;66.865;1.734;0.0;0.256;0.362;0.398;0.748
2013-08-27 20:00:00;2013;8;27;20;-5.555;13.431;76.675;1.965;0.0;0.256;0.361;0.398;0.747
2013-08-27 21:00:00;2013;8;27;21;-4.387;14.091;79.428;2.137;0.0;0.255;0.361;0.398;0.748
2013-08-27 22:00:00;2013;8;27;22;-4.82;14.558;80.727;1.811;0.0;0.255;0.36;0.398;0.748
2013-08-27 23:00:00;2013;8;27;23;-5.064;14.613;80.753;1.468;0.0;0.254;0.359;0.399;0.748
2013-08-28 00:00:00;2013;8;28;0;-5.708;13.699;80.376;1.873;0.006;0.254;0.359;0.399;0.747
2013-08-28 01:00:00;2013;8;28;1;-5.997;11.656;86.375;2.144;0.004;0.253;0.358;0.398;0.748
2013-08-28 02:00:00;2013;8;28;2;-5.183;10.619;89.482;2.959;0.006;0.253;0.358;0.398;0.748
2013-08-28 03:00:00;2013;8;28;3;-4.895;10.551;90.96;2.79;0.001;0.252;0.357;0.398;0.749
2013-08-28 04:00:00;2013;8;28;4;-2.308;11.53;90.423;2.219;0.0;0.252;0.356;0.398;0.749
2013-08-28 05:00:00;2013;8;28;5;20.304;12.951;87.662;1.787;0.0;0.252;0.356;0.398;0.749
2013-08-28 06:00:00;2013;8;28;6;55.544;14.25;86.852;2.292;0.0;0.252;0.356;0.398;0.749
2013-08-28 07:00:00;2013;8;28;7;182.136;16.339;78.247;2.018;0.0;0.251;0.354;0.395;0.749
2013-08-28 08:00:00;2013;8;28;8;404.08;19.089;62.072;2.156;0.0;0.251;0.353;0.394;0.749
2013-08-28 09:00:00;2013;8;28;9;403.289;20.308;55.802;2.914;0.0;0.253;0.353;0.393;0.748
2013-08-28 10:00:00;2013;8;28;10;665.454;21.725;48.077;2.716;0.0;0.254;0.354;0.393;0.747
2013-08-28 11:00:00;2013;8;28;11;524.958;22.374;44.063;3.113;0.0;0.255;0.355;0.392;0.747
2013-08-28 12:00:00;2013;8;28;12;339.317;22.236;42.607;2.827;0.0;0.255;0.356;0.392;0.747
2013-08-28 13:00:00;2013;8;28;13;422.988;23.116;39.571;2.351;0.0;0.256;0.357;0.392;0.747
2013-08-28 14:00:00;2013;8;28;14;353.634;22.871;41.003;1.338;0.0;0.256;0.358;0.391;0.747
2013-08-28 15:00:00;2013;8;28;15;402.179;23.442;42.358;3.09;0.0;0.257;0.359;0.391;0.747
2013-08-28 16:00:00;2013;8;28;16;276.216;22.139;56.08;4.077;0.0;0.257;0.359;0.391;0.747
2013-08-28 17:00:00;2013;8;28;17;90.073;20.49;60.592;3.874;0.0;0.257;0.36;0.391;0.747
2013-08-28 18:00:00;2013;8;28;18;2.937;18.238;71.325;3.211;0.0;0.256;0.36;0.391;0.747
2013-08-28 19:00:00;2013;8;28;19;-5.514;16.276;82.206;3.052;0.0;0.254;0.36;0.391;0.747
2013-08-28 20:00:00;2013;8;28;20;-5.506;15.0;88.292;2.627;0.0;0.254;0.359;0.392;0.747
2013-08-28 21:00:00;2013;8;28;21;-5.577;14.237;90.418;2.269;0.0;0.253;0.358;0.392;0.747
2013-08-28 22:00:00;2013;8;28;22;-6.24;12.827;93.002;0.89;0.0;0.253;0.357;0.392;0.747
2013-08-28 23:00:00;2013;8;28;23;-5.977;11.586;94.408;1.08;0.0;0.252;0.357;0.392;0.747
2013-08-29 00:00:00;2013;8;29;0;-5.38;10.959;95.432;2.025;0.003;0.251;0.356;0.392;0.748
2013-08-29 01:00:00;2013;8;29;1;-5.318;10.734;95.643;2.062;0.002;0.25;0.355;0.392;0.748
2013-08-29 02:00:00;2013;8;29;2;-5.07;10.162;96.017;2.13;0.002;0.25;0.354;0.392;0.748
2013-08-29 03:00:00;2013;8;29;3;-5.818;9.566;94.788;0.745;0.002;0.249;0.354;0.392;0.748
2013-08-29 04:00:00;2013;8;29;4;-3.67;8.853;94.583;0.872;0.001;0.249;0.353;0.391;0.748
2013-08-29 05:00:00;2013;8;29;5;37.378;9.294;95.902;0.663;0.0;0.249;0.352;0.391;0.748
2013-08-29 06:00:00;2013;8;29;6;155.109;11.968;97.485;0.665;0.0;0.249;0.352;0.391;0.748
2013-08-29 07:00:00;2013;8;29;7;304.235;14.717;96.663;0.811;0.0;0.249;0.352;0.391;0.748
2013-08-29 08:00:00;2013;8;29;8;368.103;17.221;89.268;1.284;0.0;0.251;0.352;0.391;0.748
2013-08-29 09:00:00;2013;8;29;9;503.537;20.186;68.825;2.269;0.0;0.252;0.352;0.391;0.747
2013-08-29 10:00:00;2013;8;29;10;530.575;21.388;59.487;2.231;0.0;0.253;0.353;0.39;0.746
2013-08-29 11:00:00;2013;8;29;11;479.679;21.987;54.314;3.014;0.0;0.255;0.355;0.39;0.746
2013-08-29 12:00:00;2013;8;29;12;604.471;22.56;53.229;3.295;0.0;0.255;0.356;0.389;0.746
2013-08-29 13:00:00;2013;8;29;13;498.958;22.776;49.599;3.56;0.0;0.256;0.357;0.389;0.746
2013-08-29 14:00:00;2013;8;29;14;495.748;23.201;45.002;4.686;0.0;0.256;0.358;0.389;0.746
2013-08-29 15:00:00;2013;8;29;15;375.709;23.11;41.456;4.637;0.0;0.256;0.358;0.388;0.746
2013-08-29 16:00:00;2013;8;29;16;220.686;22.46;45.39;3.895;0.0;0.256;0.359;0.388;0.746
2013-08-29 17:00:00;2013;8;29;17;83.52;21.144;51.312;2.91;0.0;0.256;0.359;0.388;0.746
2013-08-29 18:00:00;2013;8;29;18;3.725;18.815;58.796;2.753;0.0;0.255;0.359;0.389;0.746
2013-08-29 19:00:00;2013;8;29;19;-7.107;15.623;70.761;1.228;0.0;0.254;0.358;0.389;0.745
2013-08-29 20:00:00;2013;8;29;20;-7.273;13.67;81.198;0.668;0.0;0.252;0.358;0.389;0.746
2013-08-29 21:00:00;2013;8;29;21;-6.583;11.973;89.717;0.746;0.0;0.251;0.357;0.389;0.746
2013-08-29 22:00:00;2013;8;29;22;-6.344;11.51;93.165;1.087;0.0;0.251;0.356;0.389;0.747
2013-08-29 23:00:00;2013;8;29;23;-6.039;10.748;93.035;1.755;0.0;0.25;0.355;0.389;0.747
2013-08-30 00:00:00;2013;8;30;0;-5.828;10.26;93.81;1.069;0.004;0.249;0.354;0.389;0.747
2013-08-30 01:00:00;2013;8;30;1;-5.681;10.188;94.478;1.172;0.001;0.249;0.353;0.389;0.747
2013-08-30 02:00:00;2013;8;30;2;-5.987;10.042;94.818;1.711;0.002;0.248;0.353;0.389;0.747
2013-08-30 03:00:00;2013;8;30;3;-5.415;10.862;95.205;2.86;0.001;0.248;0.352;0.389;0.748
2013-08-30 04:00:00;2013;8;30;4;-3.124;11.055;94.708;3.027;0.0;0.247;0.351;0.388;0.748
2013-08-30 05:00:00;2013;8;30;5;45.878;11.345;94.483;2.711;0.0;0.247;0.351;0.388;0.747
2013-08-30 06:00:00;2013;8;30;6;173.881;13.935;91.377;2.347;0.0;0.247;0.35;0.388;0.747
2013-08-30 07:00:00;2013;8;30;7;334.906;16.815;80.697;2.89;0.0;0.248;0.35;0.388;0.747
2013-08-30 08:00:00;2013;8;30;8;460.69;19.135;69.634;3.928;0.0;0.249;0.35;0.388;0.747
2013-08-30 09:00:00;2013;8;30;9;622.067;20.75;62.079;4.994;0.0;0.25;0.35;0.387;0.747
2013-08-30 10:00:00;2013;8;30;10;525.011;21.344;60.2;4.895;0.0;0.251;0.351;0.386;0.746
2013-08-30 11:00:00;2013;8;30;11;564.482;21.605;60.674;4.702;0.0;0.252;0.352;0.386;0.745
2013-08-30 12:00:00;2013;8;30;12;399.191;21.764;58.598;4.583;0.0;0.253;0.353;0.385;0.744
2013-08-30 13:00:00;2013;8;30;13;403.441;21.89;57.305;3.724;0.0;0.254;0.354;0.385;0.744
2013-08-30 14:00:00;2013;8;30;14;341.78;22.363;54.057;4.944;0.0;0.254;0.355;0.385;0.744
2013-08-30 15:00:00;2013;8;30;15;351.913;22.122;57.764;4.287;0.0;0.254;0.356;0.385;0.744
2013-08-30 16:00:00;2013;8;30;16;203.297;21.868;60.198;3.947;0.0;0.254;0.356;0.385;0.744
2013-08-30 17:00:00;2013;8;30;17;72.986;20.889;63.891;3.873;0.0;0.254;0.356;0.385;0.744
2013-08-30 18:00:00;2013;8;30;18;1.609;19.24;71.105;2.972;0.0;0.253;0.357;0.385;0.744
2013-08-30 19:00:00;2013;8;30;19;-5.881;17.021;78.551;2.189;0.0;0.253;0.356;0.385;0.743
2013-08-30 20:00:00;2013;8;30;20;-6.122;15.067;86.487;1.716;0.0;0.252;0.356;0.385;0.743
2013-08-30 21:00:00;2013;8;30;21;-5.033;15.729;84.135;2.441;0.0;0.251;0.355;0.385;0.744
2013-08-30 22:00:00;2013;8;30;22;-5.947;15.637;84.552;2.268;0.0;0.251;0.355;0.385;0.744
2013-08-30 23:00:00;2013;8;30;23;-5.701;15.257;87.945;2.753;0.0;0.25;0.354;0.385;0.744
2013-08-31 00:00:00;2013;8;31;0;-5.35;15.526;87.595;2.508;0.001;0.25;0.353;0.385;0.745
2013-08-31 01:00:00;2013;8;31;1;-5.256;15.589;86.22;2.379;0.002;0.249;0.353;0.385;0.745
2013-08-31 02:00:00;2013;8;31;2;-4.418;15.811;87.102;2.449;0.0;0.249;0.352;0.385;0.745
2013-08-31 03:00:00;2013;8;31;3;-3.979;16.076;87.468;2.577;0.0;0.249;0.352;0.385;0.745
2013-08-31 04:00:00;2013;8;31;4;-2.752;16.302;87.497;3.239;0.0;0.249;0.352;0.385;0.745
2013-08-31 05:00:00;2013;8;31;5;9.572;16.386;88.26;2.892;0.0;0.249;0.352;0.385;0.745
2013-08-31 06:00:00;2013;8;31;6;33.464;16.814;89.498;2.157;0.051;0.249;0.352;0.385;0.745
2013-08-31 07:00:00;2013;8;31;7;152.943;17.548;90.178;2.906;0.0;0.25;0.351;0.385;0.744
2013-08-31 08:00:00;2013;8;31;8;205.99;18.89;82.289;5.026;0.0;0.25;0.351;0.384;0.744
2013-08-31 09:00:00;2013;8;31;9;265.048;18.866;78.092;6.531;0.0;0.251;0.352;0.384;0.744
2013-08-31 10:00:00;2013;8;31;10;360.845;19.262;72.165;6.662;0.0;0.251;0.352;0.384;0.744
2013-08-31 11:00:00;2013;8;31;11;488.045;19.86;63.365;6.202;0.0;0.252;0.353;0.384;0.743
2013-08-31 12:00:00;2013;8;31;12;468.746;20.348;54.911;6.155;0.0;0.252;0.353;0.384;0.743
2013-08-31 13:00:00;2013;8;31;13;356.122;19.964;54.737;6.38;0.0;0.253;0.354;0.384;0.743
2013-08-31 14:00:00;2013;8;31;14;270.319;18.992;62.588;7.209;0.0;0.252;0.354;0.383;0.743
2013-08-31 15:00:00;2013;8;31;15;284.514;18.477;58.291;6.673;0.0;0.252;0.354;0.383;0.743
2013-08-31 16:00:00;2013;8;31;16;231.778;17.937;54.096;6.955;0.0;0.252;0.354;0.383;0.743
2013-08-31 17:00:00;2013;8;31;17;72.603;16.17;58.366;5.11;0.0;0.251;0.354;0.383;0.743
2013-08-31 18:00:00;2013;8;31;18;1.795;14.122;63.889;3.453;0.0;0.25;0.354;0.383;0.743
2013-08-31 19:00:00;2013;8;31;19;-5.971;11.285;73.392;2.082;0.0;0.25;0.353;0.383;0.743
2013-08-31 20:00:00;2013;8;31;20;-5.33;10.88;78.879;3.57;0.0;0.249;0.352;0.383;0.744
2013-08-31 21:00:00;2013;8;31;21;-6.048;9.911;82.733;2.486;0.0;0.248;0.352;0.383;0.745
2013-08-31 22:00:00;2013;8;31;22;-6.296;8.99;86.922;1.57;0.0;0.247;0.351;0.383;0.746
2013-08-31 23:00:00;2013;8;31;23;-6.473;8.484;89.78;1.268;0.001;0.246;0.35;0.383;0.745
2013-09-01 00:00:00;2013;9;1;0;-5.377;8.921;87.153;2.583;0.005;0.245;0.349;0.383;0.746
2013-09-01 01:00:00;2013;9;1;1;-5.093;8.829;86.163;1.442;0.0;0.245;0.348;0.383;0.746
2013-09-01 02:00:00;2013;9;1;2;-3.974;10.587;81.651;2.377;0.0;0.245;0.348;0.383;0.746
2013-09-01 03:00:00;2013;9;1;3;-6.102;9.838;82.154;1.789;0.0;0.245;0.347;0.383;0.746
2013-09-01 04:00:00;2013;9;1;4;-3.622;8.56;87.907;0.927;0.0;0.244;0.347;0.382;0.746
2013-09-01 05:00:00;2013;9;1;5;27.209;9.213;87.172;0.901;0.0;0.244;0.346;0.382;0.746
2013-09-01 06:00:00;2013;9;1;6;139.033;11.434;81.915;2.235;0.0;0.244;0.346;0.382;0.746
2013-09-01 07:00:00;2013;9;1;7;205.633;14.081;72.996;3.271;0.0;0.244;0.346;0.382;0.746
2013-09-01 08:00:00;2013;9;1;8;361.609;15.73;69.182;4.175;0.0;0.244;0.346;0.381;0.746
2013-09-01 09:00:00;2013;9;1;9;482.645;16.843;55.629;6.237;0.0;0.246;0.346;0.381;0.746
2013-09-01 10:00:00;2013;9;1;10;428.757;17.157;53.42;6.631;0.0;0.247;0.346;0.38;0.747
2013-09-01 11:00:00;2013;9;1;11;423.884;17.451;52.155;6.286;0.0;0.247;0.347;0.38;0.747
2013-09-01 12:00:00;2013;9;1;12;280.496;17.295;52.385;6.184;0.0;0.248;0.347;0.38;0.747
2013-09-01 13:00:00;2013;9;1;13;206.36;16.813;57.6;6.252;0.0;0.248;0.348;0.379;0.747
2013-09-01 14:00:00;2013;9;1;14;249.498;16.852;54.081;6.101;0.0;0.248;0.348;0.379;0.747
2013-09-01 15:00:00;2013;9;1;15;185.356;16.602;56.133;6.258;0.0;0.248;0.348;0.379;0.746
2013-09-01 16:00:00;2013;9;1;16;100.093;16.045;58.99;6.115;0.0;0.247;0.349;0.379;0.747
2013-09-01 17:00:00;2013;9;1;17;34.58;15.363;63.107;4.919;0.0;0.247;0.349;0.379;0.747
2013-09-01 18:00:00;2013;9;1;18;-2.285;15.084;66.509;3.912;0.0;0.247;0.349;0.379;0.747
2013-09-01 19:00:00;2013;9;1;19;-4.462;14.7;69.306;3.4;0.0;0.247;0.348;0.379;0.746
2013-09-01 20:00:00;2013;9;1;20;-4.34;14.234;71.942;3.239;0.0;0.246;0.348;0.379;0.746
2013-09-01 21:00:00;2013;9;1;21;-4.264;14.26;74.596;2.972;0.0;0.246;0.348;0.379;0.747
2013-09-01 22:00:00;2013;9;1;22;-4.029;14.572;74.524;4.041;0.0;0.246;0.347;0.379;0.746
2013-09-01 23:00:00;2013;9;1;23;-4.132;14.537;76.684;4.179;0.0;0.246;0.347;0.379;0.746
2013-09-02 00:00:00;2013;9;2;0;-4.052;14.5;78.382;4.095;0.002;0.246;0.347;0.379;0.746
2013-09-02 01:00:00;2013;9;2;1;-4.005;14.558;81.296;4.362;0.0;0.246;0.347;0.379;0.746
2013-09-02 02:00:00;2013;9;2;2;-4.043;14.723;84.177;3.513;0.0;0.246;0.347;0.379;0.747
2013-09-02 03:00:00;2013;9;2;3;-5.302;13.841;87.408;3.1;0.0;0.245;0.347;0.378;0.746
2013-09-02 04:00:00;2013;9;2;4;-4.124;13.137;88.715;3.499;0.002;0.245;0.346;0.378;0.746
2013-09-02 05:00:00;2013;9;2;5;17.797;13.409;86.322;4.042;0.002;0.245;0.346;0.378;0.745
2013-09-02 06:00:00;2013;9;2;6;104.342;14.609;80.304;4.262;0.0;0.245;0.346;0.378;0.746
2013-09-02 07:00:00;2013;9;2;7;237.398;16.144;73.547;5.471;0.0;0.246;0.346;0.378;0.746
2013-09-02 08:00:00;2013;9;2;8;196.371;16.61;73.199;6.398;0.0;0.246;0.346;0.378;0.745
2013-09-02 09:00:00;2013;9;2;9;415.846;17.917;71.128;7.288;0.0;0.246;0.346;0.378;0.746
2013-09-02 10:00:00;2013;9;2;10;244.209;18.36;70.891;6.75;0.0;0.247;0.346;0.378;0.746
2013-09-02 11:00:00;2013;9;2;11;204.696;18.686;71.061;6.791;0.0;0.247;0.347;0.377;0.746
2013-09-02 12:00:00;2013;9;2;12;222.951;18.829;71.722;6.693;0.0;0.248;0.348;0.377;0.746
2013-09-02 13:00:00;2013;9;2;13;145.273;18.575;72.769;6.469;0.0;0.248;0.348;0.377;0.745
2013-09-02 14:00:00;2013;9;2;14;130.75;18.356;74.351;6.292;0.0;0.248;0.348;0.377;0.745
2013-09-02 15:00:00;2013;9;2;15;95.604;18.149;75.143;6.154;0.0;0.248;0.349;0.377;0.745
2013-09-02 16:00:00;2013;9;2;16;99.688;18.46;72.988;6.362;0.0;0.248;0.349;0.377;0.745
2013-09-02 17:00:00;2013;9;2;17;28.806;18.438;73.732;4.302;0.0;0.248;0.349;0.377;0.745
2013-09-02 18:00:00;2013;9;2;18;-1.097;17.064;78.224;2.769;0.0;0.248;0.349;0.377;0.745
2013-09-02 19:00:00;2013;9;2;19;-6.027;15.492;84.292;2.402;0.0;0.248;0.349;0.377;0.745
2013-09-02 20:00:00;2013;9;2;20;-5.226;15.605;86.082;2.553;0.0;0.247;0.349;0.377;0.745
2013-09-02 21:00:00;2013;9;2;21;-4.722;16.163;85.742;3.224;0.0;0.247;0.348;0.377;0.745
2013-09-02 22:00:00;2013;9;2;22;-4.125;16.349;85.855;3.9;0.0;0.247;0.348;0.378;0.745
2013-09-02 23:00:00;2013;9;2;23;-5.318;15.846;88.585;3.84;0.0;0.247;0.348;0.377;0.745
2013-09-03 00:00:00;2013;9;3;0;-5.437;15.47;91.42;3.304;0.003;0.247;0.348;0.377;0.744
2013-09-03 01:00:00;2013;9;3;1;-5.737;15.179;92.477;2.371;0.001;0.247;0.347;0.377;0.745
2013-09-03 02:00:00;2013;9;3;2;-6.377;14.168;93.968;1.117;0.001;0.246;0.347;0.377;0.745
2013-09-03 03:00:00;2013;9;3;3;-5.956;13.98;94.882;0.947;0.003;0.246;0.347;0.377;0.745
2013-09-03 04:00:00;2013;9;3;4;-4.61;15.263;95.168;1.522;0.0;0.246;0.346;0.377;0.745
2013-09-03 05:00:00;2013;9;3;5;8.708;15.88;93.338;1.706;0.0;0.246;0.346;0.377;0.745
2013-09-03 06:00:00;2013;9;3;6;77.799;16.534;91.848;2.073;0.0;0.246;0.346;0.377;0.744
2013-09-03 07:00:00;2013;9;3;7;184.389;17.901;88.427;2.787;0.0;0.247;0.346;0.377;0.744
2013-09-03 08:00:00;2013;9;3;8;283.991;19.34;83.127;2.919;0.0;0.247;0.347;0.377;0.744
2013-09-03 09:00:00;2013;9;3;9;273.622;20.329;76.424;3.15;0.0;0.248;0.348;0.377;0.744
2013-09-03 10:00:00;2013;9;3;10;259.183;20.954;74.524;3.219;0.0;0.249;0.348;0.377;0.743
2013-09-03 11:00:00;2013;9;3;11;267.297;21.409;71.929;3.425;0.0;0.25;0.349;0.377;0.742
2013-09-03 12:00:00;2013;9;3;12;258.199;21.81;70.292;2.947;0.0;0.251;0.35;0.376;0.742
2013-09-03 13:00:00;2013;9;3;13;223.753;22.054;69.288;2.864;0.0;0.251;0.35;0.376;0.741
2013-09-03 14:00:00;2013;9;3;14;174.77;22.376;67.666;1.864;0.0;0.252;0.351;0.376;0.741
2013-09-03 15:00:00;2013;9;3;15;117.246;22.486;66.881;0.884;0.0;0.252;0.352;0.376;0.74
2013-09-03 16:00:00;2013;9;3;16;67.981;22.145;70.297;1.537;0.0;0.253;0.353;0.376;0.74
2013-09-03 17:00:00;2013;9;3;17;23.232;21.674;73.81;1.116;0.0;0.252;0.353;0.377;0.74
2013-09-03 18:00:00;2013;9;3;18;-3.524;20.834;77.346;1.538;0.0;0.252;0.353;0.377;0.74
2013-09-03 19:00:00;2013;9;3;19;-5.816;20.113;76.804;1.783;0.0;0.252;0.353;0.377;0.74
2013-09-03 20:00:00;2013;9;3;20;-6.681;18.46;83.065;1.264;0.0;0.252;0.353;0.377;0.74
2013-09-03 21:00:00;2013;9;3;21;-6.711;17.387;88.138;1.167;0.0;0.251;0.353;0.378;0.74
2013-09-03 22:00:00;2013;9;3;22;-6.365;16.599;90.027;1.157;0.0;0.251;0.353;0.378;0.74
2013-09-03 23:00:00;2013;9;3;23;-6.376;15.735;92.238;1.349;0.0;0.25;0.352;0.378;0.74
2013-09-04 00:00:00;2013;9;4;0;-6.637;15.28;93.343;1.15;0.001;0.25;0.352;0.378;0.741
2013-09-04 01:00:00;2013;9;4;1;-6.805;14.746;93.743;1.574;0.004;0.249;0.352;0.379;0.741
2013-09-04 02:00:00;2013;9;4;2;-6.401;13.872;94.415;1.204;0.004;0.249;0.351;0.38;0.74
2013-09-04 03:00:00;2013;9;4;3;-5.678;14.285;95.025;0.556;0.001;0.248;0.351;0.379;0.741
2013-09-04 04:00:00;2013;9;4;4;-5.283;14.95;95.263;1.424;0.0;0.248;0.35;0.38;0.741
2013-09-04 05:00:00;2013;9;4;5;21.403;15.292;94.967;1.84;0.0;0.248;0.35;0.38;0.742
2013-09-04 06:00:00;2013;9;4;6;123.358;16.719;95.148;0.841;0.0;0.248;0.35;0.379;0.743
2013-09-04 07:00:00;2013;9;4;7;306.884;18.921;86.57;1.115;0.0;0.249;0.349;0.378;0.742
2013-09-04 08:00:00;2013;9;4;8;463.471;21.628;68.691;2.821;0.0;0.249;0.35;0.378;0.741
2013-09-04 09:00:00;2013;9;4;9;571.5;22.869;60.596;3.642;0.0;0.251;0.35;0.378;0.74
2013-09-04 10:00:00;2013;9;4;10;695.133;23.92;56.252;3.639;0.0;0.252;0.351;0.377;0.74
2013-09-04 11:00:00;2013;9;4;11;707.846;24.565;53.218;3.784;0.0;0.254;0.352;0.377;0.74
2013-09-04 12:00:00;2013;9;4;12;672.62;25.209;51.037;3.015;0.0;0.255;0.353;0.376;0.74
2013-09-04 13:00:00;2013;9;4;13;565.114;25.705;49.917;2.664;0.0;0.256;0.354;0.376;0.74
2013-09-04 14:00:00;2013;9;4;14;471.099;25.921;49.085;2.36;0.0;0.257;0.355;0.376;0.74
2013-09-04 15:00:00;2013;9;4;15;343.66;25.931;50.032;2.835;0.0;0.257;0.356;0.376;0.74
2013-09-04 16:00:00;2013;9;4;16;186.39;25.457;51.854;2.286;0.0;0.257;0.356;0.376;0.74
2013-09-04 17:00:00;2013;9;4;17;47.742;23.783;57.819;2.405;0.0;0.256;0.357;0.377;0.741
2013-09-04 18:00:00;2013;9;4;18;-4.281;21.224;66.567;2.073;0.0;0.255;0.357;0.377;0.74
2013-09-04 19:00:00;2013;9;4;19;-7.104;19.722;72.024;1.868;0.0;0.254;0.356;0.377;0.74
2013-09-04 20:00:00;2013;9;4;20;-6.429;19.06;75.155;2.817;0.0;0.253;0.356;0.377;0.74
2013-09-04 21:00:00;2013;9;4;21;-6.381;18.349;79.657;2.457;0.0;0.252;0.356;0.378;0.74
2013-09-04 22:00:00;2013;9;4;22;-7.272;17.366;83.56;1.336;0.0;0.252;0.355;0.378;0.74
2013-09-04 23:00:00;2013;9;4;23;-7.193;16.189;89.128;1.33;0.0;0.251;0.355;0.378;0.74
2013-09-05 00:00:00;2013;9;5;0;-6.569;16.149;90.155;1.29;0.005;0.25;0.354;0.378;0.74
2013-09-05 01:00:00;2013;9;5;1;-6.588;15.129;91.188;1.332;0.001;0.25;0.354;0.378;0.74
2013-09-05 02:00:00;2013;9;5;2;-5.413;17.093;87.118;2.654;0.0;0.249;0.353;0.378;0.741
2013-09-05 03:00:00;2013;9;5;3;-6.167;16.872;86.802;2.018;0.0;0.249;0.352;0.377;0.741
2013-09-05 04:00:00;2013;9;5;4;-4.684;16.602;87.913;2.658;0.0;0.249;0.352;0.377;0.741
2013-09-05 05:00:00;2013;9;5;5;38.99;16.403;88.415;2.433;0.001;0.248;0.352;0.377;0.741
2013-09-05 06:00:00;2013;9;5;6;169.875;17.874;82.883;3.185;0.0;0.249;0.351;0.377;0.741
2013-09-05 07:00:00;2013;9;5;7;323.283;19.8;76.61;3.992;0.0;0.249;0.351;0.377;0.741
2013-09-05 08:00:00;2013;9;5;8;470.765;22.65;66.435;4.541;0.0;0.25;0.351;0.377;0.741
2013-09-05 09:00:00;2013;9;5;9;589.362;25.187;55.098;4.27;0.0;0.251;0.351;0.377;0.74
2013-09-05 10:00:00;2013;9;5;10;668.549;27.089;48.53;3.879;0.0;0.252;0.352;0.376;0.74
2013-09-05 11:00:00;2013;9;5;11;698.507;28.588;41.737;4.993;0.0;0.254;0.352;0.376;0.74
2013-09-05 12:00:00;2013;9;5;12;673.388;29.458;38.481;4.36;0.0;0.255;0.353;0.376;0.74
2013-09-05 13:00:00;2013;9;5;13;607.425;30.035;35.828;3.753;0.0;0.256;0.354;0.375;0.74
2013-09-05 14:00:00;2013;9;5;14;492.821;30.273;34.06;3.559;0.0;0.257;0.355;0.375;0.74
2013-09-05 15:00:00;2013;9;5;15;337.409;30.033;35.627;3.19;0.0;0.257;0.355;0.375;0.74
2013-09-05 16:00:00;2013;9;5;16;183.224;29.322;41.422;2.102;0.0;0.257;0.356;0.375;0.74
2013-09-05 17:00:00;2013;9;5;17;41.291;27.581;46.181;1.889;0.0;0.257;0.356;0.376;0.739
2013-09-05 18:00:00;2013;9;5;18;-6.04;22.956;66.096;1.0;0.0;0.256;0.356;0.376;0.739
2013-09-05 19:00:00;2013;9;5;19;-7.671;19.76;81.098;0.617;0.0;0.255;0.356;0.376;0.739
2013-09-05 20:00:00;2013;9;5;20;-7.049;18.275;88.005;0.457;0.0;0.254;0.356;0.376;0.739
2013-09-05 21:00:00;2013;9;5;21;-6.441;17.193;89.742;0.709;0.0;0.253;0.356;0.376;0.739
2013-09-05 22:00:00;2013;9;5;22;-4.43;21.035;70.129;2.864;0.0;0.252;0.355;0.376;0.739
2013-09-05 23:00:00;2013;9;5;23;-5.62;20.24;72.529;3.783;0.0;0.252;0.355;0.377;0.739
2013-09-06 00:00:00;2013;9;6;0;-5.233;19.309;75.432;3.955;0.005;0.252;0.355;0.376;0.739
2013-09-06 01:00:00;2013;9;6;1;-5.2;19.058;76.79;3.714;0.001;0.251;0.354;0.377;0.739
2013-09-06 02:00:00;2013;9;6;2;-5.82;18.112;80.309;3.045;0.001;0.251;0.354;0.377;0.739
2013-09-06 03:00:00;2013;9;6;3;-6.276;16.918;84.987;1.892;0.002;0.25;0.354;0.376;0.74
2013-09-06 04:00:00;2013;9;6;4;-5.265;16.558;85.455;2.158;0.004;0.25;0.354;0.376;0.74
2013-09-06 05:00:00;2013;9;6;5;35.312;17.055;85.128;2.715;0.001;0.249;0.353;0.376;0.74
2013-09-06 06:00:00;2013;9;6;6;130.982;18.85;79.772;3.336;0.0;0.249;0.353;0.376;0.74
2013-09-06 07:00:00;2013;9;6;7;261.516;20.379;74.618;3.181;0.0;0.25;0.352;0.376;0.74
2013-09-06 08:00:00;2013;9;6;8;447.374;22.434;67.313;2.884;0.0;0.25;0.352;0.376;0.74
2013-09-06 09:00:00;2013;9;6;9;574.843;24.225;57.022;2.51;0.0;0.251;0.352;0.376;0.739
2013-09-06 10:00:00;2013;9;6;10;643.007;25.881;48.304;2.154;0.0;0.253;0.352;0.375;0.739
2013-09-06 11:00:00;2013;9;6;11;630.295;27.007;46.037;1.676;0.0;0.255;0.353;0.375;0.74
2013-09-06 12:00:00;2013;9;6;12;455.702;26.935;46.075;2.704;0.0;0.257;0.354;0.375;0.739
2013-09-06 13:00:00;2013;9;6;13;218.122;26.062;46.176;3.513;0.0;0.257;0.355;0.374;0.739
2013-09-06 14:00:00;2013;9;6;14;59.945;23.154;53.945;4.719;0.383;0.257;0.356;0.375;0.739
2013-09-06 15:00:00;2013;9;6;15;193.174;21.778;67.423;4.312;0.004;0.256;0.357;0.375;0.74
2013-09-06 16:00:00;2013;9;6;16;182.596;22.021;71.028;3.051;0.0;0.256;0.357;0.375;0.74
2013-09-06 17:00:00;2013;9;6;17;49.232;20.68;73.801;2.132;0.0;0.255;0.357;0.375;0.74
2013-09-06 18:00:00;2013;9;6;18;-4.635;18.153;80.698;1.715;0.003;0.254;0.357;0.375;0.74
2013-09-06 19:00:00;2013;9;6;19;-6.019;16.12;89.325;1.277;0.003;0.253;0.357;0.376;0.74
2013-09-06 20:00:00;2013;9;6;20;-5.871;15.557;89.243;1.827;0.005;0.253;0.356;0.376;0.739
2013-09-06 21:00:00;2013;9;6;21;-6.243;14.72;92.22;1.06;0.003;0.252;0.356;0.376;0.739
2013-09-06 22:00:00;2013;9;6;22;-6.095;13.583;93.613;1.002;0.003;0.251;0.355;0.376;0.739
2013-09-06 23:00:00;2013;9;6;23;-5.16;13.54;94.602;0.719;0.001;0.25;0.354;0.376;0.739
2013-09-07 00:00:00;2013;9;7;0;-5.039;14.043;94.598;0.516;0.0;0.25;0.354;0.376;0.74
2013-09-07 01:00:00;2013;9;7;1;-5.178;14.819;94.698;0.845;0.838;0.25;0.354;0.376;0.74
2013-09-07 02:00:00;2013;9;7;2;-4.575;15.283;94.653;0.773;0.042;0.25;0.355;0.376;0.74
2013-09-07 03:00:00;2013;9;7;3;-5.025;15.266;94.555;0.689;0.002;0.25;0.362;0.375;0.739
2013-09-07 04:00:00;2013;9;7;4;-4.906;15.77;94.76;0.467;0.0;0.25;0.359;0.375;0.74
2013-09-07 05:00:00;2013;9;7;5;24.478;15.845;94.675;0.551;0.0;0.25;0.356;0.375;0.74
2013-09-07 06:00:00;2013;9;7;6;96.915;16.803;94.737;0.829;0.0;0.25;0.354;0.375;0.74
2013-09-07 07:00:00;2013;9;7;7;121.272;17.62;90.837;1.48;0.0;0.251;0.353;0.375;0.74
2013-09-07 08:00:00;2013;9;7;8;118.527;18.183;88.185;2.279;0.0;0.251;0.353;0.375;0.74
2013-09-07 09:00:00;2013;9;7;9;150.993;18.583;85.927;2.999;0.0;0.252;0.353;0.375;0.74
2013-09-07 10:00:00;2013;9;7;10;139.049;18.419;83.355;3.183;0.0;0.252;0.353;0.375;0.739
2013-09-07 11:00:00;2013;9;7;11;199.87;18.676;79.537;2.34;0.0;0.253;0.353;0.375;0.739
2013-09-07 12:00:00;2013;9;7;12;202.461;18.95;78.166;2.647;0.0;0.253;0.353;0.375;0.74
2013-09-07 13:00:00;2013;9;7;13;179.209;19.1;75.092;2.042;0.0;0.254;0.354;0.375;0.74
2013-09-07 14:00:00;2013;9;7;14;80.832;18.663;75.23;1.327;0.163;0.254;0.354;0.375;0.74
2013-09-07 15:00:00;2013;9;7;15;66.42;18.136;77.83;1.959;0.02;0.254;0.354;0.375;0.74
2013-09-07 16:00:00;2013;9;7;16;37.644;17.489;79.299;1.861;0.0;0.254;0.355;0.375;0.74
2013-09-07 17:00:00;2013;9;7;17;2.556;16.457;85.013;2.084;1.052;0.253;0.355;0.375;0.74
2013-09-07 18:00:00;2013;9;7;18;-2.504;15.494;86.652;2.18;0.22;0.253;0.367;0.375;0.74
2013-09-07 19:00:00;2013;9;7;19;-4.95;15.37;87.433;1.508;0.0;0.256;0.369;0.375;0.741
2013-09-07 20:00:00;2013;9;7;20;-6.172;14.764;91.727;1.182;0.0;0.257;0.366;0.375;0.741
2013-09-07 21:00:00;2013;9;7;21;-6.49;13.613;93.458;0.716;0.01;0.257;0.362;0.376;0.741
2013-09-07 22:00:00;2013;9;7;22;-5.618;12.211;94.215;0.899;0.0;0.256;0.36;0.376;0.741
2013-09-07 23:00:00;2013;9;7;23;-5.25;12.426;94.973;0.565;0.0;0.255;0.359;0.376;0.741
2013-09-08 00:00:00;2013;9;8;0;-5.231;12.798;95.335;0.73;0.0;0.255;0.358;0.376;0.741
2013-09-08 01:00:00;2013;9;8;1;-5.171;13.015;95.665;1.1;0.16;0.254;0.357;0.376;0.74
2013-09-08 02:00:00;2013;9;8;2;-4.467;13.425;95.642;1.433;1.03;0.256;0.366;0.376;0.741
2013-09-08 03:00:00;2013;9;8;3;-3.327;13.584;95.298;1.184;2.05;0.263;0.372;0.379;0.743
2013-09-08 04:00:00;2013;9;8;4;-3.003;13.724;95.667;2.348;1.23;0.263;0.375;0.383;0.744
2013-09-08 05:00:00;2013;9;8;5;-1.723;12.797;89.273;3.474;2.073;0.263;0.374;0.391;0.746
2013-09-08 06:00:00;2013;9;8;6;2.087;11.831;90.023;4.253;6.124;0.264;0.374;0.401;0.752
2013-09-08 07:00:00;2013;9;8;7;30.736;11.375;92.355;5.249;4.521;0.266;0.375;0.413;0.753
2013-09-08 08:00:00;2013;9;8;8;114.362;12.127;90.268;3.53;0.055;0.264;0.373;0.416;0.752
2013-09-08 09:00:00;2013;9;8;9;198.651;13.033;87.298;2.181;0.0;0.264;0.371;0.414;0.753
2013-09-08 10:00:00;2013;9;8;10;568.708;14.903;75.548;1.124;0.0;0.263;0.369;0.411;0.753
2013-09-08 11:00:00;2013;9;8;11;639.843;16.577;66.435;1.247;0.0;0.264;0.367;0.407;0.753
2013-09-08 12:00:00;2013;9;8;12;593.548;17.395;62.12;2.838;0.0;0.266;0.365;0.404;0.753
2013-09-08 13:00:00;2013;9;8;13;405.627;17.684;59.611;2.333;0.0;0.266;0.365;0.401;0.753
2013-09-08 14:00:00;2013;9;8;14;325.06;17.78;61.518;2.228;0.0;0.266;0.365;0.4;0.753
2013-09-08 15:00:00;2013;9;8;15;205.688;17.67;61.113;1.583;0.0;0.265;0.364;0.398;0.753
2013-09-08 16:00:00;2013;9;8;16;114.25;17.092;67.398;1.931;0.0;0.264;0.364;0.397;0.753
2013-09-08 17:00:00;2013;9;8;17;29.36;16.204;69.811;2.338;0.0;0.263;0.363;0.396;0.752
2013-09-08 18:00:00;2013;9;8;18;-3.265;15.207;75.444;2.854;0.0;0.262;0.362;0.396;0.752
2013-09-08 19:00:00;2013;9;8;19;-5.504;14.118;81.67;2.808;0.002;0.261;0.361;0.395;0.752
2013-09-08 20:00:00;2013;9;8;20;-4.87;13.924;81.201;2.98;0.002;0.26;0.36;0.395;0.752
2013-09-08 21:00:00;2013;9;8;21;-4.916;13.615;82.938;3.025;0.004;0.259;0.36;0.394;0.752
2013-09-08 22:00:00;2013;9;8;22;-4.814;13.401;81.711;3.352;0.004;0.258;0.359;0.394;0.752
2013-09-08 23:00:00;2013;9;8;23;-5.44;11.961;82.224;2.821;0.004;0.257;0.358;0.393;0.751
2013-09-09 00:00:00;2013;9;9;0;-5.431;10.586;87.527;1.511;0.003;0.257;0.357;0.393;0.751
2013-09-09 01:00:00;2013;9;9;1;-4.489;11.202;90.182;1.903;0.0;0.256;0.356;0.392;0.751
2013-09-09 02:00:00;2013;9;9;2;-4.85;12.141;85.533;2.424;0.031;0.255;0.355;0.392;0.751
2013-09-09 03:00:00;2013;9;9;3;-5.444;11.581;89.983;1.996;0.002;0.255;0.355;0.391;0.751
2013-09-09 04:00:00;2013;9;9;4;-5.745;11.379;89.327;1.636;0.001;0.255;0.355;0.391;0.751
2013-09-09 05:00:00;2013;9;9;5;10.536;10.959;91.347;2.295;0.002;0.254;0.354;0.39;0.751
2013-09-09 06:00:00;2013;9;9;6;116.391;11.643;90.993;3.104;0.001;0.254;0.354;0.39;0.751
2013-09-09 07:00:00;2013;9;9;7;310.309;12.784;86.787;3.401;0.0;0.254;0.353;0.39;0.751
2013-09-09 08:00:00;2013;9;9;8;410.569;14.166;77.37;4.972;0.0;0.254;0.353;0.389;0.751
2013-09-09 09:00:00;2013;9;9;9;480.499;15.124;70.488;4.389;0.0;0.255;0.353;0.389;0.75
2013-09-09 10:00:00;2013;9;9;10;584.897;16.097;65.631;5.291;0.0;0.256;0.353;0.388;0.75
2013-09-09 11:00:00;2013;9;9;11;528.403;16.879;60.73;5.762;0.0;0.257;0.353;0.387;0.748
2013-09-09 12:00:00;2013;9;9;12;570.03;17.347;55.876;6.573;0.0;0.257;0.353;0.387;0.747
2013-09-09 13:00:00;2013;9;9;13;223.708;15.96;63.917;5.486;0.0;0.258;0.354;0.386;0.746
2013-09-09 14:00:00;2013;9;9;14;142.796;14.856;73.322;3.534;0.0;0.257;0.354;0.386;0.746
2013-09-09 15:00:00;2013;9;9;15;103.291;14.939;71.329;2.894;0.0;0.257;0.354;0.386;0.746
2013-09-09 16:00:00;2013;9;9;16;50.332;14.657;72.726;2.534;0.037;0.257;0.354;0.387;0.746
2013-09-09 17:00:00;2013;9;9;17;2.091;13.431;84.611;1.734;1.741;0.256;0.359;0.387;0.747
2013-09-09 18:00:00;2013;9;9;18;-3.185;12.556;91.297;2.526;1.42;0.262;0.368;0.397;0.75
2013-09-09 19:00:00;2013;9;9;19;-3.181;12.26;92.437;1.88;2.59;0.265;0.371;0.404;0.754
2013-09-09 20:00:00;2013;9;9;20;-2.632;12.203;92.037;2.854;2.97;0.267;0.375;0.418;0.754
2013-09-09 21:00:00;2013;9;9;21;-2.629;10.999;92.292;3.485;2.801;0.267;0.375;0.423;0.753
2013-09-09 22:00:00;2013;9;9;22;-2.566;10.761;94.017;3.072;3.859;0.269;0.379;0.432;0.753
2013-09-09 23:00:00;2013;9;9;23;-2.567;10.65;93.687;3.656;1.22;0.268;0.375;0.439;0.752
2013-09-10 00:00:00;2013;9;10;0;-2.627;10.744;93.937;3.86;0.9;0.269;0.374;0.444;0.752
2013-09-10 01:00:00;2013;9;10;1;-2.734;10.516;93.577;3.955;0.58;0.269;0.373;0.447;0.752
2013-09-10 02:00:00;2013;9;10;2;-2.609;10.52;93.335;3.6;2.048;0.271;0.375;0.451;0.753
2013-09-10 03:00:00;2013;9;10;3;-2.816;10.676;92.582;2.975;0.156;0.273;0.379;0.461;0.753
2013-09-10 04:00:00;2013;9;10;4;-3.422;10.67;92.832;2.574;0.009;0.272;0.378;0.465;0.753
2013-09-10 05:00:00;2013;9;10;5;4.088;10.675;90.895;3.015;0.256;0.272;0.378;0.468;0.752
2013-09-10 06:00:00;2013;9;10;6;47.614;11.091;90.437;2.743;0.022;0.273;0.379;0.469;0.752
2013-09-10 07:00:00;2013;9;10;7;138.803;11.636;89.572;3.384;0.095;0.274;0.378;0.471;0.752
2013-09-10 08:00:00;2013;9;10;8;200.774;12.456;85.633;4.014;0.0;0.273;0.377;0.472;0.752
2013-09-10 09:00:00;2013;9;10;9;260.72;13.638;80.5;4.894;0.0;0.273;0.376;0.474;0.752
2013-09-10 10:00:00;2013;9;10;10;281.166;14.419;77.742;5.085;0.0;0.273;0.375;0.475;0.752
2013-09-10 11:00:00;2013;9;10;11;425.777;15.38;73.089;5.169;0.0;0.272;0.374;0.476;0.752
2013-09-10 12:00:00;2013;9;10;12;363.316;15.184;72.914;5.931;0.0;0.271;0.373;0.476;0.752
2013-09-10 13:00:00;2013;9;10;13;407.455;15.096;77.108;5.429;0.0;0.271;0.372;0.477;0.752
2013-09-10 14:00:00;2013;9;10;14;220.762;14.982;75.384;7.418;0.157;0.271;0.372;0.478;0.751
2013-09-10 15:00:00;2013;9;10;15;75.987;13.357;88.37;6.727;1.07;0.269;0.371;0.479;0.752
2013-09-10 16:00:00;2013;9;10;16;14.771;12.963;88.715;8.359;1.9;0.272;0.378;0.482;0.755
2013-09-10 17:00:00;2013;9;10;17;1.079;12.464;91.167;9.36;5.588;0.279;0.391;0.547;0.754
2013-09-10 18:00:00;2013;9;10;18;-1.494;12.656;92.827;9.457;8.391;0.282;0.395;0.692;0.752
2013-09-10 19:00:00;2013;9;10;19;-1.596;13.711;92.188;8.802;3.854;0.282;0.398;0.706;0.752
2013-09-10 20:00:00;2013;9;10;20;-1.61;13.729;92.838;9.386;6.65;0.284;0.41;0.708;0.752
2013-09-10 21:00:00;2013;9;10;21;-1.748;13.844;93.12;7.775;0.701;0.283;0.421;0.708;0.753
2013-09-10 22:00:00;2013;9;10;22;-1.846;13.817;93.535;5.793;4.488;0.284;0.427;0.709;0.754
2013-09-10 23:00:00;2013;9;10;23;-2.27;12.908;90.965;4.972;0.11;0.284;0.459;0.709;0.755
2013-09-11 00:00:00;2013;9;11;0;-2.99;12.031;90.175;4.613;0.0;0.283;0.453;0.708;0.753
2013-09-11 01:00:00;2013;9;11;1;-3.351;11.349;92.062;4.044;0.0;0.282;0.449;0.707;0.751
2013-09-11 02:00:00;2013;9;11;2;-3.142;10.928;94.447;2.431;0.01;0.282;0.447;0.707;0.751
2013-09-11 03:00:00;2013;9;11;3;-3.432;11.029;94.852;1.928;0.0;0.281;0.443;0.706;0.75
2013-09-11 04:00:00;2013;9;11;4;-3.108;11.328;95.108;2.382;0.0;0.28;0.443;0.706;0.749
2013-09-11 05:00:00;2013;9;11;5;48.895;12.376;95.398;2.034;0.0;0.279;0.442;0.706;0.749
2013-09-11 06:00:00;2013;9;11;6;91.221;13.567;93.557;2.66;0.0;0.279;0.442;0.706;0.749
2013-09-11 07:00:00;2013;9;11;7;252.662;14.705;88.725;4.18;0.0;0.279;0.443;0.705;0.749
2013-09-11 08:00:00;2013;9;11;8;250.766;15.506;83.195;4.818;0.0;0.279;0.443;0.705;0.749
2013-09-11 09:00:00;2013;9;11;9;566.047;17.007;74.576;5.843;0.0;0.279;0.444;0.705;0.749
2013-09-11 10:00:00;2013;9;11;10;591.901;17.688;68.714;6.884;0.0;0.28;0.443;0.705;0.752
2013-09-11 11:00:00;2013;9;11;11;646.839;18.245;66.277;6.761;0.0;0.28;0.444;0.705;0.752
2013-09-11 12:00:00;2013;9;11;12;451.006;18.138;61.151;7.782;0.0;0.281;0.446;0.704;0.751
2013-09-11 13:00:00;2013;9;11;13;503.008;18.356;60.181;7.867;0.0;0.281;0.446;0.702;0.75
2013-09-11 14:00:00;2013;9;11;14;500.48;18.269;56.862;8.189;0.0;0.28;0.447;0.701;0.749
2013-09-11 15:00:00;2013;9;11;15;375.284;18.022;56.829;7.243;0.0;0.279;0.448;0.701;0.749
2013-09-11 16:00:00;2013;9;11;16;193.314;17.271;60.828;6.667;0.0;0.278;0.448;0.701;0.749
2013-09-11 17:00:00;2013;9;11;17;60.229;16.295;66.876;5.376;0.0;0.277;0.448;0.7;0.749
2013-09-11 18:00:00;2013;9;11;18;-4.511;14.118;80.112;3.661;0.0;0.276;0.447;0.699;0.749
2013-09-11 19:00:00;2013;9;11;19;-4.892;13.572;84.443;2.185;0.57;0.275;0.447;0.697;0.75
2013-09-11 20:00:00;2013;9;11;20;-4.148;13.677;88.813;2.188;0.54;0.274;0.446;0.697;0.75
2013-09-11 21:00:00;2013;9;11;21;-4.735;13.278;91.285;3.479;0.0;0.274;0.446;0.696;0.75
2013-09-11 22:00:00;2013;9;11;22;-4.729;13.002;92.485;4.21;0.01;0.274;0.446;0.696;0.75
2013-09-11 23:00:00;2013;9;11;23;-4.658;13.015;92.492;3.757;0.0;0.273;0.446;0.694;0.749
2013-09-12 00:00:00;2013;9;12;0;-4.771;12.967;92.897;3.377;0.0;0.272;0.446;0.693;0.749
2013-09-12 01:00:00;2013;9;12;1;-4.96;12.633;94.248;3.087;0.0;0.272;0.446;0.692;0.749
2013-09-12 02:00:00;2013;9;12;2;-4.264;13.047;94.198;3.454;0.25;0.272;0.445;0.691;0.749
2013-09-12 03:00:00;2013;9;12;3;-3.471;13.142;94.277;3.882;1.19;0.274;0.447;0.69;0.749
2013-09-12 04:00:00;2013;9;12;4;-3.948;13.043;93.873;2.531;0.02;0.279;0.448;0.691;0.752
2013-09-12 05:00:00;2013;9;12;5;5.798;12.922;94.432;2.166;0.0;0.28;0.448;0.691;0.753
2013-09-12 06:00:00;2013;9;12;6;66.63;13.474;94.567;1.902;0.01;0.28;0.447;0.69;0.75
2013-09-12 07:00:00;2013;9;12;7;145.159;14.335;92.668;2.631;0.0;0.28;0.447;0.69;0.749
2013-09-12 08:00:00;2013;9;12;8;319.439;15.465;87.762;2.866;0.0;0.281;0.447;0.689;0.75
2013-09-12 09:00:00;2013;9;12;9;410.455;16.53;80.711;4.109;0.0;0.281;0.447;0.689;0.752
2013-09-12 10:00:00;2013;9;12;10;345.079;16.868;75.94;4.567;0.0;0.283;0.447;0.688;0.751
2013-09-12 11:00:00;2013;9;12;11;652.638;17.785;69.142;5.583;0.0;0.283;0.448;0.687;0.75
2013-09-12 12:00:00;2013;9;12;12;555.394;18.41;64.072;5.151;0.0;0.284;0.448;0.686;0.75
2013-09-12 13:00:00;2013;9;12;13;392.814;18.413;64.97;5.294;0.0;0.284;0.45;0.685;0.75
2013-09-12 14:00:00;2013;9;12;14;358.055;18.469;66.183;4.96;0.0;0.284;0.451;0.684;0.75
2013-09-12 15:00:00;2013;9;12;15;212.313;18.082;69.04;4.416;0.0;0.283;0.451;0.683;0.75
2013-09-12 16:00:00;2013;9;12;16;160.422;17.126;77.368;2.842;5.638;0.285;0.456;0.685;0.75
2013-09-12 17:00:00;2013;9;12;17;10.827;15.565;85.055;2.239;0.22;0.301;0.485;0.701;0.752
2013-09-12 18:00:00;2013;9;12;18;-3.846;14.458;90.168;2.36;0.0;0.299;0.482;0.702;0.753
2013-09-12 19:00:00;2013;9;12;19;-4.501;14.097;91.577;2.381;0.01;0.298;0.48;0.702;0.752
2013-09-12 20:00:00;2013;9;12;20;-4.751;12.792;93.737;1.283;0.01;0.296;0.48;0.702;0.751
2013-09-12 21:00:00;2013;9;12;21;-4.399;12.141;95.02;1.639;0.0;0.295;0.48;0.701;0.751
2013-09-12 22:00:00;2013;9;12;22;-4.042;11.624;95.068;1.892;0.0;0.294;0.478;0.701;0.751
2013-09-12 23:00:00;2013;9;12;23;-4.357;12.563;95.187;1.279;0.01;0.294;0.478;0.702;0.752
2013-09-13 00:00:00;2013;9;13;0;-5.192;11.572;94.505;1.155;0.01;0.293;0.477;0.701;0.752
2013-09-13 01:00:00;2013;9;13;1;-4.57;12.15;95.733;0.795;0.0;0.292;0.476;0.7;0.754
2013-09-13 02:00:00;2013;9;13;2;-4.71;12.748;95.577;1.244;0.0;0.291;0.476;0.7;0.755
2013-09-13 03:00:00;2013;9;13;3;-5.602;13.01;93.995;1.144;0.0;0.29;0.476;0.699;0.757
2013-09-13 04:00:00;2013;9;13;4;-5.328;11.575;94.447;1.13;0.0;0.29;0.475;0.699;0.756
2013-09-13 05:00:00;2013;9;13;5;16.833;11.012;95.332;1.169;0.0;0.289;0.474;0.699;0.757
2013-09-13 06:00:00;2013;9;13;6;135.494;12.565;96.148;1.692;0.0;0.289;0.474;0.699;0.757
2013-09-13 07:00:00;2013;9;13;7;309.831;14.73;88.08;2.193;0.0;0.289;0.474;0.698;0.756
2013-09-13 08:00:00;2013;9;13;8;405.195;16.262;72.664;3.328;0.0;0.289;0.473;0.696;0.755
2013-09-13 09:00:00;2013;9;13;9;425.535;16.91;70.009;4.042;0.0;0.29;0.473;0.695;0.754
2013-09-13 10:00:00;2013;9;13;10;507.844;17.412;67.519;4.607;0.0;0.291;0.474;0.694;0.754
2013-09-13 11:00:00;2013;9;13;11;537.745;17.946;66.721;4.815;0.0;0.292;0.475;0.694;0.753
2013-09-13 12:00:00;2013;9;13;12;301.206;18.043;65.442;5.142;0.0;0.293;0.476;0.694;0.753
2013-09-13 13:00:00;2013;9;13;13;88.272;16.555;76.145;4.201;0.03;0.293;0.477;0.693;0.753
2013-09-13 14:00:00;2013;9;13;14;72.178;15.544;81.734;4.615;0.15;0.292;0.477;0.694;0.752
2013-09-13 15:00:00;2013;9;13;15;61.947;15.113;85.797;3.441;0.06;0.291;0.478;0.694;0.752
2013-09-13 16:00:00;2013;9;13;16;52.393;15.194;83.545;3.928;0.0;0.291;0.478;0.694;0.752
2013-09-13 17:00:00;2013;9;13;17;3.863;14.675;85.205;3.667;0.0;0.29;0.478;0.694;0.751
2013-09-13 18:00:00;2013;9;13;18;-4.033;14.5;89.34;3.894;0.0;0.289;0.478;0.694;0.751
2013-09-13 19:00:00;2013;9;13;19;-3.828;14.481;91.98;4.263;0.01;0.289;0.478;0.696;0.751
2013-09-13 20:00:00;2013;9;13;20;-4.027;14.568;91.753;3.97;0.04;0.288;0.478;0.695;0.75
2013-09-13 21:00:00;2013;9;13;21;-4.021;14.505;93.602;3.842;0.16;0.287;0.48;0.694;0.75
2013-09-13 22:00:00;2013;9;13;22;-3.726;14.52;94.262;3.485;0.41;0.287;0.479;0.694;0.751
2013-09-13 23:00:00;2013;9;13;23;-3.241;14.597;95.062;4.025;0.79;0.287;0.479;0.693;0.752
2013-09-14 00:00:00;2013;9;14;0;-2.665;14.829;95.455;4.224;0.87;0.291;0.487;0.693;0.753
2013-09-14 01:00:00;2013;9;14;1;-3.147;15.522;94.75;4.25;0.04;0.298;0.494;0.692;0.753
2013-09-14 02:00:00;2013;9;14;2;-3.118;15.761;94.215;4.347;0.66;0.302;0.496;0.692;0.752
2013-09-14 03:00:00;2013;9;14;3;-3.066;15.827;94.212;4.279;0.4;0.306;0.501;0.693;0.752
2013-09-14 04:00:00;2013;9;14;4;-3.039;16.3;94.678;4.807;0.37;0.308;0.503;0.694;0.75
2013-09-14 05:00:00;2013;9;14;5;1.531;16.073;94.345;4.913;0.96;0.311;0.508;0.696;0.748
2013-09-14 06:00:00;2013;9;14;6;14.726;16.188;94.25;5.36;2.195;0.318;0.518;0.701;0.749
2013-09-14 07:00:00;2013;9;14;7;41.286;16.372;94.027;5.963;1.454;0.323;0.532;0.701;0.749
2013-09-14 08:00:00;2013;9;14;8;112.599;16.579;92.305;6.241;0.53;0.325;0.545;0.702;0.754
2013-09-14 09:00:00;2013;9;14;9;162.539;16.937;89.373;5.836;0.0;0.324;0.552;0.702;0.755
2013-09-14 10:00:00;2013;9;14;10;268.088;17.674;83.03;6.551;0.0;0.324;0.555;0.702;0.755
2013-09-14 11:00:00;2013;9;14;11;202.545;17.648;79.726;6.746;0.0;0.324;0.555;0.702;0.755
2013-09-14 12:00:00;2013;9;14;12;176.682;17.103;83.556;7.462;0.0;0.324;0.556;0.702;0.754
2013-09-14 13:00:00;2013;9;14;13;138.445;14.435;91.442;9.925;0.42;0.324;0.556;0.702;0.754
2013-09-14 14:00:00;2013;9;14;14;191.325;14.546;89.345;8.095;0.02;0.324;0.556;0.702;0.753
2013-09-14 15:00:00;2013;9;14;15;155.348;14.779;86.448;6.598;0.0;0.324;0.557;0.702;0.753
2013-09-14 16:00:00;2013;9;14;16;50.318;14.738;85.213;5.307;0.0;0.324;0.557;0.702;0.752
2013-09-14 17:00:00;2013;9;14;17;8.521;14.098;85.233;4.491;0.01;0.323;0.557;0.702;0.751
2013-09-14 18:00:00;2013;9;14;18;-4.295;13.466;83.975;3.444;0.0;0.323;0.556;0.702;0.751
2013-09-14 19:00:00;2013;9;14;19;-5.651;12.388;87.418;2.401;0.01;0.322;0.556;0.702;0.751
2013-09-14 20:00:00;2013;9;14;20;-6.252;11.038;90.938;1.543;0.0;0.321;0.555;0.701;0.751
2013-09-14 21:00:00;2013;9;14;21;-6.388;10.084;92.56;0.976;0.01;0.321;0.555;0.701;0.751
2013-09-14 22:00:00;2013;9;14;22;-5.891;9.926;93.487;0.761;0.0;0.32;0.553;0.701;0.751
2013-09-14 23:00:00;2013;9;14;23;-6.008;10.095;93.01;0.835;0.0;0.318;0.551;0.701;0.752
2013-09-15 00:00:00;2013;9;15;0;-6.238;9.43;92.588;1.174;0.0;0.317;0.55;0.701;0.752
2013-09-15 01:00:00;2013;9;15;1;-5.879;9.088;94.643;0.89;0.01;0.317;0.548;0.7;0.754
2013-09-15 02:00:00;2013;9;15;2;-5.665;9.244;94.5;0.961;0.0;0.317;0.547;0.7;0.754
2013-09-15 03:00:00;2013;9;15;3;-5.909;8.841;94.19;0.868;0.0;0.316;0.546;0.699;0.754
2013-09-15 04:00:00;2013;9;15;4;-5.024;9.154;95.488;0.839;0.0;0.315;0.546;0.698;0.755
2013-09-15 05:00:00;2013;9;15;5;14.137;9.817;94.032;0.969;0.0;0.315;0.546;0.698;0.756
2013-09-15 06:00:00;2013;9;15;6;144.415;10.723;91.817;1.774;0.0;0.315;0.546;0.697;0.756
2013-09-15 07:00:00;2013;9;15;7;304.484;12.856;79.871;2.878;0.0;0.316;0.545;0.697;0.757
2013-09-15 08:00:00;2013;9;15;8;408.915;14.125;72.471;3.738;0.0;0.316;0.545;0.697;0.757
2013-09-15 09:00:00;2013;9;15;9;391.031;14.62;63.972;4.574;0.0;0.317;0.545;0.696;0.757
2013-09-15 10:00:00;2013;9;15;10;465.914;15.104;59.877;5.084;0.0;0.317;0.545;0.696;0.757
2013-09-15 11:00:00;2013;9;15;11;302.163;14.893;61.473;3.686;0.0;0.318;0.546;0.696;0.756
2013-09-15 12:00:00;2013;9;15;12;283.341;15.313;57.44;5.241;0.0;0.318;0.547;0.696;0.756
2013-09-15 13:00:00;2013;9;15;13;294.493;15.677;58.725;5.352;0.0;0.319;0.548;0.695;0.755
2013-09-15 14:00:00;2013;9;15;14;205.066;15.479;61.173;5.05;0.0;0.32;0.55;0.695;0.754
2013-09-15 15:00:00;2013;9;15;15;87.972;15.119;61.548;5.571;0.0;0.32;0.55;0.695;0.753
2013-09-15 16:00:00;2013;9;15;16;44.517;14.69;63.191;5.003;0.0;0.32;0.55;0.695;0.752
2013-09-15 17:00:00;2013;9;15;17;1.893;13.932;65.446;5.018;0.0;0.319;0.55;0.695;0.751
2013-09-15 18:00:00;2013;9;15;18;-4.277;12.512;80.197;5.136;0.99;0.319;0.547;0.695;0.754
2013-09-15 19:00:00;2013;9;15;19;-3.78;12.074;85.432;6.92;0.47;0.318;0.546;0.694;0.755
2013-09-15 20:00:00;2013;9;15;20;-3.547;11.994;87.498;7.54;0.39;0.318;0.545;0.694;0.754
2013-09-15 21:00:00;2013;9;15;21;-2.723;11.93;90.302;8.471;2.23;0.327;0.551;0.695;0.753
2013-09-15 22:00:00;2013;9;15;22;-2.352;12.001;91.948;7.488;1.77;0.342;0.564;0.702;0.751
2013-09-15 23:00:00;2013;9;15;23;-2.082;12.277;92.558;8.183;1.386;0.347;0.583;0.704;0.752
2013-09-16 00:00:00;2013;9;16;0;-2.499;12.796;91.057;8.398;0.055;0.348;0.599;0.703;0.751
2013-09-16 01:00:00;2013;9;16;1;-2.461;12.665;92.315;6.676;1.069;0.35;0.603;0.703;0.749
2013-09-16 02:00:00;2013;9;16;2;-3.217;11.885;92.118;3.462;0.205;0.353;0.619;0.702;0.751
2013-09-16 03:00:00;2013;9;16;3;-4.028;11.147;92.667;3.702;0.012;0.353;0.624;0.701;0.752
2013-09-16 04:00:00;2013;9;16;4;-4.474;10.449;89.83;3.462;0.006;0.353;0.623;0.701;0.752
2013-09-16 05:00:00;2013;9;16;5;13.919;9.723;86.867;2.875;0.007;0.352;0.621;0.702;0.752
2013-09-16 06:00:00;2013;9;16;6;133.273;10.538;83.086;3.257;0.003;0.352;0.619;0.702;0.751
2013-09-16 07:00:00;2013;9;16;7;302.277;12.369;72.472;5.591;0.0;0.351;0.619;0.701;0.751
2013-09-16 08:00:00;2013;9;16;8;421.464;12.772;68.106;5.699;0.0;0.351;0.617;0.701;0.751
2013-09-16 09:00:00;2013;9;16;9;448.053;13.423;61.818;6.709;0.0;0.352;0.615;0.701;0.75
2013-09-16 10:00:00;2013;9;16;10;414.055;13.736;56.747;6.773;0.38;0.352;0.614;0.701;0.75
2013-09-16 11:00:00;2013;9;16;11;293.617;12.993;63.897;6.261;0.085;0.353;0.613;0.701;0.75
2013-09-16 12:00:00;2013;9;16;12;517.72;13.274;66.959;7.094;0.0;0.354;0.614;0.7;0.75
2013-09-16 13:00:00;2013;9;16;13;548.219;14.077;56.37;6.605;0.093;0.354;0.614;0.7;0.749
2013-09-16 14:00:00;2013;9;16;14;144.862;12.506;57.897;6.998;0.053;0.355;0.614;0.7;0.749
2013-09-16 15:00:00;2013;9;16;15;199.98;11.537;60.861;6.381;0.006;0.355;0.613;0.7;0.749
2013-09-16 16:00:00;2013;9;16;16;61.569;11.35;63.415;5.025;0.259;0.354;0.61;0.7;0.748
2013-09-16 17:00:00;2013;9;16;17;3.204;9.292;75.277;5.241;1.32;0.355;0.608;0.7;0.75
2013-09-16 18:00:00;2013;9;16;18;-4.268;8.466;79.823;3.776;0.01;0.36;0.616;0.701;0.75
2013-09-16 19:00:00;2013;9;16;19;-4.412;8.459;84.185;3.892;0.29;0.36;0.617;0.701;0.749
2013-09-16 20:00:00;2013;9;16;20;-5.203;7.388;88.985;3.674;0.0;0.36;0.617;0.7;0.749
2013-09-16 21:00:00;2013;9;16;21;-5.179;7.507;88.885;3.062;0.01;0.36;0.618;0.7;0.748
2013-09-16 22:00:00;2013;9;16;22;-4.46;8.267;87.515;2.887;0.0;0.359;0.618;0.7;0.747
2013-09-16 23:00:00;2013;9;16;23;-4.816;8.173;87.595;3.355;0.4;0.359;0.619;0.7;0.747
2013-09-17 00:00:00;2013;9;17;0;-4.276;8.332;88.948;4.554;0.3;0.36;0.618;0.7;0.748
2013-09-17 01:00:00;2013;9;17;1;-4.798;8.099;89.287;4.716;0.0;0.361;0.619;0.7;0.747
2013-09-17 02:00:00;2013;9;17;2;-4.729;8.618;86.032;5.323;0.0;0.361;0.618;0.699;0.747
2013-09-17 03:00:00;2013;9;17;3;-4.866;8.457;86.34;4.936;0.0;0.361;0.618;0.699;0.747
2013-09-17 04:00:00;2013;9;17;4;-4.579;8.549;85.872;5.951;0.0;0.362;0.62;0.7;0.746
2013-09-17 05:00:00;2013;9;17;5;17.55;8.517;85.64;5.172;0.0;0.362;0.619;0.7;0.746
2013-09-17 06:00:00;2013;9;17;6;125.864;9.176;82.998;6.298;0.0;0.362;0.618;0.7;0.746
2013-09-17 07:00:00;2013;9;17;7;248.015;10.022;82.178;6.816;0.05;0.362;0.618;0.7;0.746
2013-09-17 08:00:00;2013;9;17;8;388.321;11.155;77.311;7.701;0.0;0.363;0.616;0.699;0.746
2013-09-17 09:00:00;2013;9;17;9;549.735;11.968;73.343;8.566;0.0;0.363;0.612;0.699;0.746
2013-09-17 10:00:00;2013;9;17;10;583.824;12.596;70.828;9.191;0.0;0.363;0.607;0.699;0.747
2013-09-17 11:00:00;2013;9;17;11;450.134;13.072;63.522;8.449;0.0;0.364;0.605;0.699;0.748
2013-09-17 12:00:00;2013;9;17;12;331.012;12.759;63.223;8.743;0.0;0.365;0.603;0.699;0.749
2013-09-17 13:00:00;2013;9;17;13;134.765;12.245;67.956;6.372;0.0;0.366;0.602;0.699;0.75
2013-09-17 14:00:00;2013;9;17;14;132.821;11.993;73.937;3.904;0.0;0.365;0.601;0.699;0.75
2013-09-17 15:00:00;2013;9;17;15;79.609;12.464;67.177;4.394;0.0;0.366;0.599;0.699;0.75
2013-09-17 16:00:00;2013;9;17;16;25.065;11.349;69.401;5.43;0.1;0.365;0.598;0.698;0.75
2013-09-17 17:00:00;2013;9;17;17;-0.278;10.2;81.367;4.706;0.62;0.364;0.598;0.698;0.749
2013-09-17 18:00:00;2013;9;17;18;-3.299;9.432;89.067;3.455;1.45;0.366;0.6;0.699;0.745
2013-09-17 19:00:00;2013;9;17;19;-2.833;9.049;91.253;3.16;1.82;0.376;0.604;0.7;0.749
2013-09-17 20:00:00;2013;9;17;20;-2.663;9.099;92.88;3.691;1.402;0.384;0.621;0.699;0.751
2013-09-17 21:00:00;2013;9;17;21;-2.592;9.474;94.44;3.454;0.476;0.389;0.644;0.698;0.757
2013-09-17 22:00:00;2013;9;17;22;-2.963;9.939;94.275;2.895;0.065;0.39;0.651;0.698;0.754
2013-09-17 23:00:00;2013;9;17;23;-3.723;10.228;94.588;1.304;0.011;0.391;0.652;0.697;0.752
2013-09-18 00:00:00;2013;9;18;0;-4.087;10.389;94.212;1.346;0.081;0.392;0.652;0.698;0.752
2013-09-18 01:00:00;2013;9;18;1;-3.775;10.234;95.032;2.312;0.016;0.392;0.652;0.697;0.752
2013-09-18 02:00:00;2013;9;18;2;-3.873;9.736;94.978;2.584;0.01;0.393;0.651;0.697;0.752
2013-09-18 03:00:00;2013;9;18;3;-4.243;9.614;94.702;2.178;0.003;0.393;0.648;0.697;0.752
2013-09-18 04:00:00;2013;9;18;4;-4.352;9.727;94.163;2.079;0.0;0.393;0.646;0.697;0.754
2013-09-18 05:00:00;2013;9;18;5;3.239;9.684;93.84;0.896;0.002;0.393;0.645;0.697;0.755
2013-09-18 06:00:00;2013;9;18;6;54.403;10.105;93.717;1.66;0.0;0.394;0.643;0.697;0.756
2013-09-18 07:00:00;2013;9;18;7;143.89;11.029;91.637;1.931;0.0;0.394;0.642;0.697;0.756
2013-09-18 08:00:00;2013;9;18;8;263.692;12.048;86.603;2.205;0.0;0.395;0.641;0.697;0.756
2013-09-18 09:00:00;2013;9;18;9;334.839;13.234;78.445;2.924;0.0;0.396;0.64;0.697;0.756
2013-09-18 10:00:00;2013;9;18;10;512.682;14.084;69.273;3.79;0.0;0.397;0.638;0.697;0.756
2013-09-18 11:00:00;2013;9;18;11;384.732;14.443;65.599;4.135;0.0;0.399;0.637;0.697;0.755
2013-09-18 12:00:00;2013;9;18;12;258.547;14.047;70.776;4.223;0.0;0.4;0.635;0.697;0.753
2013-09-18 13:00:00;2013;9;18;13;498.931;14.869;68.825;4.524;0.0;0.4;0.633;0.697;0.753
2013-09-18 14:00:00;2013;9;18;14;361.956;14.982;64.717;4.961;0.0;0.401;0.632;0.697;0.751
2013-09-18 15:00:00;2013;9;18;15;32.046;12.209;81.434;4.093;0.039;0.4;0.631;0.697;0.751
2013-09-18 16:00:00;2013;9;18;16;67.544;12.145;85.95;3.382;0.29;0.399;0.63;0.698;0.751
2013-09-18 17:00:00;2013;9;18;17;19.028;11.775;80.156;4.658;0.007;0.399;0.629;0.698;0.751
2013-09-18 18:00:00;2013;9;18;18;-5.568;10.553;80.974;3.583;0.007;0.398;0.628;0.698;0.75
2013-09-18 19:00:00;2013;9;18;19;-5.668;9.349;82.716;3.04;0.005;0.397;0.627;0.698;0.75
2013-09-18 20:00:00;2013;9;18;20;-5.213;8.884;85.245;3.292;0.004;0.396;0.626;0.698;0.75
2013-09-18 21:00:00;2013;9;18;21;-4.154;9.396;84.667;4.221;0.002;0.396;0.626;0.698;0.75
2013-09-18 22:00:00;2013;9;18;22;-4.607;9.979;88.935;3.95;0.122;0.396;0.624;0.698;0.75
2013-09-18 23:00:00;2013;9;18;23;-4.964;9.583;89.657;4.457;0.005;0.395;0.624;0.699;0.749
2013-09-19 00:00:00;2013;9;19;0;-4.746;9.917;89.695;2.643;0.015;0.394;0.623;0.699;0.75
2013-09-19 01:00:00;2013;9;19;1;-4.387;9.929;90.167;2.839;0.187;0.394;0.622;0.699;0.749
2013-09-19 02:00:00;2013;9;19;2;-4.737;10.243;89.237;2.452;0.012;0.394;0.62;0.698;0.748
2013-09-19 03:00:00;2013;9;19;3;-4.799;9.938;88.94;3.183;0.005;0.394;0.62;0.698;0.748
2013-09-19 04:00:00;2013;9;19;4;-4.39;9.948;89.505;3.616;0.0;0.394;0.62;0.699;0.748
2013-09-19 05:00:00;2013;9;19;5;6.069;9.467;90.933;3.297;0.003;0.394;0.618;0.699;0.748
2013-09-19 06:00:00;2013;9;19;6;102.174;10.383;89.395;3.59;0.0;0.394;0.618;0.699;0.748
2013-09-19 07:00:00;2013;9;19;7;93.543;11.523;83.288;3.691;0.0;0.394;0.617;0.699;0.748
2013-09-19 08:00:00;2013;9;19;8;378.745;12.948;77.071;4.086;0.0;0.391;0.617;0.699;0.749
2013-09-19 09:00:00;2013;9;19;9;481.414;14.658;66.093;5.53;0.0;0.388;0.616;0.699;0.75
2013-09-19 10:00:00;2013;9;19;10;309.554;14.54;60.93;6.055;0.0;0.39;0.618;0.7;0.75
2013-09-19 11:00:00;2013;9;19;11;228.633;14.196;63.683;5.832;0.0;0.391;0.619;0.699;0.75
2013-09-19 12:00:00;2013;9;19;12;232.223;13.966;68.448;6.389;0.0;0.391;0.619;0.699;0.75
2013-09-19 13:00:00;2013;9;19;13;163.065;13.841;68.519;6.188;0.0;0.392;0.618;0.699;0.75
2013-09-19 14:00:00;2013;9;19;14;123.463;13.566;66.91;5.365;0.0;0.392;0.619;0.699;0.75
2013-09-19 15:00:00;2013;9;19;15;131.981;14.003;65.46;5.187;0.0;0.392;0.619;0.699;0.75
2013-09-19 16:00:00;2013;9;19;16;35.448;13.402;69.798;5.153;0.0;0.391;0.618;0.699;0.75
2013-09-19 17:00:00;2013;9;19;17;1.179;12.908;75.54;4.784;0.0;0.391;0.618;0.699;0.75
2013-09-19 18:00:00;2013;9;19;18;-3.74;12.709;80.564;6.643;0.0;0.391;0.618;0.699;0.75
2013-09-19 19:00:00;2013;9;19;19;-3.927;12.129;89.642;6.766;0.113;0.391;0.617;0.699;0.75
2013-09-19 20:00:00;2013;9;19;20;-3.357;12.041;91.908;7.291;0.172;0.391;0.617;0.699;0.75
2013-09-19 21:00:00;2013;9;19;21;-3.468;12.387;91.208;6.394;0.002;0.392;0.616;0.699;0.75
2013-09-19 22:00:00;2013;9;19;22;-3.69;12.798;91.163;5.369;0.003;0.392;0.616;0.699;0.75
2013-09-19 23:00:00;2013;9;19;23;-4.123;12.822;91.557;4.481;0.0;0.392;0.615;0.699;0.75
2013-09-20 00:00:00;2013;9;20;0;-3.917;13.027;92.235;3.879;0.001;0.392;0.613;0.699;0.749
2013-09-20 01:00:00;2013;9;20;1;-3.898;13.006;92.715;4.013;0.0;0.392;0.613;0.699;0.749
2013-09-20 02:00:00;2013;9;20;2;-3.718;13.15;93.062;4.176;0.0;0.392;0.613;0.699;0.749
2013-09-20 03:00:00;2013;9;20;3;-3.958;13.23;91.902;3.701;0.317;0.392;0.613;0.698;0.749
2013-09-20 04:00:00;2013;9;20;4;-3.646;13.077;90.133;4.385;0.354;0.393;0.61;0.699;0.748
2013-09-20 05:00:00;2013;9;20;5;0.422;12.769;89.468;3.857;0.0;0.393;0.61;0.699;0.748
2013-09-20 06:00:00;2013;9;20;6;37.4;13.171;88.46;3.591;0.0;0.394;0.61;0.698;0.748
2013-09-20 07:00:00;2013;9;20;7;117.468;13.871;87.063;3.433;0.0;0.394;0.61;0.699;0.747
2013-09-20 08:00:00;2013;9;20;8;199.482;14.652;84.317;4.415;0.0;0.394;0.609;0.699;0.747
2013-09-20 09:00:00;2013;9;20;9;218.718;15.053;79.269;5.776;0.0;0.395;0.609;0.699;0.747
2013-09-20 10:00:00;2013;9;20;10;248.266;15.077;76.184;5.961;0.0;0.396;0.609;0.699;0.747
2013-09-20 11:00:00;2013;9;20;11;196.222;15.159;76.235;6.114;0.0;0.397;0.609;0.698;0.747
2013-09-20 12:00:00;2013;9;20;12;244.123;15.515;76.321;5.848;0.0;0.397;0.61;0.696;0.747
2013-09-20 13:00:00;2013;9;20;13;192.893;15.718;76.784;5.366;0.0;0.397;0.611;0.696;0.747
2013-09-20 14:00:00;2013;9;20;14;157.945;15.979;73.573;4.706;0.0;0.398;0.612;0.696;0.748
2013-09-20 15:00:00;2013;9;20;15;119.25;15.346;72.162;5.905;0.0;0.398;0.612;0.696;0.747
2013-09-20 16:00:00;2013;9;20;16;52.528;14.928;72.359;5.171;0.0;0.397;0.614;0.696;0.748
2013-09-20 17:00:00;2013;9;20;17;2.009;14.133;78.281;3.752;0.0;0.397;0.614;0.696;0.747
2013-09-20 18:00:00;2013;9;20;18;-4.929;13.491;82.725;3.082;0.0;0.397;0.61;0.697;0.746
2013-09-20 19:00:00;2013;9;20;19;-6.323;11.859;86.483;2.169;0.0;0.396;0.61;0.697;0.745
2013-09-20 20:00:00;2013;9;20;20;-6.389;10.467;91.98;1.467;0.0;0.395;0.613;0.696;0.746
2013-09-20 21:00:00;2013;9;20;21;-6.631;9.97;93.783;0.846;0.0;0.394;0.611;0.696;0.746
2013-09-20 22:00:00;2013;9;20;22;-5.882;9.265;94.46;0.661;0.01;0.394;0.611;0.696;0.746
2013-09-20 23:00:00;2013;9;20;23;-5.596;9.103;95.512;0.534;0.0;0.394;0.61;0.697;0.746
2013-09-21 00:00:00;2013;9;21;0;-5.87;8.869;94.807;0.651;0.0;0.393;0.609;0.697;0.747
2013-09-21 01:00:00;2013;9;21;1;-6.147;7.295;93.872;0.763;0.01;0.392;0.608;0.697;0.747
2013-09-21 02:00:00;2013;9;21;2;-5.357;6.759;95.447;1.526;0.0;0.391;0.606;0.697;0.747
2013-09-21 03:00:00;2013;9;21;3;-4.335;8.636;96.35;1.915;0.0;0.391;0.605;0.697;0.748
2013-09-21 04:00:00;2013;9;21;4;-4.619;9.639;95.925;2.28;0.0;0.391;0.605;0.696;0.747
2013-09-21 05:00:00;2013;9;21;5;-0.624;10.016;95.598;1.912;0.0;0.391;0.604;0.698;0.747
2013-09-21 06:00:00;2013;9;21;6;31.608;10.449;94.808;2.021;0.0;0.391;0.604;0.695;0.747
2013-09-21 07:00:00;2013;9;21;7;87.643;11.589;93.727;2.158;0.0;0.392;0.603;0.696;0.746
2013-09-21 08:00:00;2013;9;21;8;233.398;13.358;84.486;2.209;0.0;0.392;0.604;0.696;0.745
2013-09-21 09:00:00;2013;9;21;9;403.197;14.737;73.696;3.328;0.0;0.393;0.604;0.695;0.745
2013-09-21 10:00:00;2013;9;21;10;504.431;15.842;67.421;4.51;0.0;0.394;0.605;0.695;0.745
2013-09-21 11:00:00;2013;9;21;11;522.438;16.453;60.744;5.043;0.0;0.396;0.606;0.694;0.746
2013-09-21 12:00:00;2013;9;21;12;425.321;16.407;62.573;4.552;0.0;0.397;0.605;0.694;0.745
2013-09-21 13:00:00;2013;9;21;13;383.474;16.686;63.153;4.712;0.0;0.398;0.606;0.694;0.745
2013-09-21 14:00:00;2013;9;21;14;297.645;16.905;62.916;3.717;0.0;0.398;0.606;0.694;0.745
2013-09-21 15:00:00;2013;9;21;15;135.638;16.523;64.208;3.412;0.0;0.398;0.606;0.694;0.745
2013-09-21 16:00:00;2013;9;21;16;40.836;15.873;69.986;2.309;0.0;0.398;0.606;0.694;0.745
2013-09-21 17:00:00;2013;9;21;17;2.489;14.129;80.259;1.811;0.0;0.397;0.605;0.694;0.745
2013-09-21 18:00:00;2013;9;21;18;-5.539;12.364;88.433;1.792;0.0;0.396;0.606;0.693;0.744
2013-09-21 19:00:00;2013;9;21;19;-5.776;12.093;89.797;1.821;0.0;0.396;0.606;0.694;0.744
2013-09-21 20:00:00;2013;9;21;20;-4.945;11.952;90.395;2.154;0.0;0.395;0.605;0.694;0.744
2013-09-21 21:00:00;2013;9;21;21;-4.306;12.675;86.943;2.501;0.0;0.395;0.605;0.695;0.744
2013-09-21 22:00:00;2013;9;21;22;-4.85;12.228;87.11;2.549;0.0;0.394;0.603;0.694;0.746
2013-09-21 23:00:00;2013;9;21;23;-5.116;11.845;88.75;2.301;0.0;0.394;0.602;0.695;0.746
2013-09-22 00:00:00;2013;9;22;0;-4.549;11.134;91.61;1.966;0.0;0.394;0.602;0.694;0.747
2013-09-22 01:00:00;2013;9;22;1;-3.815;12.436;89.602;2.142;0.0;0.394;0.602;0.695;0.746
2013-09-22 02:00:00;2013;9;22;2;-4.176;12.678;89.233;2.123;0.0;0.394;0.602;0.693;0.745
2013-09-22 03:00:00;2013;9;22;3;-4.227;12.748;90.395;2.37;0.0;0.394;0.601;0.692;0.744
2013-09-22 04:00:00;2013;9;22;4;-4.28;12.973;91.348;1.96;0.0;0.393;0.601;0.691;0.745
2013-09-22 05:00:00;2013;9;22;5;2.588;13.618;91.092;2.312;0.0;0.393;0.601;0.691;0.745
2013-09-22 06:00:00;2013;9;22;6;28.668;14.178;92.767;2.73;0.0;0.393;0.601;0.691;0.745
2013-09-22 07:00:00;2013;9;22;7;69.652;14.855;94.207;2.386;0.0;0.393;0.6;0.691;0.745
2013-09-22 08:00:00;2013;9;22;8;113.321;15.65;93.593;3.181;0.0;0.394;0.601;0.691;0.745
2013-09-22 09:00:00;2013;9;22;9;83.593;16.229;92.252;3.077;0.0;0.394;0.601;0.691;0.744
2013-09-22 10:00:00;2013;9;22;10;145.827;17.237;89.242;3.848;0.0;0.395;0.601;0.69;0.744
2013-09-22 11:00:00;2013;9;22;11;179.194;17.621;88.838;4.986;0.0;0.396;0.602;0.69;0.743
2013-09-22 12:00:00;2013;9;22;12;268.231;18.562;85.167;4.004;0.0;0.397;0.603;0.69;0.743
2013-09-22 13:00:00;2013;9;22;13;373.431;19.867;78.948;4.152;0.0;0.398;0.603;0.69;0.743
2013-09-22 14:00:00;2013;9;22;14;312.072;20.212;77.632;4.226;0.0;0.399;0.603;0.69;0.743
2013-09-22 15:00:00;2013;9;22;15;254.067;20.106;77.489;4.7;0.0;0.399;0.604;0.689;0.743
2013-09-22 16:00:00;2013;9;22;16;89.542;19.364;78.86;4.087;0.0;0.399;0.605;0.686;0.745
2013-09-22 17:00:00;2013;9;22;17;3.196;18.238;83.578;4.016;0.0;0.398;0.606;0.687;0.745
2013-09-22 18:00:00;2013;9;22;18;-4.054;17.508;86.117;3.504;0.0;0.398;0.606;0.688;0.745
2013-09-22 19:00:00;2013;9;22;19;-4.609;16.628;90.573;3.883;0.0;0.397;0.606;0.688;0.745
2013-09-22 20:00:00;2013;9;22;20;-5.081;15.788;91.98;2.52;0.0;0.397;0.605;0.687;0.744
2013-09-22 21:00:00;2013;9;22;21;-4.565;15.531;93.112;2.614;0.0;0.397;0.605;0.687;0.744
2013-09-22 22:00:00;2013;9;22;22;-4.432;15.579;91.443;1.769;0.0;0.396;0.604;0.688;0.744
2013-09-22 23:00:00;2013;9;22;23;-4.506;15.528;89.893;2.443;0.0;0.396;0.604;0.688;0.744
2013-09-23 00:00:00;2013;9;23;0;-4.936;15.335;89.523;2.41;0.0;0.396;0.603;0.687;0.744
2013-09-23 01:00:00;2013;9;23;1;-4.884;14.532;93.8;2.571;0.0;0.396;0.603;0.687;0.744
2013-09-23 02:00:00;2013;9;23;2;-4.152;14.89;93.99;2.493;0.0;0.396;0.602;0.687;0.744
2013-09-23 03:00:00;2013;9;23;3;-4.473;14.859;93.278;1.98;0.0;0.396;0.602;0.687;0.744
2013-09-23 04:00:00;2013;9;23;4;-5.697;13.895;92.723;1.285;0.0;0.396;0.602;0.688;0.744
2013-09-23 05:00:00;2013;9;23;5;2.455;14.369;93.872;2.376;0.01;0.395;0.602;0.688;0.744
2013-09-23 06:00:00;2013;9;23;6;68.81;14.57;93.938;2.227;0.0;0.395;0.601;0.688;0.745
2013-09-23 07:00:00;2013;9;23;7;219.853;15.906;90.62;3.219;0.0;0.395;0.601;0.687;0.745
2013-09-23 08:00:00;2013;9;23;8;330.841;17.27;86.117;3.868;0.0;0.395;0.601;0.687;0.745
2013-09-23 09:00:00;2013;9;23;9;374.673;18.345;81.112;4.027;0.0;0.396;0.601;0.687;0.744
2013-09-23 10:00:00;2013;9;23;10;331.798;19.068;76.741;3.774;0.0;0.397;0.602;0.686;0.745
2013-09-23 11:00:00;2013;9;23;11;398.598;19.67;73.876;3.993;0.0;0.398;0.602;0.686;0.745
2013-09-23 12:00:00;2013;9;23;12;286.387;19.614;73.286;4.35;0.0;0.398;0.603;0.685;0.745
2013-09-23 13:00:00;2013;9;23;13;207.767;19.39;75.04;3.898;0.0;0.399;0.604;0.685;0.745
2013-09-23 14:00:00;2013;9;23;14;158.794;19.299;76.434;3.192;0.0;0.399;0.605;0.685;0.745
2013-09-23 15:00:00;2013;9;23;15;91.879;18.856;78.463;3.267;0.0;0.399;0.605;0.685;0.745
2013-09-23 16:00:00;2013;9;23;16;51.065;18.21;80.072;2.732;0.0;0.399;0.605;0.684;0.745
2013-09-23 17:00:00;2013;9;23;17;1.895;16.638;85.502;1.754;0.0;0.398;0.605;0.684;0.746
2013-09-23 18:00:00;2013;9;23;18;-5.575;16.03;87.333;1.477;0.0;0.397;0.605;0.684;0.745
2013-09-23 19:00:00;2013;9;23;19;-7.266;14.593;89.223;1.485;0.0;0.397;0.604;0.685;0.744
2013-09-23 20:00:00;2013;9;23;20;-6.588;12.926;92.847;0.999;0.0;0.396;0.603;0.685;0.744
2013-09-23 21:00:00;2013;9;23;21;-5.689;11.098;94.335;0.61;0.0;0.395;0.603;0.686;0.744
2013-09-23 22:00:00;2013;9;23;22;-5.733;11.222;94.695;0.604;0.0;0.394;0.602;0.686;0.745
2013-09-23 23:00:00;2013;9;23;23;-5.43;11.144;95.31;1.067;0.0;0.394;0.602;0.686;0.745
2013-09-24 00:00:00;2013;9;24;0;-4.919;12.314;96.292;1.04;0.0;0.393;0.602;0.686;0.746
2013-09-24 01:00:00;2013;9;24;1;-5.456;12.444;94.875;0.534;0.0;0.393;0.602;0.685;0.745
2013-09-24 02:00:00;2013;9;24;2;-5.171;12.749;95.488;0.732;0.0;0.393;0.601;0.685;0.746
2013-09-24 03:00:00;2013;9;24;3;-5.092;13.156;95.062;0.561;0.0;0.392;0.601;0.686;0.746
2013-09-24 04:00:00;2013;9;24;4;-4.998;13.352;95.403;0.787;0.0;0.392;0.601;0.687;0.745
2013-09-24 05:00:00;2013;9;24;5;-0.301;13.364;94.992;0.713;0.0;0.393;0.601;0.687;0.746
2013-09-24 06:00:00;2013;9;24;6;29.327;13.719;95.353;0.569;0.0;0.393;0.601;0.685;0.746
2013-09-24 07:00:00;2013;9;24;7;74.619;14.604;95.112;1.482;0.0;0.393;0.601;0.685;0.746
2013-09-24 08:00:00;2013;9;24;8;102.754;15.04;94.118;1.544;0.0;0.393;0.6;0.685;0.746
2013-09-24 09:00:00;2013;9;24;9;128.512;15.418;92.103;1.505;0.0;0.393;0.6;0.684;0.746
2013-09-24 10:00:00;2013;9;24;10;260.193;16.372;86.915;1.383;0.0;0.394;0.601;0.684;0.746
2013-09-24 11:00:00;2013;9;24;11;374.677;17.739;79.514;1.463;0.0;0.396;0.601;0.683;0.746
2013-09-24 12:00:00;2013;9;24;12;212.682;17.686;75.185;1.835;0.0;0.398;0.601;0.683;0.746
2013-09-24 13:00:00;2013;9;24;13;141.985;17.848;70.925;1.553;0.0;0.398;0.602;0.684;0.745
2013-09-24 14:00:00;2013;9;24;14;100.646;17.465;74.222;2.369;0.0;0.398;0.603;0.682;0.745
2013-09-24 15:00:00;2013;9;24;15;183.462;17.557;71.56;1.982;0.0;0.398;0.603;0.682;0.745
2013-09-24 16:00:00;2013;9;24;16;66.528;16.877;76.158;1.114;0.0;0.397;0.604;0.682;0.745
2013-09-24 17:00:00;2013;9;24;17;3.1;15.326;82.057;1.626;0.0;0.397;0.604;0.682;0.746
2013-09-24 18:00:00;2013;9;24;18;-5.835;14.305;85.818;1.58;0.0;0.396;0.604;0.683;0.745
2013-09-24 19:00:00;2013;9;24;19;-5.119;13.432;88.325;1.019;0.0;0.394;0.604;0.683;0.745
2013-09-24 20:00:00;2013;9;24;20;-4.536;13.567;89.813;0.978;0.0;0.394;0.603;0.683;0.745
2013-09-24 21:00:00;2013;9;24;21;-4.323;14.086;86.118;1.238;0.0;0.393;0.603;0.683;0.745
2013-09-24 22:00:00;2013;9;24;22;-4.337;13.905;86.162;1.628;0.0;0.393;0.603;0.682;0.745
2013-09-24 23:00:00;2013;9;24;23;-4.534;13.781;87.35;1.736;0.0;0.393;0.602;0.683;0.745
2013-09-25 00:00:00;2013;9;25;0;-6.196;12.983;88.437;1.146;0.01;0.392;0.601;0.683;0.745
2013-09-25 01:00:00;2013;9;25;1;-6.122;11.652;91.157;0.865;0.0;0.391;0.601;0.683;0.745
2013-09-25 02:00:00;2013;9;25;2;-5.642;9.825;93.6;1.472;0.0;0.391;0.601;0.683;0.746
2013-09-25 03:00:00;2013;9;25;3;-5.271;9.541;95.337;1.963;0.01;0.39;0.6;0.682;0.746
2013-09-25 04:00:00;2013;9;25;4;-4.884;9.628;95.827;2.056;0.0;0.39;0.6;0.682;0.746
2013-09-25 05:00:00;2013;9;25;5;-1.691;11.216;96.167;1.389;0.0;0.39;0.6;0.684;0.746
2013-09-25 06:00:00;2013;9;25;6;27.382;12.305;95.397;1.227;0.0;0.389;0.599;0.683;0.746
2013-09-25 07:00:00;2013;9;25;7;115.382;13.369;91.515;1.19;0.0;0.389;0.599;0.683;0.746
2013-09-25 08:00:00;2013;9;25;8;246.506;15.187;82.748;1.227;0.0;0.389;0.599;0.683;0.746
2013-09-25 09:00:00;2013;9;25;9;256.594;16.357;78.741;1.016;0.0;0.391;0.599;0.682;0.746
2013-09-25 10:00:00;2013;9;25;10;417.465;17.534;74.153;1.251;0.0;0.392;0.599;0.682;0.745
2013-09-25 11:00:00;2013;9;25;11;333.79;18.173;66.338;1.499;0.0;0.393;0.599;0.682;0.745
2013-09-25 12:00:00;2013;9;25;12;385.753;18.427;65.327;2.202;0.0;0.394;0.6;0.681;0.745
2013-09-25 13:00:00;2013;9;25;13;161.855;18.005;66.488;2.429;0.0;0.395;0.601;0.681;0.744
2013-09-25 14:00:00;2013;9;25;14;139.326;18.008;67.397;1.691;0.0;0.395;0.602;0.681;0.744
2013-09-25 15:00:00;2013;9;25;15;71.752;17.633;71.297;2.155;0.0;0.394;0.603;0.68;0.744
2013-09-25 16:00:00;2013;9;25;16;22.1;16.908;78.877;1.667;0.0;0.394;0.604;0.681;0.744
2013-09-25 17:00:00;2013;9;25;17;-2.535;16.092;83.607;1.854;0.0;0.393;0.604;0.681;0.744
2013-09-25 18:00:00;2013;9;25;18;-4.391;15.394;84.412;2.1;0.0;0.393;0.605;0.681;0.744
2013-09-25 19:00:00;2013;9;25;19;-6.24;14.704;88.37;0.978;0.0;0.392;0.604;0.681;0.744
2013-09-25 20:00:00;2013;9;25;20;-5.671;13.586;91.555;0.852;0.0;0.391;0.603;0.68;0.745
2013-09-25 21:00:00;2013;9;25;21;-5.2;13.553;92.673;1.01;0.0;0.391;0.603;0.68;0.745
2013-09-25 22:00:00;2013;9;25;22;-4.866;13.732;91.082;1.4;0.0;0.391;0.602;0.681;0.745
2013-09-25 23:00:00;2013;9;25;23;-5.369;13.764;90.997;1.262;0.0;0.39;0.602;0.681;0.745
2013-09-26 00:00:00;2013;9;26;0;-5.564;13.371;91.105;1.605;0.0;0.39;0.601;0.681;0.745
2013-09-26 01:00:00;2013;9;26;1;-5.24;13.237;91.605;1.782;0.0;0.39;0.601;0.677;0.745
2013-09-26 02:00:00;2013;9;26;2;-5.844;12.867;92.578;2.096;0.01;0.389;0.601;0.677;0.745
2013-09-26 03:00:00;2013;9;26;3;-5.783;12.235;92.692;2.341;0.0;0.389;0.6;0.677;0.745
2013-09-26 04:00:00;2013;9;26;4;-4.806;12.716;92.633;3.605;0.0;0.388;0.6;0.676;0.745
2013-09-26 05:00:00;2013;9;26;5;2.453;12.836;89.162;3.608;0.0;0.388;0.6;0.677;0.744
2013-09-26 06:00:00;2013;9;26;6;98.391;12.26;84.598;3.448;0.0;0.388;0.6;0.677;0.744
2013-09-26 07:00:00;2013;9;26;7;220.024;13.317;79.596;3.651;0.0;0.387;0.599;0.677;0.744
2013-09-26 08:00:00;2013;9;26;8;237.668;14.21;76.462;4.713;0.0;0.387;0.599;0.676;0.744
2013-09-26 09:00:00;2013;9;26;9;313.444;14.606;71.351;4.819;0.0;0.388;0.599;0.676;0.744
2013-09-26 10:00:00;2013;9;26;10;336.264;14.806;65.082;4.435;0.0;0.388;0.599;0.675;0.744
2013-09-26 11:00:00;2013;9;26;11;343.165;15.14;58.36;4.387;0.0;0.388;0.599;0.675;0.744
2013-09-26 12:00:00;2013;9;26;12;287.629;14.731;61.79;4.367;0.0;0.388;0.599;0.674;0.744
2013-09-26 13:00:00;2013;9;26;13;247.406;14.14;62.04;3.818;0.0;0.388;0.599;0.674;0.743
2013-09-26 14:00:00;2013;9;26;14;225.264;13.307;63.274;3.765;0.0;0.387;0.599;0.674;0.744
2013-09-26 15:00:00;2013;9;26;15;81.324;12.99;65.732;2.561;0.0;0.386;0.599;0.672;0.744
2013-09-26 16:00:00;2013;9;26;16;32.102;12.721;68.989;1.821;0.0;0.386;0.599;0.671;0.744
2013-09-26 17:00:00;2013;9;26;17;-1.061;12.274;72.131;1.948;0.0;0.385;0.599;0.671;0.745
2013-09-26 18:00:00;2013;9;26;18;-4.489;11.589;75.195;1.978;0.0;0.385;0.599;0.671;0.745
2013-09-26 19:00:00;2013;9;26;19;-6.179;10.227;79.77;1.79;0.0;0.384;0.599;0.67;0.746
2013-09-26 20:00:00;2013;9;26;20;-6.315;8.634;85.613;1.287;0.0;0.384;0.599;0.669;0.746
2013-09-26 21:00:00;2013;9;26;21;-6.073;7.151;89.907;1.425;0.0;0.383;0.598;0.669;0.746
2013-09-26 22:00:00;2013;9;26;22;-6.046;6.728;89.899;1.59;0.0;0.382;0.598;0.669;0.746
2013-09-26 23:00:00;2013;9;26;23;-6.125;6.253;90.358;1.177;0.01;0.381;0.597;0.669;0.747
2013-09-27 00:00:00;2013;9;27;0;-6.311;5.506;92.34;0.774;0.0;0.38;0.598;0.668;0.746
2013-09-27 01:00:00;2013;9;27;1;-5.651;5.237;93.172;1.664;0.0;0.379;0.597;0.667;0.746
2013-09-27 02:00:00;2013;9;27;2;-5.586;5.07;93.007;1.437;0.0;0.378;0.596;0.668;0.745
2013-09-27 03:00:00;2013;9;27;3;-5.451;5.273;92.17;1.913;0.0;0.378;0.595;0.669;0.744
2013-09-27 04:00:00;2013;9;27;4;-5.576;5.361;91.568;2.092;0.0;0.377;0.595;0.668;0.745
2013-09-27 05:00:00;2013;9;27;5;1.563;5.185;90.917;2.143;0.01;0.376;0.594;0.667;0.745
2013-09-27 06:00:00;2013;9;27;6;95.442;5.755;91.238;2.095;0.0;0.376;0.593;0.668;0.745
2013-09-27 07:00:00;2013;9;27;7;231.843;7.981;85.902;1.678;0.0;0.376;0.593;0.668;0.745
2013-09-27 08:00:00;2013;9;27;8;386.421;10.294;79.794;2.452;0.0;0.376;0.592;0.668;0.745
2013-09-27 09:00:00;2013;9;27;9;502.125;12.633;72.075;2.974;0.0;0.377;0.591;0.668;0.744
2013-09-27 10:00:00;2013;9;27;10;571.828;14.032;68.21;3.503;0.0;0.378;0.591;0.667;0.745
2013-09-27 11:00:00;2013;9;27;11;588.111;15.018;63.348;3.28;0.0;0.379;0.591;0.667;0.746
2013-09-27 12:00:00;2013;9;27;12;564.808;15.871;58.354;3.13;0.0;0.378;0.591;0.666;0.746
2013-09-27 13:00:00;2013;9;27;13;498.347;16.093;55.697;3.561;0.0;0.37;0.59;0.667;0.746
2013-09-27 14:00:00;2013;9;27;14;381.14;16.212;51.333;3.887;0.0;0.37;0.592;0.667;0.746
2013-09-27 15:00:00;2013;9;27;15;230.143;15.767;51.358;4.024;0.0;0.369;0.592;0.666;0.745
2013-09-27 16:00:00;2013;9;27;16;53.292;14.038;56.615;2.744;0.0;0.368;0.592;0.666;0.745
2013-09-27 17:00:00;2013;9;27;17;-1.348;11.434;67.09;1.958;0.0;0.366;0.593;0.665;0.746
2013-09-27 18:00:00;2013;9;27;18;-6.178;9.744;73.655;1.954;0.0;0.366;0.593;0.666;0.745
2013-09-27 19:00:00;2013;9;27;19;-6.15;8.221;80.59;1.874;0.0;0.364;0.592;0.665;0.745
2013-09-27 20:00:00;2013;9;27;20;-5.992;7.324;82.772;1.599;0.0;0.363;0.59;0.665;0.746
2013-09-27 21:00:00;2013;9;27;21;-5.826;6.214;83.583;1.49;0.0;0.361;0.59;0.664;0.746
2013-09-27 22:00:00;2013;9;27;22;-5.381;6.175;83.288;1.539;0.0;0.361;0.589;0.664;0.745
2013-09-27 23:00:00;2013;9;27;23;-5.208;6.516;80.746;2.126;0.0;0.36;0.588;0.665;0.744
2013-09-28 00:00:00;2013;9;28;0;-4.86;9.016;70.049;3.275;0.0;0.36;0.587;0.665;0.744
2013-09-28 01:00:00;2013;9;28;1;-5.466;8.427;73.074;2.742;0.0;0.36;0.587;0.665;0.744
2013-09-28 02:00:00;2013;9;28;2;-5.548;7.738;75.856;2.125;0.0;0.359;0.586;0.665;0.744
2013-09-28 03:00:00;2013;9;28;3;-5.804;6.155;82.053;1.583;0.0;0.359;0.586;0.665;0.744
2013-09-28 04:00:00;2013;9;28;4;-5.731;4.417;88.043;1.389;0.0;0.359;0.585;0.664;0.744
2013-09-28 05:00:00;2013;9;28;5;0.932;3.234;91.523;1.556;0.0;0.357;0.585;0.663;0.745
2013-09-28 06:00:00;2013;9;28;6;98.857;5.152;89.438;1.604;0.0;0.356;0.585;0.663;0.745
2013-09-28 07:00:00;2013;9;28;7;247.756;9.473;71.376;3.458;0.0;0.356;0.584;0.662;0.745
2013-09-28 08:00:00;2013;9;28;8;390.426;11.466;64.778;3.476;0.0;0.357;0.584;0.663;0.744
2013-09-28 09:00:00;2013;9;28;9;499.095;12.635;61.98;4.068;0.0;0.358;0.584;0.663;0.744
2013-09-28 10:00:00;2013;9;28;10;574.804;14.602;57.316;4.435;0.0;0.358;0.584;0.662;0.744
2013-09-28 11:00:00;2013;9;28;11;571.277;15.946;53.506;4.614;0.0;0.359;0.584;0.661;0.744
2013-09-28 12:00:00;2013;9;28;12;548.447;16.514;49.583;5.052;0.0;0.36;0.585;0.661;0.745
2013-09-28 13:00:00;2013;9;28;13;486.811;16.946;45.328;4.753;0.0;0.36;0.586;0.661;0.745
2013-09-28 14:00:00;2013;9;28;14;283.36;16.511;42.938;5.216;0.0;0.359;0.588;0.66;0.745
2013-09-28 15:00:00;2013;9;28;15;217.915;16.251;42.542;5.066;0.0;0.358;0.588;0.66;0.745
2013-09-28 16:00:00;2013;9;28;16;99.653;15.313;47.576;4.274;0.0;0.356;0.587;0.66;0.746
2013-09-28 17:00:00;2013;9;28;17;1.234;13.134;56.161;3.277;0.0;0.354;0.587;0.66;0.746
2013-09-28 18:00:00;2013;9;28;18;-5.755;11.726;65.066;2.951;0.0;0.353;0.587;0.66;0.747
2013-09-28 19:00:00;2013;9;28;19;-5.543;11.404;70.356;3.448;0.0;0.353;0.588;0.66;0.746
2013-09-28 20:00:00;2013;9;28;20;-5.173;11.715;69.598;4.576;0.0;0.353;0.587;0.661;0.746
2013-09-28 21:00:00;2013;9;28;21;-5.325;11.447;70.405;4.669;0.0;0.351;0.587;0.66;0.745
2013-09-28 22:00:00;2013;9;28;22;-5.225;10.868;71.464;4.879;0.0;0.352;0.587;0.661;0.744
2013-09-28 23:00:00;2013;9;28;23;-5.143;10.462;71.972;4.629;0.0;0.352;0.586;0.661;0.743
2013-09-29 00:00:00;2013;9;29;0;-4.957;10.441;71.104;5.357;0.0;0.351;0.585;0.661;0.743
2013-09-29 01:00:00;2013;9;29;1;-4.971;10.09;72.131;5.323;0.0;0.351;0.585;0.661;0.743
2013-09-29 02:00:00;2013;9;29;2;-4.86;9.837;72.466;5.491;0.0;0.35;0.585;0.66;0.743
2013-09-29 03:00:00;2013;9;29;3;-5.07;9.328;73.649;4.75;0.0;0.35;0.584;0.66;0.744
2013-09-29 04:00:00;2013;9;29;4;-5.222;8.694;76.044;4.296;0.0;0.349;0.584;0.66;0.744
2013-09-29 05:00:00;2013;9;29;5;1.181;8.332;77.597;4.363;0.01;0.349;0.584;0.66;0.744
2013-09-29 06:00:00;2013;9;29;6;74.209;8.778;76.188;4.983;0.0;0.349;0.583;0.66;0.744
2013-09-29 07:00:00;2013;9;29;7;234.09;10.136;71.383;5.955;0.0;0.348;0.583;0.659;0.744
2013-09-29 08:00:00;2013;9;29;8;362.917;11.669;66.175;6.324;0.0;0.349;0.582;0.659;0.744
2013-09-29 09:00:00;2013;9;29;9;490.358;13.507;59.736;7.211;0.0;0.349;0.582;0.659;0.744
2013-09-29 10:00:00;2013;9;29;10;559.745;14.991;54.136;7.212;0.0;0.348;0.582;0.658;0.744
2013-09-29 11:00:00;2013;9;29;11;582.276;16.149;49.929;7.616;0.0;0.348;0.581;0.659;0.744
2013-09-29 12:00:00;2013;9;29;12;549.56;16.934;46.833;7.877;0.0;0.348;0.581;0.658;0.745
2013-09-29 13:00:00;2013;9;29;13;476.181;17.226;45.308;7.371;0.0;0.348;0.582;0.658;0.746
2013-09-29 14:00:00;2013;9;29;14;360.064;17.14;45.281;7.421;0.0;0.347;0.582;0.657;0.746
2013-09-29 15:00:00;2013;9;29;15;213.19;16.652;46.383;7.153;0.0;0.345;0.583;0.657;0.745
2013-09-29 16:00:00;2013;9;29;16;77.657;15.723;48.316;5.902;0.0;0.344;0.583;0.657;0.745
2013-09-29 17:00:00;2013;9;29;17;-1.353;14.355;50.333;4.876;0.0;0.343;0.583;0.657;0.744
2013-09-29 18:00:00;2013;9;29;18;-5.402;13.765;47.018;5.309;0.0;0.342;0.583;0.657;0.744
2013-09-29 19:00:00;2013;9;29;19;-5.391;12.36;55.484;4.753;0.0;0.342;0.582;0.657;0.743
2013-09-29 20:00:00;2013;9;29;20;-5.039;12.375;55.545;6.34;0.0;0.341;0.582;0.657;0.743
2013-09-29 21:00:00;2013;9;29;21;-5.122;11.576;59.807;6.153;0.0;0.34;0.581;0.657;0.743
2013-09-29 22:00:00;2013;9;29;22;-5.215;10.823;62.513;5.361;0.0;0.339;0.58;0.657;0.743
2013-09-29 23:00:00;2013;9;29;23;-5.37;9.925;66.073;4.348;0.0;0.339;0.58;0.657;0.742
2013-09-30 00:00:00;2013;9;30;0;-5.393;9.319;69.438;3.903;0.01;0.338;0.579;0.657;0.742
2013-09-30 01:00:00;2013;9;30;1;-5.59;8.451;73.871;3.206;0.0;0.338;0.579;0.656;0.742
2013-09-30 02:00:00;2013;9;30;2;-5.678;7.407;80.161;2.761;0.0;0.338;0.578;0.656;0.742
2013-09-30 03:00:00;2013;9;30;3;-5.299;7.407;79.221;3.638;0.01;0.338;0.578;0.656;0.743
2013-09-30 04:00:00;2013;9;30;4;-5.536;6.599;81.781;3.287;0.0;0.337;0.577;0.656;0.743
2013-09-30 05:00:00;2013;9;30;5;-0.94;5.976;84.455;3.042;0.0;0.337;0.577;0.656;0.743
2013-09-30 06:00:00;2013;9;30;6;84.8;6.894;81.62;3.634;0.0;0.337;0.577;0.656;0.743
2013-09-30 07:00:00;2013;9;30;7;231.445;8.807;74.632;4.592;0.0;0.337;0.577;0.655;0.743
2013-09-30 08:00:00;2013;9;30;8;372.356;10.594;68.98;4.291;0.0;0.337;0.577;0.655;0.743
2013-09-30 09:00:00;2013;9;30;9;480.834;12.07;63.497;5.907;0.0;0.336;0.576;0.655;0.743
2013-09-30 10:00:00;2013;9;30;10;554.221;13.309;59.854;6.11;0.0;0.336;0.576;0.654;0.743
2013-09-30 11:00:00;2013;9;30;11;568.9;14.478;56.133;6.657;0.0;0.335;0.576;0.654;0.743
2013-09-30 12:00:00;2013;9;30;12;547.198;15.39;52.239;6.278;0.0;0.337;0.576;0.654;0.742
2013-09-30 13:00:00;2013;9;30;13;489.117;15.981;49.966;6.055;0.0;0.336;0.576;0.654;0.743
2013-09-30 14:00:00;2013;9;30;14;389.237;16.154;48.532;6.09;0.0;0.335;0.576;0.653;0.744
2013-09-30 15:00:00;2013;9;30;15;203.189;15.548;51.18;5.12;0.0;0.334;0.576;0.653;0.743
2013-09-30 16:00:00;2013;9;30;16;60.699;14.292;55.208;4.866;0.0;0.333;0.576;0.653;0.743
2013-09-30 17:00:00;2013;9;30;17;-2.647;12.456;61.31;4.19;0.0;0.332;0.576;0.653;0.743
2013-09-30 18:00:00;2013;9;30;18;-5.443;11.3;66.518;3.634;0.0;0.331;0.575;0.653;0.743
2013-09-30 19:00:00;2013;9;30;19;-5.648;10.411;69.301;3.388;0.0;0.331;0.575;0.653;0.743
2013-09-30 20:00:00;2013;9;30;20;-5.858;8.864;74.461;2.723;0.0;0.33;0.575;0.653;0.743
2013-09-30 21:00:00;2013;9;30;21;-5.911;7.815;76.591;2.707;0.0;0.329;0.574;0.653;0.743
2013-09-30 22:00:00;2013;9;30;22;-5.692;7.293;76.408;2.982;0.0;0.329;0.573;0.653;0.743
2013-09-30 23:00:00;2013;9;30;23;-5.93;6.779;75.902;1.529;0.0;0.328;0.573;0.654;0.743
2013-10-01 00:00:00;2013;10;1;0;-5.981;6.136;77.538;2.323;0.01;0.327;0.573;0.653;0.743
2013-10-01 01:00:00;2013;10;1;1;-5.878;5.933;78.098;1.989;0.0;0.325;0.572;0.652;0.744
2013-10-01 02:00:00;2013;10;1;2;-5.774;5.742;79.02;2.422;0.0;0.325;0.572;0.652;0.744
2013-10-01 03:00:00;2013;10;1;3;-5.618;5.51;80.794;2.847;0.0;0.325;0.571;0.652;0.744
2013-10-01 04:00:00;2013;10;1;4;-5.583;5.187;82.738;2.76;0.01;0.327;0.571;0.653;0.744
2013-10-01 05:00:00;2013;10;1;5;-1.118;4.965;83.5;2.239;0.0;0.325;0.571;0.651;0.745
2013-10-01 06:00:00;2013;10;1;6;77.265;5.429;83.067;2.513;0.0;0.324;0.57;0.651;0.744
2013-10-01 07:00:00;2013;10;1;7;220.36;7.266;77.18;2.878;0.0;0.326;0.569;0.653;0.744
2013-10-01 08:00:00;2013;10;1;8;362.135;9.38;69.764;3.453;0.0;0.326;0.569;0.652;0.744
2013-10-01 09:00:00;2013;10;1;9;473.537;11.299;64.384;3.517;0.0;0.326;0.569;0.652;0.744
2013-10-01 10:00:00;2013;10;1;10;545.096;13.414;57.265;4.246;0.0;0.326;0.569;0.652;0.744
2013-10-01 11:00:00;2013;10;1;11;565.768;14.642;53.615;5.115;0.0;0.327;0.569;0.651;0.743
2013-10-01 12:00:00;2013;10;1;12;528.068;15.503;51.446;4.225;0.0;0.328;0.569;0.651;0.743
2013-10-01 13:00:00;2013;10;1;13;457.586;15.891;50.778;4.713;0.0;0.327;0.571;0.651;0.743
2013-10-01 14:00:00;2013;10;1;14;340.834;15.949;51.061;4.66;0.0;0.327;0.57;0.651;0.743
2013-10-01 15:00:00;2013;10;1;15;200.048;15.378;52.498;5.179;0.0;0.326;0.571;0.651;0.743
2013-10-01 16:00:00;2013;10;1;16;61.513;14.041;56.795;4.008;0.0;0.325;0.571;0.651;0.744
2013-10-01 17:00:00;2013;10;1;17;-4.069;11.872;63.64;3.575;0.0;0.324;0.57;0.65;0.743
2013-10-01 18:00:00;2013;10;1;18;-5.939;10.272;67.312;3.065;0.0;0.324;0.57;0.651;0.743
2013-10-01 19:00:00;2013;10;1;19;-5.61;9.826;66.4;3.347;0.0;0.323;0.57;0.651;0.743
2013-10-01 20:00:00;2013;10;1;20;-4.974;10.448;62.701;5.449;0.0;0.322;0.57;0.651;0.744
2013-10-01 21:00:00;2013;10;1;21;-5.071;10.199;62.261;5.702;0.0;0.32;0.569;0.65;0.744
2013-10-01 22:00:00;2013;10;1;22;-5.425;9.315;65.342;4.337;0.0;0.319;0.568;0.65;0.744
2013-10-01 23:00:00;2013;10;1;23;-5.64;8.16;70.113;3.413;0.0;0.32;0.567;0.651;0.744
2013-10-02 00:00:00;2013;10;2;0;-5.423;7.746;71.742;4.019;0.004;0.319;0.567;0.651;0.744
2013-10-02 01:00:00;2013;10;2;1;-5.407;7.149;72.729;4.007;0.002;0.318;0.567;0.651;0.744
2013-10-02 02:00:00;2013;10;2;2;-5.453;6.598;74.085;3.709;0.0;0.317;0.567;0.65;0.745
2013-10-02 03:00:00;2013;10;2;3;-4.989;6.501;73.744;4.865;0.0;0.316;0.566;0.65;0.745
2013-10-02 04:00:00;2013;10;2;4;-5.046;6.293;74.374;4.894;0.0;0.317;0.565;0.651;0.745
2013-10-02 05:00:00;2013;10;2;5;0.019;5.886;76.35;5.315;0.0;0.317;0.565;0.651;0.745
2013-10-02 06:00:00;2013;10;2;6;93.981;6.557;73.622;5.693;0.0;0.317;0.564;0.651;0.745
2013-10-02 07:00:00;2013;10;2;7;208.978;7.638;69.878;5.553;0.0;0.317;0.563;0.65;0.745
2013-10-02 08:00:00;2013;10;2;8;301.552;9.248;66.012;5.895;0.0;0.317;0.563;0.65;0.745
2013-10-02 09:00:00;2013;10;2;9;386.425;11.006;62.518;6.013;0.0;0.317;0.563;0.65;0.745
2013-10-02 10:00:00;2013;10;2;10;476.394;12.918;56.26;6.628;0.0;0.316;0.563;0.65;0.745
2013-10-02 11:00:00;2013;10;2;11;387.594;13.878;51.077;6.843;0.0;0.315;0.563;0.65;0.746
2013-10-02 12:00:00;2013;10;2;12;339.965;14.439;49.783;6.032;0.0;0.316;0.563;0.649;0.745
2013-10-02 13:00:00;2013;10;2;13;264.179;14.299;49.346;6.242;0.0;0.316;0.563;0.649;0.744
2013-10-02 14:00:00;2013;10;2;14;218.022;14.35;49.384;5.425;0.0;0.316;0.564;0.649;0.744
2013-10-02 15:00:00;2013;10;2;15;234.742;14.9;46.596;5.542;0.0;0.314;0.564;0.649;0.745
2013-10-02 16:00:00;2013;10;2;16;69.954;14.39;47.641;4.76;0.0;0.314;0.563;0.649;0.746
2013-10-02 17:00:00;2013;10;2;17;-4.191;12.619;52.482;3.862;0.0;0.314;0.562;0.649;0.745
2013-10-02 18:00:00;2013;10;2;18;-5.801;11.708;56.147;3.816;0.0;0.313;0.562;0.649;0.745
2013-10-02 19:00:00;2013;10;2;19;-5.31;11.303;59.291;4.517;0.0;0.312;0.562;0.649;0.745
2013-10-02 20:00:00;2013;10;2;20;-5.038;10.944;61.27;5.173;0.0;0.311;0.561;0.649;0.746
2013-10-02 21:00:00;2013;10;2;21;-5.053;10.358;64.486;5.0;0.0;0.311;0.56;0.649;0.746
2013-10-02 22:00:00;2013;10;2;22;-5.32;9.793;66.466;4.4;0.0;0.311;0.56;0.649;0.745
2013-10-02 23:00:00;2013;10;2;23;-5.378;9.031;67.903;4.299;0.0;0.31;0.56;0.649;0.746
2013-10-03 00:00:00;2013;10;3;0;-5.188;8.414;69.126;4.307;0.001;0.309;0.559;0.648;0.746
2013-10-03 01:00:00;2013;10;3;1;-5.011;7.998;68.471;4.548;0.002;0.309;0.558;0.648;0.746
2013-10-03 02:00:00;2013;10;3;2;-4.967;7.577;68.957;4.153;0.003;0.308;0.557;0.648;0.747
2013-10-03 03:00:00;2013;10;3;3;-4.889;7.402;68.615;4.116;0.001;0.307;0.558;0.648;0.747
2013-10-03 04:00:00;2013;10;3;4;-4.723;7.34;68.037;4.016;0.001;0.309;0.557;0.648;0.746
2013-10-03 05:00:00;2013;10;3;5;1.282;7.4;66.896;4.724;0.0;0.308;0.557;0.648;0.747
2013-10-03 06:00:00;2013;10;3;6;76.378;7.519;67.047;5.051;0.0;0.308;0.556;0.648;0.746
2013-10-03 07:00:00;2013;10;3;7;176.965;8.409;64.546;5.475;0.0;0.307;0.555;0.647;0.747
2013-10-03 08:00:00;2013;10;3;8;292.37;10.17;59.504;5.423;0.0;0.306;0.555;0.647;0.747
2013-10-03 09:00:00;2013;10;3;9;390.434;11.818;52.032;6.381;0.0;0.306;0.555;0.647;0.747
2013-10-03 10:00:00;2013;10;3;10;525.121;13.356;45.647;7.31;0.0;0.306;0.555;0.647;0.747
2013-10-03 11:00:00;2013;10;3;11;487.37;14.623;43.63;7.536;0.0;0.306;0.554;0.647;0.746
2013-10-03 12:00:00;2013;10;3;12;510.453;16.066;42.07;7.225;0.0;0.306;0.552;0.647;0.746
2013-10-03 13:00:00;2013;10;3;13;450.582;17.231;37.706;7.456;0.0;0.306;0.552;0.646;0.745
2013-10-03 14:00:00;2013;10;3;14;291.868;17.597;37.97;6.631;0.0;0.305;0.552;0.646;0.745
2013-10-03 15:00:00;2013;10;3;15;113.34;16.924;42.402;5.412;0.0;0.304;0.552;0.645;0.745
2013-10-03 16:00:00;2013;10;3;16;28.554;15.954;48.877;5.319;0.0;0.303;0.552;0.645;0.745
2013-10-03 17:00:00;2013;10;3;17;-3.67;15.341;51.084;5.491;0.0;0.302;0.551;0.646;0.745
2013-10-03 18:00:00;2013;10;3;18;-4.504;14.668;53.026;5.998;0.0;0.302;0.552;0.646;0.745
2013-10-03 19:00:00;2013;10;3;19;-3.938;14.353;52.99;6.74;0.0;0.302;0.551;0.646;0.745
2013-10-03 20:00:00;2013;10;3;20;-4.015;14.098;52.723;6.492;0.0;0.301;0.55;0.646;0.745
2013-10-03 21:00:00;2013;10;3;21;-3.663;14.103;53.03;6.336;0.0;0.301;0.55;0.646;0.745
2013-10-03 22:00:00;2013;10;3;22;-5.196;12.614;67.335;6.442;0.629;0.301;0.549;0.646;0.745
2013-10-03 23:00:00;2013;10;3;23;-4.542;11.566;76.778;5.023;0.05;0.301;0.549;0.646;0.745
2013-10-04 00:00:00;2013;10;4;0;-4.068;11.654;73.703;6.098;0.02;0.3;0.548;0.645;0.745
2013-10-04 01:00:00;2013;10;4;1;-4.341;10.975;80.969;5.666;0.31;0.3;0.548;0.645;0.745
2013-10-04 02:00:00;2013;10;4;2;-3.946;10.765;83.112;4.566;0.38;0.302;0.548;0.646;0.745
2013-10-04 03:00:00;2013;10;4;3;-3.569;10.872;81.007;5.235;0.0;0.303;0.548;0.645;0.746
2013-10-04 04:00:00;2013;10;4;4;-3.711;10.87;80.468;5.917;0.0;0.304;0.548;0.646;0.746
2013-10-04 05:00:00;2013;10;4;5;-3.568;11.538;81.08;5.917;0.39;0.304;0.547;0.646;0.746
2013-10-04 06:00:00;2013;10;4;6;11.145;11.567;92.135;4.128;3.02;0.331;0.589;0.648;0.743
2013-10-04 07:00:00;2013;10;4;7;98.281;12.111;91.535;5.725;0.01;0.334;0.59;0.65;0.742
2013-10-04 08:00:00;2013;10;4;8;216.34;13.499;87.048;5.857;0.0;0.332;0.585;0.65;0.742
2013-10-04 09:00:00;2013;10;4;9;390.434;15.484;82.488;6.536;0.0;0.332;0.583;0.65;0.743
2013-10-04 10:00:00;2013;10;4;10;424.876;17.814;79.374;5.941;0.0;0.333;0.582;0.65;0.742
2013-10-04 11:00:00;2013;10;4;11;335.204;19.086;78.678;5.78;0.0;0.333;0.582;0.649;0.742
2013-10-04 12:00:00;2013;10;4;12;290.541;20.161;77.312;5.767;0.0;0.334;0.581;0.649;0.742
2013-10-04 13:00:00;2013;10;4;13;211.103;20.678;73.809;5.543;0.0;0.334;0.581;0.649;0.743
2013-10-04 14:00:00;2013;10;4;14;167.59;20.6;71.94;5.007;0.0;0.333;0.581;0.649;0.743
2013-10-04 15:00:00;2013;10;4;15;75.622;19.917;74.274;4.458;0.0;0.333;0.581;0.649;0.743
2013-10-04 16:00:00;2013;10;4;16;27.587;18.561;79.19;3.799;0.0;0.332;0.581;0.649;0.743
2013-10-04 17:00:00;2013;10;4;17;-4.345;17.463;81.85;3.654;0.0;0.332;0.58;0.649;0.743
2013-10-04 18:00:00;2013;10;4;18;-5.924;15.789;87.495;3.312;0.0;0.331;0.58;0.649;0.742
2013-10-04 19:00:00;2013;10;4;19;-5.456;15.126;90.087;2.68;0.0;0.33;0.58;0.649;0.743
2013-10-04 20:00:00;2013;10;4;20;-5.529;15.528;88.045;2.26;0.0;0.33;0.579;0.65;0.743
2013-10-04 21:00:00;2013;10;4;21;-5.291;14.889;91.042;2.617;0.0;0.33;0.578;0.65;0.742
2013-10-04 22:00:00;2013;10;4;22;-5.27;15.025;91.935;2.533;0.0;0.329;0.577;0.65;0.742
2013-10-04 23:00:00;2013;10;4;23;-5.451;14.37;92.483;2.013;0.0;0.329;0.577;0.65;0.742
2013-10-05 00:00:00;2013;10;5;0;-5.167;14.381;93.408;2.545;0.0;0.328;0.576;0.65;0.742
2013-10-05 01:00:00;2013;10;5;1;-5.966;13.34;94.09;2.856;0.01;0.328;0.576;0.65;0.742
2013-10-05 02:00:00;2013;10;5;2;-5.545;12.107;95.165;2.264;0.0;0.328;0.575;0.65;0.742
2013-10-05 03:00:00;2013;10;5;3;-5.858;11.556;94.767;1.037;0.0;0.327;0.574;0.65;0.742
2013-10-05 04:00:00;2013;10;5;4;-5.347;11.968;95.945;1.959;0.0;0.327;0.574;0.65;0.743
2013-10-05 05:00:00;2013;10;5;5;-4.86;11.97;95.713;1.165;0.0;0.327;0.574;0.65;0.744
2013-10-05 06:00:00;2013;10;5;6;11.151;13.426;96.115;0.444;0.0;0.327;0.573;0.649;0.744
2013-10-05 07:00:00;2013;10;5;7;39.948;14.364;95.007;0.846;0.0;0.328;0.573;0.65;0.742
2013-10-05 08:00:00;2013;10;5;8;133.577;14.842;94.663;1.091;0.0;0.328;0.572;0.65;0.742
2013-10-05 09:00:00;2013;10;5;9;206.468;15.593;92.42;1.749;0.0;0.328;0.572;0.65;0.742
2013-10-05 10:00:00;2013;10;5;10;379.047;16.754;86.648;1.92;0.0;0.329;0.572;0.65;0.743
2013-10-05 11:00:00;2013;10;5;11;206.836;17.772;79.728;1.37;0.0;0.329;0.572;0.65;0.743
2013-10-05 12:00:00;2013;10;5;12;181.844;18.219;78.625;1.844;0.0;0.33;0.573;0.649;0.744
2013-10-05 13:00:00;2013;10;5;13;167.853;18.187;75.408;4.684;0.0;0.33;0.574;0.649;0.744
2013-10-05 14:00:00;2013;10;5;14;70.59;16.925;78.076;4.491;0.0;0.33;0.574;0.649;0.744
2013-10-05 15:00:00;2013;10;5;15;102.181;16.729;73.103;4.041;0.0;0.33;0.574;0.649;0.744
2013-10-05 16:00:00;2013;10;5;16;36.653;15.341;77.452;2.798;0.0;0.329;0.574;0.649;0.744
2013-10-05 17:00:00;2013;10;5;17;-4.703;12.776;84.663;2.489;0.0;0.329;0.573;0.649;0.744
2013-10-05 18:00:00;2013;10;5;18;-7.346;11.005;89.682;1.471;0.0;0.328;0.572;0.65;0.743
2013-10-05 19:00:00;2013;10;5;19;-6.471;10.39;94.283;0.91;0.0;0.328;0.571;0.651;0.743
2013-10-05 20:00:00;2013;10;5;20;-6.075;10.039;94.122;0.705;0.0;0.327;0.57;0.651;0.743
2013-10-05 21:00:00;2013;10;5;21;-6.034;10.59;94.223;0.838;0.0;0.327;0.57;0.651;0.743
2013-10-05 22:00:00;2013;10;5;22;-5.516;11.225;94.732;1.371;0.0;0.327;0.569;0.651;0.743
2013-10-05 23:00:00;2013;10;5;23;-6.319;11.698;94.102;1.297;0.0;0.328;0.569;0.65;0.743
2013-10-06 00:00:00;2013;10;6;0;-6.793;9.556;93.598;1.087;0.01;0.327;0.569;0.65;0.743
2013-10-06 01:00:00;2013;10;6;1;-6.676;8.053;93.342;0.435;0.0;0.327;0.568;0.65;0.743
2013-10-06 02:00:00;2013;10;6;2;-5.861;7.611;94.552;0.66;0.01;0.326;0.568;0.65;0.744
2013-10-06 03:00:00;2013;10;6;3;-5.628;7.704;94.855;0.567;0.0;0.326;0.567;0.65;0.744
2013-10-06 04:00:00;2013;10;6;4;-5.621;8.096;95.075;0.787;0.02;0.325;0.567;0.65;0.744
2013-10-06 05:00:00;2013;10;6;5;-4.429;8.72;95.695;1.058;0.02;0.325;0.566;0.65;0.745
2013-10-06 06:00:00;2013;10;6;6;14.86;9.798;96.39;1.026;0.0;0.325;0.566;0.65;0.744
2013-10-06 07:00:00;2013;10;6;7;90.718;11.073;96.155;1.354;0.0;0.325;0.566;0.65;0.744
2013-10-06 08:00:00;2013;10;6;8;165.159;12.628;95.85;1.192;0.0;0.326;0.566;0.65;0.744
2013-10-06 09:00:00;2013;10;6;9;330.577;14.154;90.87;1.58;0.0;0.326;0.566;0.65;0.744
2013-10-06 10:00:00;2013;10;6;10;533.274;16.381;69.973;1.44;0.0;0.327;0.567;0.65;0.743
2013-10-06 11:00:00;2013;10;6;11;437.196;16.786;65.31;2.411;0.0;0.329;0.568;0.65;0.743
2013-10-06 12:00:00;2013;10;6;12;84.579;15.8;69.19;1.721;0.0;0.329;0.568;0.65;0.743
2013-10-06 13:00:00;2013;10;6;13;101.912;15.668;72.393;0.999;0.0;0.329;0.569;0.65;0.743
2013-10-06 14:00:00;2013;10;6;14;104.332;16.079;68.196;1.272;0.0;0.329;0.569;0.65;0.743
2013-10-06 15:00:00;2013;10;6;15;53.096;15.86;73.361;1.259;0.0;0.329;0.569;0.65;0.743
2013-10-06 16:00:00;2013;10;6;16;12.067;15.122;80.336;1.099;0.0;0.328;0.57;0.65;0.743
2013-10-06 17:00:00;2013;10;6;17;-6.372;13.398;84.832;0.994;0.0;0.328;0.57;0.651;0.743
2013-10-06 18:00:00;2013;10;6;18;-6.734;11.996;91.71;0.688;0.0;0.327;0.569;0.651;0.743
2013-10-06 19:00:00;2013;10;6;19;-7.014;10.913;93.35;1.046;0.0;0.326;0.569;0.651;0.743
2013-10-06 20:00:00;2013;10;6;20;-5.721;9.672;94.233;1.21;0.0;0.325;0.568;0.651;0.743
2013-10-06 21:00:00;2013;10;6;21;-5.435;10.781;94.727;0.91;0.0;0.326;0.567;0.652;0.743
2013-10-06 22:00:00;2013;10;6;22;-6.872;11.051;94.297;1.074;0.0;0.325;0.567;0.652;0.744
2013-10-06 23:00:00;2013;10;6;23;-7.133;9.313;93.077;0.89;0.0;0.325;0.567;0.651;0.744
2013-10-07 00:00:00;2013;10;7;0;-6.535;7.79;92.495;0.38;0.01;0.324;0.566;0.651;0.744
2013-10-07 01:00:00;2013;10;7;1;-6.559;6.53;93.872;0.986;0.01;0.323;0.566;0.651;0.745
2013-10-07 02:00:00;2013;10;7;2;-6.418;5.859;94.078;1.616;0.0;0.321;0.565;0.65;0.745
2013-10-07 03:00:00;2013;10;7;3;-6.059;5.742;94.808;1.299;0.0;0.32;0.565;0.649;0.746
2013-10-07 04:00:00;2013;10;7;4;-4.523;6.998;96.642;1.534;0.0;0.322;0.564;0.651;0.745
2013-10-07 05:00:00;2013;10;7;5;-3.525;9.359;96.557;1.643;0.0;0.322;0.563;0.651;0.746
2013-10-07 06:00:00;2013;10;7;6;27.339;9.435;96.392;1.874;0.0;0.322;0.563;0.651;0.746
2013-10-07 07:00:00;2013;10;7;7;70.947;9.685;96.488;2.313;0.0;0.322;0.562;0.65;0.746
2013-10-07 08:00:00;2013;10;7;8;135.631;10.146;96.447;2.112;0.0;0.322;0.562;0.65;0.746
2013-10-07 09:00:00;2013;10;7;9;201.598;11.04;96.708;1.955;0.0;0.322;0.563;0.65;0.745
2013-10-07 10:00:00;2013;10;7;10;298.337;12.071;96.137;2.083;0.0;0.321;0.566;0.65;0.745
2013-10-07 11:00:00;2013;10;7;11;510.73;14.085;89.227;2.002;0.0;0.322;0.565;0.65;0.745
2013-10-07 12:00:00;2013;10;7;12;484.319;16.641;70.435;2.249;0.0;0.322;0.565;0.65;0.745
2013-10-07 13:00:00;2013;10;7;13;349.265;17.448;64.959;1.844;0.0;0.323;0.566;0.65;0.745
2013-10-07 14:00:00;2013;10;7;14;166.004;17.094;66.904;1.849;0.0;0.323;0.567;0.65;0.745
2013-10-07 15:00:00;2013;10;7;15;55.883;16.828;71.087;1.64;0.0;0.323;0.567;0.65;0.746
2013-10-07 16:00:00;2013;10;7;16;15.984;15.801;72.601;0.786;0.0;0.322;0.567;0.65;0.746
2013-10-07 17:00:00;2013;10;7;17;-6.195;13.459;80.188;1.111;0.0;0.321;0.567;0.65;0.745
2013-10-07 18:00:00;2013;10;7;18;-6.872;11.273;89.542;0.349;0.0;0.32;0.567;0.65;0.745
2013-10-07 19:00:00;2013;10;7;19;-6.499;9.314;91.745;0.419;0.0;0.318;0.566;0.65;0.745
2013-10-07 20:00:00;2013;10;7;20;-5.546;8.325;93.767;0.324;0.0;0.319;0.565;0.651;0.745
2013-10-07 21:00:00;2013;10;7;21;-5.484;9.219;95.308;0.543;0.0;0.319;0.565;0.651;0.745
2013-10-07 22:00:00;2013;10;7;22;-5.107;9.529;94.988;0.976;0.0;0.318;0.565;0.651;0.745
2013-10-07 23:00:00;2013;10;7;23;-4.812;10.638;95.453;1.766;0.0;0.317;0.564;0.651;0.745
2013-10-08 00:00:00;2013;10;8;0;-5.585;10.74;94.46;1.87;0.0;0.317;0.564;0.651;0.745
2013-10-08 01:00:00;2013;10;8;1;-4.955;10.244;94.818;1.523;0.0;0.317;0.563;0.651;0.745
2013-10-08 02:00:00;2013;10;8;2;-5.099;10.536;94.578;1.509;0.0;0.316;0.563;0.65;0.745
2013-10-08 03:00:00;2013;10;8;3;-5.21;10.507;94.307;2.1;0.0;0.316;0.562;0.65;0.745
2013-10-08 04:00:00;2013;10;8;4;-4.157;11.07;94.22;2.224;0.0;0.317;0.562;0.651;0.745
2013-10-08 05:00:00;2013;10;8;5;-3.492;11.756;93.255;2.287;0.0;0.317;0.561;0.651;0.745
2013-10-08 06:00:00;2013;10;8;6;17.574;11.815;92.73;2.613;0.0;0.317;0.561;0.65;0.745
2013-10-08 07:00:00;2013;10;8;7;58.188;12.754;91.077;2.508;0.0;0.317;0.561;0.65;0.745
2013-10-08 08:00:00;2013;10;8;8;112.541;13.887;88.073;2.259;0.0;0.318;0.561;0.65;0.746
2013-10-08 09:00:00;2013;10;8;9;198.213;15.026;84.723;2.579;0.0;0.318;0.561;0.65;0.746
2013-10-08 10:00:00;2013;10;8;10;259.504;16.263;79.345;3.557;0.0;0.319;0.561;0.65;0.746
2013-10-08 11:00:00;2013;10;8;11;280.106;17.107;73.222;4.387;0.0;0.321;0.561;0.65;0.746
2013-10-08 12:00:00;2013;10;8;12;250.501;17.343;70.712;4.192;0.0;0.321;0.561;0.65;0.746
2013-10-08 13:00:00;2013;10;8;13;246.489;17.509;68.359;4.329;0.0;0.322;0.562;0.649;0.745
2013-10-08 14:00:00;2013;10;8;14;110.012;17.227;72.097;3.605;0.0;0.321;0.562;0.65;0.745
2013-10-08 15:00:00;2013;10;8;15;35.723;16.798;75.931;2.608;0.0;0.321;0.562;0.65;0.745
2013-10-08 16:00:00;2013;10;8;16;6.619;16.558;78.096;2.333;0.0;0.321;0.562;0.649;0.746
2013-10-08 17:00:00;2013;10;8;17;-4.523;16.047;81.605;1.439;0.0;0.321;0.562;0.65;0.746
2013-10-08 18:00:00;2013;10;8;18;-5.209;16.007;84.568;1.422;0.0;0.321;0.561;0.65;0.745
2013-10-08 19:00:00;2013;10;8;19;-4.643;15.615;86.207;2.149;0.0;0.32;0.562;0.65;0.746
2013-10-08 20:00:00;2013;10;8;20;-4.995;14.898;87.877;1.825;0.0;0.32;0.561;0.65;0.746
2013-10-08 21:00:00;2013;10;8;21;-4.996;14.58;88.935;1.473;0.0;0.319;0.561;0.65;0.746
2013-10-08 22:00:00;2013;10;8;22;-4.484;14.613;88.14;1.75;0.0;0.319;0.561;0.65;0.746
2013-10-08 23:00:00;2013;10;8;23;-5.817;14.33;89.947;1.338;0.0;0.319;0.561;0.651;0.746
2013-10-09 00:00:00;2013;10;9;0;-4.975;13.987;92.475;2.494;0.0;0.319;0.561;0.651;0.746
2013-10-09 01:00:00;2013;10;9;1;-4.275;14.028;91.688;2.425;0.0;0.319;0.56;0.651;0.746
2013-10-09 02:00:00;2013;10;9;2;-5.018;13.734;91.208;2.061;0.01;0.318;0.56;0.651;0.746
2013-10-09 03:00:00;2013;10;9;3;-3.965;14.083;91.612;3.313;0.0;0.318;0.56;0.651;0.746
2013-10-09 04:00:00;2013;10;9;4;-4.36;14.006;93.065;3.579;0.0;0.318;0.56;0.651;0.745
2013-10-09 05:00:00;2013;10;9;5;-2.89;14.166;94.465;4.632;0.0;0.318;0.559;0.651;0.745
2013-10-09 06:00:00;2013;10;9;6;2.763;14.282;94.635;3.657;0.0;0.318;0.559;0.651;0.746
2013-10-09 07:00:00;2013;10;9;7;71.883;14.714;90.933;2.954;0.0;0.318;0.559;0.651;0.745
2013-10-09 08:00:00;2013;10;9;8;154.804;15.088;83.334;3.032;0.0;0.319;0.559;0.651;0.745
2013-10-09 09:00:00;2013;10;9;9;71.808;14.916;80.498;3.827;0.0;0.32;0.559;0.651;0.746
2013-10-09 10:00:00;2013;10;9;10;204.399;15.23;76.876;4.423;0.0;0.32;0.56;0.651;0.746
2013-10-09 11:00:00;2013;10;9;11;226.642;15.435;71.104;5.38;0.0;0.32;0.56;0.65;0.745
2013-10-09 12:00:00;2013;10;9;12;150.453;14.914;65.819;6.406;0.0;0.319;0.56;0.65;0.745
2013-10-09 13:00:00;2013;10;9;13;115.621;14.369;68.61;5.0;0.0;0.319;0.559;0.65;0.745
2013-10-09 14:00:00;2013;10;9;14;147.502;14.52;62.861;5.77;0.0;0.318;0.559;0.65;0.745
2013-10-09 15:00:00;2013;10;9;15;30.451;13.763;69.273;4.246;0.0;0.318;0.559;0.65;0.744
2013-10-09 16:00:00;2013;10;9;16;2.448;13.288;74.233;4.045;0.0;0.317;0.558;0.65;0.744
2013-10-09 17:00:00;2013;10;9;17;-4.438;12.901;79.473;4.517;0.23;0.317;0.558;0.651;0.744
2013-10-09 18:00:00;2013;10;9;18;-4.418;11.968;89.728;3.307;0.23;0.317;0.557;0.651;0.745
2013-10-09 19:00:00;2013;10;9;19;-4.3;11.829;91.385;3.723;0.01;0.316;0.558;0.65;0.745
2013-10-09 20:00:00;2013;10;9;20;-4.028;11.269;84.343;5.916;0.01;0.317;0.557;0.65;0.745
2013-10-09 21:00:00;2013;10;9;21;-4.409;9.458;81.204;4.932;0.0;0.315;0.557;0.65;0.745
2013-10-09 22:00:00;2013;10;9;22;-5.026;9.083;82.972;3.424;0.03;0.315;0.557;0.65;0.745
2013-10-09 23:00:00;2013;10;9;23;-4.763;8.709;83.19;3.466;0.01;0.316;0.556;0.651;0.745
2013-10-10 00:00:00;2013;10;10;0;-4.907;7.846;85.938;3.493;0.39;0.315;0.555;0.651;0.745
2013-10-10 01:00:00;2013;10;10;1;-5.321;6.914;90.127;2.223;0.03;0.315;0.555;0.65;0.746
2013-10-10 02:00:00;2013;10;10;2;-4.571;5.973;92.963;2.964;0.01;0.316;0.555;0.65;0.746
2013-10-10 03:00:00;2013;10;10;3;-4.638;7.363;87.553;3.369;0.06;0.316;0.554;0.649;0.747
2013-10-10 04:00:00;2013;10;10;4;-4.512;7.157;88.12;3.526;0.17;0.316;0.554;0.649;0.746
2013-10-10 05:00:00;2013;10;10;5;-3.319;7.097;89.032;3.203;0.01;0.318;0.554;0.65;0.746
2013-10-10 06:00:00;2013;10;10;6;49.046;6.646;90.607;1.439;0.0;0.318;0.553;0.65;0.746
2013-10-10 07:00:00;2013;10;10;7;128.455;7.762;88.983;1.629;0.0;0.318;0.553;0.65;0.746
2013-10-10 08:00:00;2013;10;10;8;314.325;8.732;84.152;2.805;0.0;0.318;0.553;0.65;0.746
2013-10-10 09:00:00;2013;10;10;9;421.33;10.13;75.023;2.189;0.0;0.318;0.553;0.65;0.746
2013-10-10 10:00:00;2013;10;10;10;495.217;11.492;65.321;3.272;0.0;0.319;0.553;0.649;0.747
2013-10-10 11:00:00;2013;10;10;11;418.92;11.888;60.257;4.109;0.0;0.32;0.553;0.649;0.746
2013-10-10 12:00:00;2013;10;10;12;209.7;10.948;71.486;2.84;0.0;0.321;0.554;0.649;0.746
2013-10-10 13:00:00;2013;10;10;13;240.234;11.683;67.119;3.127;0.0;0.321;0.554;0.649;0.745
2013-10-10 14:00:00;2013;10;10;14;164.184;11.79;63.01;3.461;0.0;0.321;0.555;0.649;0.745
2013-10-10 15:00:00;2013;10;10;15;61.78;11.261;71.038;2.537;0.0;0.32;0.555;0.649;0.746
2013-10-10 16:00:00;2013;10;10;16;15.857;10.224;76.813;1.693;0.0;0.319;0.555;0.649;0.746
2013-10-10 17:00:00;2013;10;10;17;-6.408;7.91;86.222;1.411;0.0;0.319;0.555;0.649;0.746
2013-10-10 18:00:00;2013;10;10;18;-6.316;6.411;89.775;1.731;0.0;0.318;0.554;0.649;0.746
2013-10-10 19:00:00;2013;10;10;19;-5.679;5.942;93.247;1.967;0.0;0.318;0.553;0.649;0.746
2013-10-10 20:00:00;2013;10;10;20;-5.31;6.231;93.638;1.343;0.0;0.317;0.552;0.649;0.747
2013-10-10 21:00:00;2013;10;10;21;-5.888;6.597;93.578;1.709;0.0;0.316;0.551;0.649;0.747
2013-10-10 22:00:00;2013;10;10;22;-4.688;7.434;92.355;2.729;0.0;0.316;0.551;0.649;0.746
2013-10-10 23:00:00;2013;10;10;23;-5.076;7.953;88.41;3.785;0.0;0.316;0.551;0.649;0.746
2013-10-11 00:00:00;2013;10;11;0;-5.389;7.335;86.865;2.965;0.0;0.316;0.55;0.649;0.746
2013-10-11 01:00:00;2013;10;11;1;-5.594;6.023;89.932;2.625;0.01;0.315;0.549;0.648;0.746
2013-10-11 02:00:00;2013;10;11;2;-5.029;5.794;90.292;2.428;0.0;0.315;0.549;0.648;0.746
2013-10-11 03:00:00;2013;10;11;3;-4.523;5.983;90.003;2.586;0.0;0.315;0.548;0.648;0.747
2013-10-11 04:00:00;2013;10;11;4;-4.223;6.513;88.057;2.732;0.0;0.316;0.548;0.649;0.747
2013-10-11 05:00:00;2013;10;11;5;-3.89;6.762;86.63;2.644;0.0;0.315;0.548;0.648;0.746
2013-10-11 06:00:00;2013;10;11;6;0.528;7.187;85.862;2.384;0.0;0.315;0.548;0.648;0.746
2013-10-11 07:00:00;2013;10;11;7;13.952;7.296;89.62;1.87;1.677;0.318;0.552;0.648;0.745
2013-10-11 08:00:00;2013;10;11;8;28.679;7.533;92.893;1.667;0.506;0.335;0.568;0.648;0.746
2013-10-11 09:00:00;2013;10;11;9;38.051;7.849;92.982;1.661;0.072;0.342;0.572;0.648;0.746
2013-10-11 10:00:00;2013;10;11;10;40.845;8.148;91.392;1.273;1.664;0.352;0.576;0.648;0.747
2013-10-11 11:00:00;2013;10;11;11;36.644;8.086;89.908;1.711;1.809;0.379;0.602;0.648;0.746
2013-10-11 12:00:00;2013;10;11;12;55.271;8.143;89.515;1.962;1.03;0.393;0.616;0.648;0.744
2013-10-11 13:00:00;2013;10;11;13;50.41;8.168;89.927;2.091;0.36;0.398;0.617;0.651;0.745
2013-10-11 14:00:00;2013;10;11;14;29.163;8.149;91.373;2.099;0.49;0.397;0.614;0.652;0.745
2013-10-11 15:00:00;2013;10;11;15;11.12;7.933;93.458;2.255;1.21;0.399;0.617;0.652;0.746
2013-10-11 16:00:00;2013;10;11;16;-0.403;7.853;93.928;1.837;1.85;0.412;0.627;0.656;0.748
2013-10-11 17:00:00;2013;10;11;17;-2.57;7.834;94.173;2.053;1.285;0.424;0.636;0.668;0.743
2013-10-11 18:00:00;2013;10;11;18;-2.805;7.897;93.842;1.623;1.428;0.425;0.632;0.673;0.743
2013-10-11 19:00:00;2013;10;11;19;-2.956;7.949;93.778;1.284;2.006;0.441;0.642;0.677;0.747
2013-10-11 20:00:00;2013;10;11;20;-2.984;8.005;93.8;1.306;0.61;0.448;0.642;0.683;0.749
2013-10-11 21:00:00;2013;10;11;21;-2.625;8.021;94.222;3.072;1.79;0.445;0.639;0.685;0.749
2013-10-11 22:00:00;2013;10;11;22;-2.456;7.763;94.258;3.231;1.14;0.46;0.65;0.686;0.749
2013-10-11 23:00:00;2013;10;11;23;-2.601;8.044;93.488;3.23;0.18;0.46;0.649;0.687;0.751
2013-10-12 00:00:00;2013;10;12;0;-3.742;7.178;93.012;3.044;0.01;0.458;0.647;0.687;0.752
2013-10-12 01:00:00;2013;10;12;1;-4.48;6.227;93.018;2.045;0.01;0.455;0.646;0.687;0.751
2013-10-12 02:00:00;2013;10;12;2;-4.3;5.606;94.288;2.224;0.0;0.452;0.643;0.686;0.749
2013-10-12 03:00:00;2013;10;12;3;-4.333;5.53;94.405;2.069;0.01;0.449;0.641;0.686;0.748
2013-10-12 04:00:00;2013;10;12;4;-4.691;4.349;94.363;1.492;0.01;0.447;0.639;0.686;0.748
2013-10-12 05:00:00;2013;10;12;5;-2.937;2.884;95.848;1.658;0.01;0.444;0.638;0.684;0.749
2013-10-12 06:00:00;2013;10;12;6;18.996;3.566;96.268;1.431;0.01;0.444;0.636;0.684;0.75
2013-10-12 07:00:00;2013;10;12;7;70.364;5.131;95.945;0.988;0.0;0.444;0.633;0.683;0.751
2013-10-12 08:00:00;2013;10;12;8;213.646;6.263;94.772;1.322;0.0;0.444;0.632;0.683;0.751
2013-10-12 09:00:00;2013;10;12;9;287.598;8.104;87.81;1.911;0.0;0.444;0.631;0.683;0.751
2013-10-12 10:00:00;2013;10;12;10;452.192;9.457;79.752;2.316;0.0;0.445;0.629;0.683;0.75
2013-10-12 11:00:00;2013;10;12;11;434.057;10.334;74.315;2.286;0.0;0.445;0.629;0.683;0.75
2013-10-12 12:00:00;2013;10;12;12;195.781;10.58;72.947;2.328;0.0;0.446;0.63;0.682;0.75
2013-10-12 13:00:00;2013;10;12;13;185.271;9.985;75.191;2.5;0.0;0.447;0.631;0.682;0.748
2013-10-12 14:00:00;2013;10;12;14;87.328;10.109;75.021;1.496;0.0;0.446;0.631;0.682;0.749
2013-10-12 15:00:00;2013;10;12;15;28.329;9.927;80.128;2.141;0.0;0.446;0.631;0.681;0.748
2013-10-12 16:00:00;2013;10;12;16;3.696;9.55;84.175;2.448;0.08;0.446;0.631;0.681;0.748
2013-10-12 17:00:00;2013;10;12;17;-3.647;8.875;92.022;2.239;3.253;0.455;0.633;0.682;0.748
2013-10-12 18:00:00;2013;10;12;18;-2.807;8.602;93.325;2.212;2.641;0.486;0.652;0.682;0.75
2013-10-12 19:00:00;2013;10;12;19;-2.534;8.495;93.61;2.409;1.05;0.501;0.667;0.681;0.742
2013-10-12 20:00:00;2013;10;12;20;-2.267;8.545;94.295;3.286;4.13;0.525;0.673;0.68;0.743
2013-10-12 21:00:00;2013;10;12;21;-2.242;8.463;93.947;4.356;0.817;0.627;0.681;0.68;0.746
2013-10-12 22:00:00;2013;10;12;22;-2.71;8.345;92.867;4.322;0.014;0.632;0.683;0.68;0.745
2013-10-12 23:00:00;2013;10;12;23;-2.904;8.37;92.267;4.99;0.002;0.626;0.682;0.683;0.746
2013-10-13 00:00:00;2013;10;13;0;-3.037;8.368;90.652;5.194;0.0;0.622;0.682;0.683;0.746
2013-10-13 01:00:00;2013;10;13;1;-2.919;8.169;87.545;5.075;0.002;0.619;0.68;0.683;0.745
2013-10-13 02:00:00;2013;10;13;2;-2.853;7.975;86.898;5.77;0.0;0.615;0.678;0.683;0.745
2013-10-13 03:00:00;2013;10;13;3;-2.868;7.915;86.683;6.566;0.002;0.612;0.677;0.683;0.744
2013-10-13 04:00:00;2013;10;13;4;-2.631;7.481;89.803;7.59;3.492;0.624;0.679;0.682;0.745
2013-10-13 05:00:00;2013;10;13;5;-2.063;7.238;91.953;7.981;2.63;0.654;0.678;0.681;0.744
2013-10-13 06:00:00;2013;10;13;6;0.339;7.532;92.213;9.753;4.178;0.668;0.679;0.68;0.743
2013-10-13 07:00:00;2013;10;13;7;5.256;7.729;90.773;8.353;5.184;0.677;0.682;0.679;0.743
2013-10-13 08:00:00;2013;10;13;8;10.839;7.75;90.272;11.11;5.791;0.681;0.681;0.682;0.743
2013-10-13 09:00:00;2013;10;13;9;25.622;7.869;91.287;10.136;3.288;0.681;0.679;0.682;0.743
2013-10-13 10:00:00;2013;10;13;10;48.219;8.204;90.557;9.454;1.45;0.681;0.68;0.682;0.743
2013-10-13 11:00:00;2013;10;13;11;58.806;8.52;89.097;9.687;0.48;0.682;0.679;0.683;0.744
2013-10-13 12:00:00;2013;10;13;12;31.27;8.676;88.038;8.946;2.09;0.682;0.679;0.683;0.744
2013-10-13 13:00:00;2013;10;13;13;20.528;8.74;88.937;7.9;2.193;0.682;0.678;0.683;0.745
2013-10-13 14:00:00;2013;10;13;14;16.004;8.781;86.028;8.878;1.711;0.681;0.678;0.683;0.745
2013-10-13 15:00:00;2013;10;13;15;11.973;8.486;84.68;8.598;1.966;0.68;0.677;0.682;0.745
2013-10-13 16:00:00;2013;10;13;16;0.791;8.246;87.725;6.698;1.56;0.681;0.678;0.683;0.744
2013-10-13 17:00:00;2013;10;13;17;-2.078;8.06;88.737;7.054;1.61;0.682;0.679;0.683;0.744
2013-10-13 18:00:00;2013;10;13;18;-2.167;8.11;86.762;6.937;0.39;0.682;0.679;0.683;0.744
2013-10-13 19:00:00;2013;10;13;19;-2.378;8.415;84.988;8.026;0.09;0.681;0.678;0.682;0.744
2013-10-13 20:00:00;2013;10;13;20;-2.498;8.607;85.507;7.431;0.19;0.681;0.677;0.682;0.744
2013-10-13 21:00:00;2013;10;13;21;-2.567;8.8;85.728;6.682;0.02;0.681;0.677;0.682;0.744
2013-10-13 22:00:00;2013;10;13;22;-2.904;8.754;87.763;6.0;0.08;0.681;0.677;0.682;0.745
2013-10-13 23:00:00;2013;10;13;23;-2.926;9.157;85.042;6.26;0.01;0.68;0.677;0.682;0.744
2013-10-14 00:00:00;2013;10;14;0;-2.938;9.082;86.592;5.425;0.33;0.68;0.677;0.681;0.745
2013-10-14 01:00:00;2013;10;14;1;-2.766;9.299;84.645;5.301;0.0;0.68;0.677;0.681;0.745
2013-10-14 02:00:00;2013;10;14;2;-2.62;9.323;83.902;5.732;0.0;0.68;0.677;0.681;0.744
2013-10-14 03:00:00;2013;10;14;3;-3.515;9.169;83.39;5.68;0.0;0.679;0.677;0.681;0.744
2013-10-14 04:00:00;2013;10;14;4;-2.947;8.938;83.743;5.404;0.0;0.68;0.678;0.681;0.743
2013-10-14 05:00:00;2013;10;14;5;-3.303;8.958;83.62;5.702;0.03;0.68;0.679;0.681;0.743
2013-10-14 06:00:00;2013;10;14;6;0.906;8.916;85.61;5.432;0.41;0.68;0.68;0.681;0.743
2013-10-14 07:00:00;2013;10;14;7;37.297;9.105;86.02;5.491;0.01;0.679;0.68;0.68;0.742
2013-10-14 08:00:00;2013;10;14;8;65.658;9.569;85.3;6.098;0.0;0.678;0.68;0.679;0.742
2013-10-14 09:00:00;2013;10;14;9;68.995;10.1;82.165;5.616;0.0;0.671;0.683;0.679;0.742
2013-10-14 10:00:00;2013;10;14;10;108.286;10.793;80.513;5.173;0.0;0.67;0.682;0.679;0.742
2013-10-14 11:00:00;2013;10;14;11;82.303;11.247;80.061;5.565;0.0;0.667;0.679;0.677;0.743
2013-10-14 12:00:00;2013;10;14;12;45.918;11.1;83.397;4.585;0.0;0.667;0.681;0.677;0.743
2013-10-14 13:00:00;2013;10;14;13;77.949;11.231;86.842;4.67;0.07;0.668;0.682;0.677;0.743
2013-10-14 14:00:00;2013;10;14;14;43.038;11.274;88.548;4.728;0.37;0.67;0.68;0.676;0.742
2013-10-14 15:00:00;2013;10;14;15;27.302;11.186;88.82;5.253;0.63;0.677;0.68;0.679;0.742
2013-10-14 16:00:00;2013;10;14;16;3.76;11.294;86.108;4.606;0.026;0.678;0.682;0.68;0.743
2013-10-14 17:00:00;2013;10;14;17;-4.376;11.555;84.035;4.503;0.0;0.678;0.683;0.68;0.743
2013-10-14 18:00:00;2013;10;14;18;-4.144;11.662;84.763;4.246;0.768;0.679;0.682;0.68;0.743
2013-10-14 19:00:00;2013;10;14;19;-4.086;11.459;86.572;4.286;0.232;0.677;0.681;0.679;0.743
2013-10-14 20:00:00;2013;10;14;20;-4.418;10.894;91.035;2.064;0.179;0.676;0.68;0.678;0.743
2013-10-14 21:00:00;2013;10;14;21;-3.922;10.712;92.948;2.252;0.89;0.675;0.68;0.678;0.742
2013-10-14 22:00:00;2013;10;14;22;-2.815;10.515;91.722;3.864;1.485;0.676;0.68;0.677;0.742
2013-10-14 23:00:00;2013;10;14;23;-3.134;10.057;92.773;3.08;0.14;0.675;0.68;0.677;0.741
2013-10-15 00:00:00;2013;10;15;0;-3.555;9.967;93.115;3.459;0.02;0.675;0.679;0.676;0.742
2013-10-15 01:00:00;2013;10;15;1;-4.142;9.468;92.685;3.692;0.01;0.674;0.679;0.676;0.741
2013-10-15 02:00:00;2013;10;15;2;-3.97;9.439;91.875;4.042;0.0;0.671;0.677;0.672;0.741
2013-10-15 03:00:00;2013;10;15;3;-4.181;9.359;91.807;3.65;0.0;0.67;0.677;0.671;0.741
2013-10-15 04:00:00;2013;10;15;4;-3.901;9.439;91.373;4.262;0.0;0.669;0.676;0.671;0.742
2013-10-15 05:00:00;2013;10;15;5;-3.448;9.391;91.567;4.183;0.0;0.669;0.676;0.671;0.741
2013-10-15 06:00:00;2013;10;15;6;9.765;9.451;90.683;4.23;0.0;0.67;0.677;0.671;0.74
2013-10-15 07:00:00;2013;10;15;7;33.39;9.69;90.058;3.527;0.0;0.67;0.677;0.671;0.74
2013-10-15 08:00:00;2013;10;15;8;140.329;10.318;87.518;3.58;0.0;0.67;0.677;0.671;0.74
2013-10-15 09:00:00;2013;10;15;9;103.096;10.813;83.92;4.05;0.0;0.669;0.676;0.671;0.74
2013-10-15 10:00:00;2013;10;15;10;138.191;10.934;84.49;3.744;0.04;0.669;0.676;0.67;0.74
2013-10-15 11:00:00;2013;10;15;11;54.815;10.491;88.622;3.456;0.93;0.669;0.676;0.671;0.74
2013-10-15 12:00:00;2013;10;15;12;43.651;10.432;86.252;4.552;1.68;0.669;0.676;0.671;0.74
2013-10-15 13:00:00;2013;10;15;13;79.141;10.0;89.702;3.312;0.33;0.669;0.676;0.67;0.74
2013-10-15 14:00:00;2013;10;15;14;36.204;10.094;88.785;2.979;0.27;0.669;0.676;0.67;0.74
2013-10-15 15:00:00;2013;10;15;15;11.269;9.981;91.255;1.909;0.88;0.669;0.676;0.67;0.74
2013-10-15 16:00:00;2013;10;15;16;-0.747;9.93;94.037;2.304;0.8;0.669;0.676;0.671;0.74
2013-10-15 17:00:00;2013;10;15;17;-3.447;9.983;93.002;1.668;0.22;0.669;0.676;0.67;0.74
2013-10-15 18:00:00;2013;10;15;18;-4.823;9.584;91.935;0.894;0.0;0.669;0.677;0.67;0.74
2013-10-15 19:00:00;2013;10;15;19;-5.003;8.838;93.655;1.285;0.01;0.669;0.676;0.67;0.74
2013-10-15 20:00:00;2013;10;15;20;-4.898;7.225;94.62;1.874;0.0;0.669;0.677;0.67;0.74
2013-10-15 21:00:00;2013;10;15;21;-4.374;6.851;95.21;1.123;0.0;0.669;0.677;0.67;0.74
2013-10-15 22:00:00;2013;10;15;22;-4.871;6.508;95.182;2.073;0.02;0.668;0.676;0.67;0.74
2013-10-15 23:00:00;2013;10;15;23;-4.006;6.538;96.01;1.083;0.02;0.668;0.676;0.669;0.74
2013-10-16 00:00:00;2013;10;16;0;-3.892;8.676;96.337;2.305;0.0;0.668;0.676;0.669;0.74
2013-10-16 01:00:00;2013;10;16;1;-4.288;7.959;96.13;2.086;0.01;0.668;0.676;0.67;0.74
2013-10-16 02:00:00;2013;10;16;2;-4.444;7.464;95.525;1.47;0.01;0.668;0.676;0.67;0.74
2013-10-16 03:00:00;2013;10;16;3;-4.812;7.013;95.39;1.371;0.01;0.667;0.675;0.669;0.74
2013-10-16 04:00:00;2013;10;16;4;-4.881;6.342;95.113;1.822;0.0;0.668;0.677;0.669;0.739
2013-10-16 05:00:00;2013;10;16;5;-4.45;6.387;96.167;1.215;0.01;0.668;0.677;0.67;0.738
2013-10-16 06:00:00;2013;10;16;6;28.717;5.651;95.203;0.926;0.0;0.668;0.677;0.67;0.738
2013-10-16 07:00:00;2013;10;16;7;112.45;7.511;95.92;2.173;0.0;0.668;0.677;0.67;0.738
2013-10-16 08:00:00;2013;10;16;8;200.059;9.116;94.223;1.905;0.0;0.668;0.677;0.669;0.738
2013-10-16 09:00:00;2013;10;16;9;308.838;10.894;90.023;1.7;0.0;0.668;0.677;0.669;0.738
2013-10-16 10:00:00;2013;10;16;10;267.624;12.217;87.595;2.041;0.0;0.668;0.676;0.669;0.738
2013-10-16 11:00:00;2013;10;16;11;267.299;12.626;85.737;2.512;0.0;0.668;0.676;0.669;0.739
2013-10-16 12:00:00;2013;10;16;12;174.567;12.632;84.997;3.534;0.0;0.668;0.676;0.669;0.738
2013-10-16 13:00:00;2013;10;16;13;131.784;12.337;84.63;3.388;0.0;0.669;0.675;0.67;0.739
2013-10-16 14:00:00;2013;10;16;14;75.292;11.822;86.943;4.218;0.0;0.669;0.675;0.67;0.738
2013-10-16 15:00:00;2013;10;16;15;31.693;11.494;86.278;3.769;0.0;0.669;0.676;0.67;0.739
2013-10-16 16:00:00;2013;10;16;16;0.258;11.425;86.123;3.361;0.0;0.669;0.675;0.67;0.739
2013-10-16 17:00:00;2013;10;16;17;-4.275;10.95;87.963;3.517;0.0;0.668;0.676;0.669;0.739
2013-10-16 18:00:00;2013;10;16;18;-4.475;10.814;88.895;3.993;0.11;0.669;0.676;0.67;0.738
2013-10-16 19:00:00;2013;10;16;19;-4.467;10.928;88.42;5.164;0.03;0.669;0.676;0.67;0.737
2013-10-16 20:00:00;2013;10;16;20;-3.914;10.703;91.002;5.638;0.277;0.669;0.676;0.67;0.737
2013-10-16 21:00:00;2013;10;16;21;-3.572;10.804;92.112;5.802;0.018;0.669;0.676;0.67;0.738
2013-10-16 22:00:00;2013;10;16;22;-3.846;11.259;91.35;4.762;0.0;0.668;0.676;0.669;0.737
2013-10-16 23:00:00;2013;10;16;23;-4.037;11.888;91.103;5.546;0.0;0.668;0.675;0.669;0.738
2013-10-17 00:00:00;2013;10;17;0;-4.761;11.653;91.357;5.386;0.003;0.668;0.676;0.669;0.738
2013-10-17 01:00:00;2013;10;17;1;-4.738;11.342;90.772;4.469;0.001;0.668;0.677;0.669;0.738
2013-10-17 02:00:00;2013;10;17;2;-3.717;11.839;91.292;4.098;0.0;0.668;0.677;0.669;0.737
2013-10-17 03:00:00;2013;10;17;3;-3.602;12.917;89.17;6.051;0.0;0.668;0.677;0.669;0.737
2013-10-17 04:00:00;2013;10;17;4;-3.499;13.333;86.65;6.889;0.0;0.668;0.677;0.669;0.737
2013-10-17 05:00:00;2013;10;17;5;-3.645;13.253;85.692;7.361;0.0;0.668;0.677;0.669;0.736
2013-10-17 06:00:00;2013;10;17;6;11.741;13.267;86.575;7.38;0.0;0.668;0.677;0.669;0.736
2013-10-17 07:00:00;2013;10;17;7;128.282;13.367;84.137;8.11;0.0;0.668;0.676;0.669;0.736
2013-10-17 08:00:00;2013;10;17;8;232.905;14.17;79.226;8.954;0.0;0.668;0.676;0.669;0.736
2013-10-17 09:00:00;2013;10;17;9;322.369;14.878;76.907;8.24;0.0;0.668;0.675;0.669;0.736
2013-10-17 10:00:00;2013;10;17;10;339.025;15.488;69.504;9.092;0.0;0.668;0.674;0.669;0.736
2013-10-17 11:00:00;2013;10;17;11;496.207;16.114;61.546;9.12;0.0;0.675;0.674;0.676;0.737
2013-10-17 12:00:00;2013;10;17;12;386.036;15.593;61.659;9.246;0.0;0.676;0.673;0.678;0.738
2013-10-17 13:00:00;2013;10;17;13;261.561;15.253;63.5;8.791;0.0;0.676;0.673;0.677;0.738
2013-10-17 14:00:00;2013;10;17;14;128.818;14.122;66.182;7.437;0.0;0.675;0.672;0.676;0.737
2013-10-17 15:00:00;2013;10;17;15;56.601;13.271;70.284;6.179;0.0;0.675;0.674;0.676;0.737
2013-10-17 16:00:00;2013;10;17;16;5.45;12.394;73.606;5.223;0.0;0.675;0.673;0.676;0.738
2013-10-17 17:00:00;2013;10;17;17;-5.834;10.747;83.268;2.931;0.0;0.675;0.677;0.677;0.737
2013-10-17 18:00:00;2013;10;17;18;-6.019;9.858;88.227;1.902;0.0;0.674;0.678;0.676;0.737
2013-10-17 19:00:00;2013;10;17;19;-5.876;9.147;89.962;2.232;0.001;0.673;0.677;0.674;0.737
2013-10-17 20:00:00;2013;10;17;20;-5.728;8.311;92.493;2.455;0.006;0.672;0.677;0.673;0.737
2013-10-17 21:00:00;2013;10;17;21;-6.066;7.856;93.402;1.651;0.004;0.672;0.676;0.673;0.738
2013-10-17 22:00:00;2013;10;17;22;-5.592;7.784;94.878;0.693;0.004;0.672;0.676;0.673;0.737
2013-10-17 23:00:00;2013;10;17;23;-5.394;7.368;95.623;1.451;0.0;0.672;0.676;0.673;0.737
2013-10-18 00:00:00;2013;10;18;0;-4.627;8.017;96.193;1.835;0.0;0.666;0.675;0.672;0.737
2013-10-18 01:00:00;2013;10;18;1;-4.634;9.555;96.272;1.605;0.0;0.655;0.674;0.67;0.737
2013-10-18 02:00:00;2013;10;18;2;-4.535;9.316;95.942;1.858;0.0;0.655;0.673;0.67;0.737
2013-10-18 03:00:00;2013;10;18;3;-4.503;9.657;96.247;1.863;0.0;0.653;0.673;0.67;0.738
2013-10-18 04:00:00;2013;10;18;4;-4.678;9.702;96.013;1.37;0.0;0.652;0.673;0.67;0.738
2013-10-18 05:00:00;2013;10;18;5;-4.804;9.792;95.63;1.355;0.0;0.651;0.673;0.67;0.737
2013-10-18 06:00:00;2013;10;18;6;9.676;9.731;96.27;1.803;0.0;0.652;0.673;0.67;0.737
2013-10-18 07:00:00;2013;10;18;7;28.677;10.102;95.932;1.126;0.0;0.652;0.673;0.67;0.737
2013-10-18 08:00:00;2013;10;18;8;72.198;10.474;96.183;2.26;0.0;0.652;0.673;0.67;0.737
2013-10-18 09:00:00;2013;10;18;9;97.21;10.913;96.303;2.363;0.0;0.651;0.673;0.67;0.738
2013-10-18 10:00:00;2013;10;18;10;161.846;11.578;95.603;2.635;0.0;0.65;0.673;0.67;0.738
2013-10-18 11:00:00;2013;10;18;11;184.273;12.458;90.952;3.099;0.0;0.651;0.674;0.67;0.738
2013-10-18 12:00:00;2013;10;18;12;107.202;12.769;86.165;3.506;0.0;0.651;0.674;0.67;0.738
2013-10-18 13:00:00;2013;10;18;13;80.028;13.062;83.445;3.303;0.0;0.652;0.674;0.67;0.739
2013-10-18 14:00:00;2013;10;18;14;39.154;13.0;84.193;2.84;0.0;0.65;0.674;0.67;0.74
2013-10-18 15:00:00;2013;10;18;15;49.543;12.946;85.693;2.709;0.0;0.649;0.674;0.67;0.739
2013-10-18 16:00:00;2013;10;18;16;3.096;11.775;87.763;2.239;0.0;0.648;0.675;0.67;0.74
2013-10-18 17:00:00;2013;10;18;17;-5.987;10.46;91.512;2.179;0.0;0.649;0.675;0.67;0.739
2013-10-18 18:00:00;2013;10;18;18;-4.95;11.265;87.158;3.447;0.0;0.648;0.675;0.67;0.739
2013-10-18 19:00:00;2013;10;18;19;-4.366;11.691;82.592;4.826;0.0;0.648;0.675;0.669;0.739
2013-10-18 20:00:00;2013;10;18;20;-4.47;11.297;82.567;5.137;0.0;0.648;0.674;0.669;0.74
2013-10-18 21:00:00;2013;10;18;21;-4.986;10.776;83.025;4.159;0.0;0.649;0.674;0.669;0.74
2013-10-18 22:00:00;2013;10;18;22;-4.646;10.42;84.185;4.238;0.0;0.648;0.674;0.669;0.74
2013-10-18 23:00:00;2013;10;18;23;-4.394;10.448;84.41;4.961;0.0;0.648;0.674;0.668;0.741
2013-10-19 00:00:00;2013;10;19;0;-4.364;10.314;84.537;5.347;0.0;0.647;0.674;0.668;0.741
2013-10-19 01:00:00;2013;10;19;1;-4.548;10.301;83.705;5.154;0.001;0.646;0.674;0.668;0.741
2013-10-19 02:00:00;2013;10;19;2;-4.385;10.495;83.674;4.894;0.0;0.645;0.674;0.668;0.741
2013-10-19 03:00:00;2013;10;19;3;-4.92;9.88;83.832;4.686;0.004;0.644;0.673;0.668;0.741
2013-10-19 04:00:00;2013;10;19;4;-5.048;9.413;85.083;4.423;0.0;0.642;0.673;0.667;0.742
2013-10-19 05:00:00;2013;10;19;5;-4.34;9.269;85.468;4.735;0.001;0.64;0.674;0.666;0.742
2013-10-19 06:00:00;2013;10;19;6;25.682;9.039;86.583;4.14;0.0;0.639;0.675;0.667;0.741
2013-10-19 07:00:00;2013;10;19;7;150.008;9.955;85.05;3.692;0.0;0.639;0.675;0.667;0.742
2013-10-19 08:00:00;2013;10;19;8;233.311;11.9;79.416;5.019;0.0;0.638;0.676;0.666;0.742
2013-10-19 09:00:00;2013;10;19;9;252.736;12.736;77.568;5.168;0.0;0.637;0.676;0.666;0.742
2013-10-19 10:00:00;2013;10;19;10;311.752;14.259;74.229;4.594;0.0;0.636;0.676;0.666;0.743
2013-10-19 11:00:00;2013;10;19;11;344.257;15.744;70.298;4.754;0.0;0.634;0.677;0.666;0.743
2013-10-19 12:00:00;2013;10;19;12;305.681;16.105;71.174;4.908;0.0;0.633;0.677;0.666;0.744
2013-10-19 13:00:00;2013;10;19;13;197.426;16.322;73.734;3.408;0.0;0.63;0.678;0.667;0.744
2013-10-19 14:00:00;2013;10;19;14;69.65;16.188;78.398;2.929;0.0;0.63;0.678;0.667;0.744
2013-10-19 15:00:00;2013;10;19;15;19.496;15.73;84.458;2.101;0.103;0.63;0.678;0.667;0.744
2013-10-19 16:00:00;2013;10;19;16;-0.546;15.096;89.387;3.029;0.182;0.631;0.679;0.667;0.744
2013-10-19 17:00:00;2013;10;19;17;-4.166;15.082;91.927;3.277;0.829;0.632;0.679;0.667;0.744
2013-10-19 18:00:00;2013;10;19;18;-2.605;15.358;92.01;3.691;2.142;0.648;0.677;0.671;0.74
2013-10-19 19:00:00;2013;10;19;19;-3.605;15.078;92.035;3.664;0.01;0.661;0.676;0.671;0.738
2013-10-19 20:00:00;2013;10;19;20;-3.663;14.765;91.905;3.587;0.0;0.662;0.676;0.672;0.738
2013-10-19 21:00:00;2013;10;19;21;-4.578;14.525;91.772;3.928;0.01;0.662;0.676;0.672;0.738
2013-10-19 22:00:00;2013;10;19;22;-4.613;14.18;92.348;4.348;0.0;0.661;0.675;0.672;0.738
2013-10-19 23:00:00;2013;10;19;23;-4.763;13.771;93.125;3.622;0.01;0.66;0.676;0.671;0.738
2013-10-20 00:00:00;2013;10;20;0;-4.87;13.722;92.062;3.781;0.01;0.659;0.676;0.672;0.738
2013-10-20 01:00:00;2013;10;20;1;-4.913;12.808;92.453;2.987;0.01;0.659;0.676;0.672;0.737
2013-10-20 02:00:00;2013;10;20;2;-4.922;12.29;94.402;3.158;0.01;0.658;0.676;0.672;0.737
2013-10-20 03:00:00;2013;10;20;3;-4.911;12.124;94.667;3.188;0.01;0.657;0.676;0.671;0.738
2013-10-20 04:00:00;2013;10;20;4;-5.047;10.606;95.05;2.714;0.01;0.656;0.675;0.671;0.738
2013-10-20 05:00:00;2013;10;20;5;-4.036;12.046;96.26;2.992;0.02;0.656;0.676;0.671;0.738
2013-10-20 06:00:00;2013;10;20;6;9.493;12.164;95.66;3.453;0.02;0.655;0.675;0.671;0.738
2013-10-20 07:00:00;2013;10;20;7;57.081;13.028;95.493;3.547;0.02;0.656;0.675;0.671;0.738
2013-10-20 08:00:00;2013;10;20;8;145.997;14.25;93.02;4.383;0.0;0.656;0.675;0.671;0.737
2013-10-20 09:00:00;2013;10;20;9;178.154;15.594;86.55;5.732;0.0;0.655;0.675;0.671;0.737
2013-10-20 10:00:00;2013;10;20;10;246.463;16.414;81.16;5.68;0.0;0.655;0.675;0.671;0.738
2013-10-20 11:00:00;2013;10;20;11;396.598;17.378;75.294;6.989;0.0;0.655;0.675;0.671;0.738
2013-10-20 12:00:00;2013;10;20;12;314.599;17.718;71.12;6.523;0.0;0.655;0.676;0.671;0.739
2013-10-20 13:00:00;2013;10;20;13;227.988;17.887;68.121;5.498;0.0;0.653;0.675;0.671;0.739
2013-10-20 14:00:00;2013;10;20;14;94.341;17.096;74.15;4.92;0.0;0.652;0.675;0.67;0.739
2013-10-20 15:00:00;2013;10;20;15;48.221;16.372;77.01;5.026;0.0;0.649;0.675;0.67;0.739
2013-10-20 16:00:00;2013;10;20;16;-0.172;15.561;79.33;4.008;0.0;0.649;0.675;0.67;0.738
2013-10-20 17:00:00;2013;10;20;17;-4.86;14.886;84.808;3.631;0.15;0.648;0.675;0.67;0.739
2013-10-20 18:00:00;2013;10;20;18;-3.562;14.585;87.058;3.047;1.26;0.651;0.676;0.671;0.738
2013-10-20 19:00:00;2013;10;20;19;-3.786;15.012;84.858;4.738;0.02;0.655;0.676;0.672;0.737
2013-10-20 20:00:00;2013;10;20;20;-4.086;15.409;83.573;6.202;0.36;0.655;0.676;0.672;0.738
2013-10-20 21:00:00;2013;10;20;21;-4.925;14.456;81.851;7.289;0.02;0.656;0.676;0.672;0.737
2013-10-20 22:00:00;2013;10;20;22;-5.073;13.443;81.95;5.917;0.01;0.657;0.676;0.672;0.737
2013-10-20 23:00:00;2013;10;20;23;-4.972;13.142;84.6;5.232;0.0;0.657;0.676;0.672;0.737
2013-10-21 00:00:00;2013;10;21;0;-4.886;12.934;86.415;5.863;0.0;0.656;0.676;0.672;0.737
2013-10-21 01:00:00;2013;10;21;1;-4.952;12.754;86.653;5.396;0.0;0.655;0.676;0.672;0.737
2013-10-21 02:00:00;2013;10;21;2;-4.985;12.078;89.412;4.76;0.0;0.654;0.675;0.672;0.738
2013-10-21 03:00:00;2013;10;21;3;-4.676;11.93;90.38;4.872;0.0;0.653;0.676;0.672;0.738
2013-10-21 04:00:00;2013;10;21;4;-4.728;12.058;90.427;4.731;0.01;0.653;0.675;0.672;0.737
2013-10-21 05:00:00;2013;10;21;5;-4.586;12.355;90.515;4.628;0.0;0.653;0.675;0.672;0.737
2013-10-21 06:00:00;2013;10;21;6;8.042;12.568;91.067;4.764;0.0;0.653;0.675;0.671;0.737
2013-10-21 07:00:00;2013;10;21;7;66.866;13.122;90.917;4.524;0.0;0.653;0.675;0.671;0.737
2013-10-21 08:00:00;2013;10;21;8;85.138;13.754;90.085;4.616;0.0;0.653;0.675;0.671;0.738
2013-10-21 09:00:00;2013;10;21;9;149.247;14.677;87.938;5.451;0.0;0.652;0.675;0.671;0.738
2013-10-21 10:00:00;2013;10;21;10;211.674;15.607;83.86;5.863;0.0;0.652;0.675;0.671;0.738
2013-10-21 11:00:00;2013;10;21;11;274.21;16.434;79.803;5.682;0.0;0.652;0.675;0.671;0.738
2013-10-21 12:00:00;2013;10;21;12;187.933;16.93;76.794;5.893;0.0;0.651;0.675;0.671;0.738
2013-10-21 13:00:00;2013;10;21;13;245.931;17.51;75.698;6.04;0.0;0.65;0.676;0.671;0.739
2013-10-21 14:00:00;2013;10;21;14;112.558;17.259;76.461;5.081;0.0;0.648;0.675;0.67;0.739
2013-10-21 15:00:00;2013;10;21;15;47.046;16.885;78.419;4.466;0.0;0.647;0.675;0.67;0.739
2013-10-21 16:00:00;2013;10;21;16;1.395;16.126;81.757;4.195;0.0;0.646;0.675;0.67;0.739
2013-10-21 17:00:00;2013;10;21;17;-4.852;15.385;83.832;3.9;0.0;0.645;0.674;0.67;0.739
2013-10-21 18:00:00;2013;10;21;18;-4.839;15.132;83.41;4.203;0.0;0.645;0.674;0.669;0.739
2013-10-21 19:00:00;2013;10;21;19;-5.034;14.697;84.66;4.769;0.0;0.644;0.674;0.669;0.74
2013-10-21 20:00:00;2013;10;21;20;-4.88;14.487;84.115;4.789;0.0;0.643;0.674;0.669;0.74
2013-10-21 21:00:00;2013;10;21;21;-5.018;13.998;85.648;4.534;0.0;0.642;0.674;0.669;0.74
2013-10-21 22:00:00;2013;10;21;22;-4.893;13.59;87.825;4.964;0.0;0.641;0.675;0.669;0.74
2013-10-21 23:00:00;2013;10;21;23;-4.905;13.575;88.402;4.769;0.0;0.639;0.675;0.669;0.74
2013-10-22 00:00:00;2013;10;22;0;-4.826;13.653;88.487;4.458;0.0;0.638;0.675;0.669;0.741
2013-10-22 01:00:00;2013;10;22;1;-5.161;13.09;90.755;4.184;0.0;0.638;0.674;0.669;0.741
2013-10-22 02:00:00;2013;10;22;2;-5.072;12.808;92.083;4.369;0.0;0.637;0.674;0.668;0.741
2013-10-22 03:00:00;2013;10;22;3;-4.942;12.817;92.295;4.492;0.0;0.636;0.675;0.668;0.741
2013-10-22 04:00:00;2013;10;22;4;-4.847;12.878;91.458;3.974;0.0;0.636;0.675;0.669;0.741
2013-10-22 05:00:00;2013;10;22;5;-5.052;13.024;89.565;4.053;0.0;0.635;0.675;0.669;0.741
2013-10-22 06:00:00;2013;10;22;6;10.532;13.343;89.667;4.505;0.0;0.635;0.675;0.668;0.741
2013-10-22 07:00:00;2013;10;22;7;122.925;14.953;86.757;5.873;0.0;0.634;0.675;0.668;0.741
2013-10-22 08:00:00;2013;10;22;8;253.047;16.956;82.067;6.336;0.0;0.632;0.674;0.667;0.74
2013-10-22 09:00:00;2013;10;22;9;355.107;18.377;77.517;6.651;0.0;0.632;0.674;0.667;0.74
2013-10-22 10:00:00;2013;10;22;10;396.033;19.493;73.595;7.1;0.0;0.632;0.673;0.667;0.74
2013-10-22 11:00:00;2013;10;22;11;409.226;20.587;69.553;7.096;0.0;0.629;0.673;0.667;0.74
2013-10-22 12:00:00;2013;10;22;12;358.206;21.297;66.848;7.621;0.0;0.626;0.673;0.667;0.74
2013-10-22 13:00:00;2013;10;22;13;295.606;21.461;65.11;6.789;0.0;0.625;0.672;0.667;0.74
2013-10-22 14:00:00;2013;10;22;14;152.234;21.025;65.724;6.344;0.0;0.622;0.672;0.667;0.74
2013-10-22 15:00:00;2013;10;22;15;54.454;19.708;71.356;4.684;0.0;0.622;0.671;0.668;0.739
2013-10-22 16:00:00;2013;10;22;16;-0.048;18.083;78.859;3.753;0.0;0.622;0.672;0.668;0.739
2013-10-22 17:00:00;2013;10;22;17;-4.94;17.44;81.312;3.192;0.0;0.62;0.672;0.668;0.739
2013-10-22 18:00:00;2013;10;22;18;-5.188;16.651;84.855;2.653;0.0;0.621;0.671;0.668;0.739
2013-10-22 19:00:00;2013;10;22;19;-2.639;16.586;87.257;3.508;9.417;0.651;0.675;0.672;0.736
2013-10-22 20:00:00;2013;10;22;20;-2.107;15.851;92.915;3.524;2.95;0.671;0.679;0.676;0.738
2013-10-22 21:00:00;2013;10;22;21;-2.427;15.441;94.107;3.63;0.64;0.674;0.68;0.676;0.739
2013-10-22 22:00:00;2013;10;22;22;-2.798;15.581;91.44;5.13;0.01;0.674;0.679;0.675;0.739
2013-10-22 23:00:00;2013;10;22;23;-2.974;15.893;88.012;6.171;0.0;0.675;0.68;0.675;0.739
2013-10-23 00:00:00;2013;10;23;0;-3.12;15.616;88.263;5.803;0.0;0.679;0.682;0.677;0.741
2013-10-23 01:00:00;2013;10;23;1;-3.11;15.488;88.427;5.958;0.0;0.682;0.681;0.678;0.741
2013-10-23 02:00:00;2013;10;23;2;-3.475;15.452;88.852;5.973;0.01;0.682;0.682;0.678;0.741
2013-10-23 03:00:00;2013;10;23;3;-3.776;15.336;89.145;5.653;0.0;0.682;0.681;0.678;0.741
2013-10-23 04:00:00;2013;10;23;4;-4.296;14.995;89.392;5.041;0.0;0.682;0.681;0.678;0.741
2013-10-23 05:00:00;2013;10;23;5;-4.124;14.649;90.363;4.944;0.0;0.682;0.68;0.678;0.742
2013-10-23 06:00:00;2013;10;23;6;2.403;14.912;89.28;5.734;0.0;0.682;0.68;0.678;0.742
2013-10-23 07:00:00;2013;10;23;7;39.557;15.67;87.275;6.841;0.0;0.682;0.68;0.678;0.741
2013-10-23 08:00:00;2013;10;23;8;135.074;16.622;83.922;7.633;0.0;0.682;0.681;0.678;0.742
2013-10-23 09:00:00;2013;10;23;9;270.494;17.817;76.668;8.862;0.0;0.683;0.68;0.678;0.741
2013-10-23 10:00:00;2013;10;23;10;182.449;18.155;70.622;9.202;0.0;0.683;0.678;0.678;0.74
2013-10-23 11:00:00;2013;10;23;11;139.826;17.829;70.437;7.385;0.0;0.683;0.679;0.678;0.74
2013-10-23 12:00:00;2013;10;23;12;168.019;18.035;66.988;8.46;0.0;0.683;0.678;0.678;0.739
2013-10-23 13:00:00;2013;10;23;13;187.05;18.103;65.097;9.273;0.0;0.683;0.68;0.678;0.74
2013-10-23 14:00:00;2013;10;23;14;41.352;16.37;76.153;7.136;1.03;0.684;0.681;0.678;0.74
2013-10-23 15:00:00;2013;10;23;15;115.333;16.002;77.097;7.589;0.0;0.684;0.68;0.678;0.741
2013-10-23 16:00:00;2013;10;23;16;2.419;14.932;80.468;6.332;0.01;0.684;0.68;0.678;0.741
2013-10-23 17:00:00;2013;10;23;17;-5.311;14.278;83.53;5.104;0.0;0.683;0.683;0.678;0.741
2013-10-23 18:00:00;2013;10;23;18;-5.203;13.87;86.602;4.863;0.0;0.683;0.681;0.678;0.741
2013-10-23 19:00:00;2013;10;23;19;-4.97;13.692;84.992;4.848;0.0;0.683;0.681;0.678;0.74
2013-10-23 20:00:00;2013;10;23;20;-4.56;13.6;82.917;4.497;0.0;0.681;0.68;0.678;0.74
2013-10-23 21:00:00;2013;10;23;21;-3.812;13.775;82.215;4.705;0.0;0.682;0.679;0.678;0.74
2013-10-23 22:00:00;2013;10;23;22;-3.966;13.466;83.273;4.977;0.0;0.679;0.68;0.677;0.739
2013-10-23 23:00:00;2013;10;23;23;-5.14;12.537;86.857;3.878;0.0;0.674;0.681;0.676;0.738
2013-10-24 00:00:00;2013;10;24;0;-5.604;11.476;90.393;3.101;0.01;0.674;0.68;0.675;0.737
2013-10-24 01:00:00;2013;10;24;1;-5.468;10.866;92.482;2.643;0.0;0.673;0.678;0.674;0.737
2013-10-24 02:00:00;2013;10;24;2;-5.437;10.718;93.037;2.458;0.0;0.673;0.678;0.674;0.737
2013-10-24 03:00:00;2013;10;24;3;-5.146;10.39;93.578;3.057;0.0;0.672;0.677;0.674;0.738
2013-10-24 04:00:00;2013;10;24;4;-5.091;10.369;93.402;3.305;0.0;0.672;0.677;0.673;0.737
2013-10-24 05:00:00;2013;10;24;5;-5.398;9.558;93.783;2.491;0.01;0.673;0.678;0.676;0.737
2013-10-24 06:00:00;2013;10;24;6;12.002;8.768;94.482;2.066;0.0;0.675;0.679;0.678;0.736
2013-10-24 07:00:00;2013;10;24;7;116.0;9.611;94.325;2.345;0.0;0.675;0.679;0.678;0.736
2013-10-24 08:00:00;2013;10;24;8;236.957;11.276;90.487;2.563;0.0;0.676;0.679;0.678;0.736
2013-10-24 09:00:00;2013;10;24;9;337.233;13.094;81.047;3.324;0.0;0.676;0.68;0.678;0.736
2013-10-24 10:00:00;2013;10;24;10;400.967;14.334;72.991;3.46;0.0;0.675;0.68;0.677;0.736
2013-10-24 11:00:00;2013;10;24;11;420.644;15.275;61.37;2.675;0.0;0.673;0.68;0.676;0.736
2013-10-24 12:00:00;2013;10;24;12;387.337;15.906;56.738;2.366;0.0;0.673;0.678;0.675;0.735
2013-10-24 13:00:00;2013;10;24;13;307.892;15.961;56.289;2.916;0.0;0.672;0.678;0.676;0.735
2013-10-24 14:00:00;2013;10;24;14;193.016;15.662;62.659;2.833;0.0;0.671;0.677;0.675;0.735
2013-10-24 15:00:00;2013;10;24;15;75.415;14.833;69.966;1.853;0.0;0.671;0.677;0.676;0.735
2013-10-24 16:00:00;2013;10;24;16;-1.824;12.448;79.383;1.716;0.0;0.669;0.677;0.676;0.734
2013-10-24 17:00:00;2013;10;24;17;-6.904;9.728;88.817;1.425;0.0;0.667;0.676;0.674;0.734
2013-10-24 18:00:00;2013;10;24;18;-6.224;8.566;92.295;0.618;0.0;0.666;0.677;0.674;0.736
2013-10-24 19:00:00;2013;10;24;19;-6.195;7.29;93.255;0.447;0.0;0.665;0.676;0.674;0.735
2013-10-24 20:00:00;2013;10;24;20;-5.653;7.028;94.883;1.356;0.0;0.663;0.676;0.673;0.736
2013-10-24 21:00:00;2013;10;24;21;-5.289;10.355;85.99;3.4;0.0;0.663;0.675;0.673;0.737
2013-10-24 22:00:00;2013;10;24;22;-5.44;11.253;78.78;4.041;0.0;0.662;0.675;0.673;0.736
2013-10-24 23:00:00;2013;10;24;23;-4.793;11.308;79.167;4.02;0.0;0.662;0.675;0.673;0.735
2013-10-25 00:00:00;2013;10;25;0;-4.736;10.894;82.955;3.684;0.0;0.662;0.675;0.673;0.735
2013-10-25 01:00:00;2013;10;25;1;-4.527;11.001;84.575;3.383;0.0;0.662;0.674;0.673;0.735
2013-10-25 02:00:00;2013;10;25;2;-4.348;11.007;86.53;3.571;0.0;0.661;0.674;0.672;0.735
2013-10-25 03:00:00;2013;10;25;3;-4.072;11.393;86.062;4.624;0.0;0.661;0.674;0.672;0.736
2013-10-25 04:00:00;2013;10;25;4;-3.975;11.452;86.172;5.255;0.0;0.66;0.674;0.672;0.735
2013-10-25 05:00:00;2013;10;25;5;-3.835;11.561;86.815;5.416;0.0;0.66;0.674;0.672;0.735
2013-10-25 06:00:00;2013;10;25;6;0.942;12.016;86.133;4.956;0.0;0.66;0.674;0.672;0.736
2013-10-25 07:00:00;2013;10;25;7;20.877;12.512;85.51;4.233;0.0;0.66;0.674;0.671;0.736
2013-10-25 08:00:00;2013;10;25;8;46.671;13.215;85.007;4.507;0.0;0.66;0.673;0.671;0.735
2013-10-25 09:00:00;2013;10;25;9;69.471;14.139;83.537;5.07;0.0;0.659;0.673;0.671;0.735
2013-10-25 10:00:00;2013;10;25;10;84.544;14.809;83.118;5.87;0.0;0.66;0.674;0.671;0.736
2013-10-25 11:00:00;2013;10;25;11;106.861;15.904;81.892;5.973;0.0;0.659;0.674;0.671;0.736
2013-10-25 12:00:00;2013;10;25;12;128.78;16.868;80.755;5.686;0.0;0.659;0.674;0.671;0.737
2013-10-25 13:00:00;2013;10;25;13;88.179;17.628;79.96;4.804;0.0;0.66;0.674;0.671;0.738
2013-10-25 14:00:00;2013;10;25;14;57.326;17.886;80.358;4.276;0.0;0.659;0.674;0.671;0.738
2013-10-25 15:00:00;2013;10;25;15;20.912;17.801;81.475;3.521;0.0;0.659;0.674;0.671;0.737
2013-10-25 16:00:00;2013;10;25;16;-2.645;17.415;82.977;3.709;0.0;0.659;0.674;0.671;0.737
2013-10-25 17:00:00;2013;10;25;17;-4.652;16.812;84.47;3.046;0.0;0.659;0.674;0.671;0.737
2013-10-25 18:00:00;2013;10;25;18;-4.616;16.271;86.882;3.448;0.0;0.659;0.674;0.671;0.738
2013-10-25 19:00:00;2013;10;25;19;-4.233;16.331;87.185;4.613;0.55;0.659;0.675;0.672;0.738
2013-10-25 20:00:00;2013;10;25;20;-4.59;15.824;85.807;4.245;0.15;0.659;0.675;0.672;0.737
2013-10-25 21:00:00;2013;10;25;21;-4.685;15.274;87.807;4.751;0.01;0.659;0.675;0.672;0.738
2013-10-25 22:00:00;2013;10;25;22;-4.553;15.33;88.527;5.057;0.0;0.659;0.675;0.672;0.737
2013-10-25 23:00:00;2013;10;25;23;-4.418;15.664;88.587;4.603;0.0;0.659;0.675;0.672;0.738
2013-10-26 00:00:00;2013;10;26;0;-4.53;15.519;90.433;4.204;0.0;0.659;0.675;0.672;0.737
2013-10-26 01:00:00;2013;10;26;1;-4.554;15.374;91.343;4.264;0.0;0.659;0.675;0.672;0.738
2013-10-26 02:00:00;2013;10;26;2;-4.488;15.158;91.225;4.426;0.0;0.658;0.675;0.672;0.738
2013-10-26 03:00:00;2013;10;26;3;-4.466;15.039;91.832;4.987;0.0;0.658;0.675;0.672;0.738
2013-10-26 04:00:00;2013;10;26;4;-3.916;15.369;91.453;5.96;0.0;0.658;0.675;0.672;0.738
2013-10-26 05:00:00;2013;10;26;5;-3.991;15.583;90.06;6.161;0.0;0.658;0.675;0.672;0.738
2013-10-26 06:00:00;2013;10;26;6;3.59;15.173;90.733;5.571;0.0;0.658;0.675;0.672;0.738
2013-10-26 07:00:00;2013;10;26;7;58.479;15.496;89.723;5.856;0.0;0.658;0.675;0.672;0.738
2013-10-26 08:00:00;2013;10;26;8;179.168;16.241;87.4;6.257;0.0;0.659;0.675;0.672;0.737
2013-10-26 09:00:00;2013;10;26;9;265.112;17.14;82.603;6.962;0.0;0.659;0.674;0.672;0.737
2013-10-26 10:00:00;2013;10;26;10;245.962;17.366;79.285;7.151;0.0;0.658;0.674;0.672;0.737
2013-10-26 11:00:00;2013;10;26;11;277.434;17.956;74.136;6.389;0.0;0.657;0.674;0.672;0.738
2013-10-26 12:00:00;2013;10;26;12;123.857;17.984;69.324;5.967;0.0;0.655;0.675;0.671;0.738
2013-10-26 13:00:00;2013;10;26;13;180.515;18.579;65.822;5.318;0.0;0.654;0.675;0.671;0.738
2013-10-26 14:00:00;2013;10;26;14;191.682;19.361;60.63;6.62;0.0;0.651;0.675;0.671;0.739
2013-10-26 15:00:00;2013;10;26;15;67.534;18.375;66.834;5.955;0.0;0.649;0.675;0.671;0.74
2013-10-26 16:00:00;2013;10;26;16;-0.461;17.125;68.566;5.143;0.0;0.648;0.675;0.671;0.74
2013-10-26 17:00:00;2013;10;26;17;-4.911;16.159;74.626;3.849;0.0;0.648;0.675;0.672;0.74
2013-10-26 18:00:00;2013;10;26;18;-5.184;14.938;82.295;3.449;0.0;0.647;0.675;0.672;0.74
2013-10-26 19:00:00;2013;10;26;19;-5.248;14.289;86.865;3.791;0.0;0.646;0.675;0.671;0.741
2013-10-26 20:00:00;2013;10;26;20;-4.982;14.824;86.707;4.572;0.0;0.645;0.675;0.671;0.741
2013-10-26 21:00:00;2013;10;26;21;-4.932;15.211;86.552;5.084;0.0;0.646;0.675;0.671;0.741
2013-10-26 22:00:00;2013;10;26;22;-4.68;15.266;85.253;5.847;0.0;0.646;0.675;0.671;0.741
2013-10-26 23:00:00;2013;10;26;23;-4.694;15.297;83.542;6.207;0.0;0.646;0.674;0.671;0.74
2013-10-27 00:00:00;2013;10;27;0;-4.395;15.44;82.37;6.13;0.0;0.646;0.674;0.671;0.74
2013-10-27 01:00:00;2013;10;27;1;-4.947;14.868;83.875;6.427;0.0;0.645;0.674;0.67;0.74
2013-10-27 02:00:00;2013;10;27;2;-4.846;14.545;82.727;6.823;0.0;0.644;0.674;0.67;0.74
2013-10-27 03:00:00;2013;10;27;3;-4.826;14.182;82.513;6.397;0.0;0.643;0.674;0.67;0.74
2013-10-27 04:00:00;2013;10;27;4;-4.214;14.322;79.928;7.436;0.0;0.643;0.674;0.67;0.74
2013-10-27 05:00:00;2013;10;27;5;-3.738;14.663;75.704;8.946;0.0;0.642;0.674;0.67;0.741
2013-10-27 06:00:00;2013;10;27;6;5.129;14.769;73.914;9.01;0.01;0.642;0.674;0.669;0.741
2013-10-27 07:00:00;2013;10;27;7;18.002;13.961;84.191;9.54;0.506;0.643;0.674;0.669;0.74
2013-10-27 08:00:00;2013;10;27;8;34.301;14.128;86.085;9.439;0.457;0.645;0.674;0.67;0.74
2013-10-27 09:00:00;2013;10;27;9;165.42;15.053;79.98;10.186;0.0;0.647;0.675;0.671;0.74
2013-10-27 10:00:00;2013;10;27;10;91.035;14.761;74.116;11.59;0.609;0.647;0.675;0.671;0.74
2013-10-27 11:00:00;2013;10;27;11;255.184;14.326;71.861;10.336;0.001;0.648;0.675;0.672;0.74
2013-10-27 12:00:00;2013;10;27;12;151.307;14.856;67.272;9.546;0.0;0.648;0.675;0.672;0.74
2013-10-27 13:00:00;2013;10;27;13;116.323;14.557;70.733;9.84;0.749;0.648;0.676;0.672;0.741
2013-10-27 14:00:00;2013;10;27;14;137.89;14.298;70.005;9.183;0.003;0.65;0.676;0.673;0.74
2013-10-27 15:00:00;2013;10;27;15;55.56;14.115;68.211;9.578;0.0;0.65;0.676;0.673;0.74
2013-10-27 16:00:00;2013;10;27;16;-2.127;14.015;68.827;8.569;0.001;0.649;0.676;0.673;0.741
2013-10-27 17:00:00;2013;10;27;17;-4.078;13.652;71.444;8.461;0.001;0.649;0.676;0.672;0.74
2013-10-27 18:00:00;2013;10;27;18;-3.635;13.572;73.419;8.727;0.0;0.649;0.675;0.672;0.74
2013-10-27 19:00:00;2013;10;27;19;-3.712;13.716;71.547;8.988;0.0;0.649;0.675;0.672;0.74
2013-10-27 20:00:00;2013;10;27;20;-3.495;13.938;69.062;8.815;0.0;0.649;0.675;0.671;0.741
2013-10-27 21:00:00;2013;10;27;21;-3.435;14.29;66.924;9.222;0.0;0.649;0.674;0.671;0.741
2013-10-27 22:00:00;2013;10;27;22;-4.687;13.357;77.265;8.074;0.368;0.649;0.674;0.67;0.741
2013-10-27 23:00:00;2013;10;27;23;-3.439;12.623;85.845;7.679;0.974;0.65;0.675;0.67;0.741
2013-10-28 00:00:00;2013;10;28;0;-2.814;12.356;90.038;6.993;1.14;0.656;0.676;0.672;0.74
2013-10-28 01:00:00;2013;10;28;1;-2.631;12.783;91.325;8.58;0.94;0.667;0.676;0.673;0.74
2013-10-28 02:00:00;2013;10;28;2;-2.35;13.347;91.198;8.498;2.24;0.676;0.676;0.673;0.738
2013-10-28 03:00:00;2013;10;28;3;-2.002;13.099;92.248;8.3;4.712;0.681;0.676;0.675;0.74
2013-10-28 04:00:00;2013;10;28;4;-2.022;13.745;88.825;8.951;1.617;0.682;0.678;0.676;0.74
2013-10-28 05:00:00;2013;10;28;5;-1.327;15.022;77.229;10.947;0.17;0.682;0.678;0.676;0.74
2013-10-28 06:00:00;2013;10;28;6;0.1;15.774;70.366;12.188;0.01;0.683;0.678;0.676;0.74
2013-10-28 07:00:00;2013;10;28;7;19.252;15.768;72.183;12.862;0.0;0.683;0.678;0.676;0.74
2013-10-28 08:00:00;2013;10;28;8;43.06;16.136;72.463;13.195;0.0;0.683;0.677;0.676;0.741
2013-10-28 09:00:00;2013;10;28;9;103.184;16.533;69.619;14.467;0.0;0.683;0.677;0.676;0.741
2013-10-28 10:00:00;2013;10;28;10;261.526;16.397;62.499;14.531;0.0;0.683;0.677;0.676;0.741
2013-10-28 11:00:00;2013;10;28;11;247.271;16.176;58.45;14.941;0.0;0.684;0.678;0.676;0.742
2013-10-28 12:00:00;2013;10;28;12;380.531;15.999;58.639;13.998;0.0;0.684;0.678;0.676;0.742
2013-10-28 13:00:00;2013;10;28;13;138.215;14.423;67.0;12.355;0.07;0.684;0.679;0.676;0.743
2013-10-28 14:00:00;2013;10;28;14;94.559;13.732;73.727;10.44;0.01;0.684;0.678;0.676;0.743
2013-10-28 15:00:00;2013;10;28;15;46.867;13.619;72.844;8.643;0.0;0.684;0.678;0.676;0.743
2013-10-28 16:00:00;2013;10;28;16;0.504;12.7;73.934;8.773;0.0;0.684;0.677;0.676;0.742
2013-10-28 17:00:00;2013;10;28;17;-4.143;12.575;71.971;9.342;0.0;0.684;0.678;0.676;0.741
2013-10-28 18:00:00;2013;10;28;18;-4.125;12.371;70.91;9.701;0.0;0.684;0.678;0.676;0.741
2013-10-28 19:00:00;2013;10;28;19;-3.776;12.012;71.18;9.25;0.0;0.683;0.677;0.676;0.741
2013-10-28 20:00:00;2013;10;28;20;-3.708;12.098;72.702;8.491;0.0;0.683;0.677;0.676;0.741
2013-10-28 21:00:00;2013;10;28;21;-4.494;11.364;78.0;7.199;0.0;0.683;0.677;0.676;0.742
2013-10-28 22:00:00;2013;10;28;22;-4.111;11.185;76.493;7.496;0.0;0.683;0.677;0.676;0.741
2013-10-28 23:00:00;2013;10;28;23;-4.175;10.977;76.945;7.698;0.0;0.682;0.677;0.676;0.741
2013-10-29 00:00:00;2013;10;29;0;-4.646;10.497;76.301;7.022;0.0;0.682;0.677;0.676;0.741
2013-10-29 01:00:00;2013;10;29;1;-4.621;10.181;76.345;7.076;0.0;0.682;0.678;0.676;0.741
2013-10-29 02:00:00;2013;10;29;2;-4.441;9.715;78.174;7.79;0.0;0.68;0.679;0.675;0.74
2013-10-29 03:00:00;2013;10;29;3;-4.362;9.584;77.855;8.366;0.0;0.679;0.678;0.674;0.74
2013-10-29 04:00:00;2013;10;29;4;-4.251;9.425;77.368;8.288;0.0;0.676;0.678;0.674;0.74
2013-10-29 05:00:00;2013;10;29;5;-4.166;9.304;79.348;7.988;0.0;0.673;0.678;0.673;0.74
2013-10-29 06:00:00;2013;10;29;6;0.593;9.875;80.538;8.017;0.0;0.673;0.677;0.673;0.737
2013-10-29 07:00:00;2013;10;29;7;45.095;9.807;81.465;7.104;0.0;0.675;0.677;0.673;0.737
2013-10-29 08:00:00;2013;10;29;8;145.464;10.43;80.253;7.492;0.0;0.674;0.677;0.673;0.737
2013-10-29 09:00:00;2013;10;29;9;179.308;11.18;77.396;8.439;0.0;0.674;0.677;0.673;0.737
2013-10-29 10:00:00;2013;10;29;10;197.024;11.604;73.235;8.307;0.0;0.674;0.676;0.673;0.737
2013-10-29 11:00:00;2013;10;29;11;223.253;12.312;68.584;9.018;0.0;0.674;0.676;0.673;0.737
2013-10-29 12:00:00;2013;10;29;12;239.606;12.599;63.182;9.316;0.0;0.674;0.676;0.673;0.737
2013-10-29 13:00:00;2013;10;29;13;189.753;12.434;62.752;9.279;0.0;0.673;0.676;0.672;0.738
2013-10-29 14:00:00;2013;10;29;14;142.537;12.259;63.804;8.56;0.0;0.674;0.675;0.673;0.737
2013-10-29 15:00:00;2013;10;29;15;49.703;11.544;66.211;6.846;0.0;0.674;0.675;0.672;0.738
2013-10-29 16:00:00;2013;10;29;16;-2.624;10.677;71.482;5.277;0.0;0.674;0.675;0.672;0.737
2013-10-29 17:00:00;2013;10;29;17;-4.38;10.461;73.789;5.53;0.32;0.674;0.674;0.672;0.736
2013-10-29 18:00:00;2013;10;29;18;-3.183;8.542;87.682;4.762;1.27;0.679;0.674;0.674;0.737
2013-10-29 19:00:00;2013;10;29;19;-3.591;8.525;88.687;4.729;0.01;0.678;0.676;0.674;0.737
2013-10-29 20:00:00;2013;10;29;20;-3.687;8.301;88.582;4.346;0.7;0.678;0.676;0.674;0.738
2013-10-29 21:00:00;2013;10;29;21;-3.956;8.209;88.367;4.942;0.01;0.678;0.676;0.674;0.739
2013-10-29 22:00:00;2013;10;29;22;-4.62;7.885;87.372;4.707;0.01;0.677;0.678;0.674;0.739
2013-10-29 23:00:00;2013;10;29;23;-4.652;7.702;87.205;4.862;0.01;0.676;0.677;0.674;0.739
2013-10-30 00:00:00;2013;10;30;0;-4.904;7.471;87.695;4.566;0.01;0.677;0.677;0.674;0.74
2013-10-30 01:00:00;2013;10;30;1;-5.13;7.022;89.815;3.618;0.0;0.677;0.678;0.675;0.739
2013-10-30 02:00:00;2013;10;30;2;-5.085;6.929;88.957;3.756;0.01;0.678;0.678;0.675;0.739
2013-10-30 03:00:00;2013;10;30;3;-5.081;6.844;87.9;3.186;0.01;0.678;0.677;0.674;0.739
2013-10-30 04:00:00;2013;10;30;4;-4.829;6.932;87.98;4.067;0.0;0.677;0.676;0.674;0.739
2013-10-30 05:00:00;2013;10;30;5;-4.887;6.637;88.408;4.553;0.01;0.676;0.675;0.675;0.739
2013-10-30 06:00:00;2013;10;30;6;3.873;6.086;89.162;4.201;0.0;0.676;0.673;0.675;0.737
2013-10-30 07:00:00;2013;10;30;7;91.13;6.713;87.977;4.507;0.01;0.677;0.673;0.675;0.737
2013-10-30 08:00:00;2013;10;30;8;214.701;8.003;84.86;4.726;0.0;0.678;0.673;0.675;0.737
2013-10-30 09:00:00;2013;10;30;9;311.301;9.781;80.515;4.745;0.0;0.678;0.673;0.675;0.737
2013-10-30 10:00:00;2013;10;30;10;373.502;11.111;74.931;5.437;0.0;0.678;0.673;0.675;0.737
2013-10-30 11:00:00;2013;10;30;11;362.895;12.011;70.267;6.799;0.0;0.677;0.675;0.675;0.737
2013-10-30 12:00:00;2013;10;30;12;346.853;12.314;68.454;6.185;0.0;0.675;0.674;0.674;0.737
2013-10-30 13:00:00;2013;10;30;13;285.285;12.677;63.738;5.444;0.0;0.675;0.673;0.673;0.736
2013-10-30 14:00:00;2013;10;30;14;151.941;12.117;63.627;5.037;0.0;0.674;0.674;0.674;0.736
2013-10-30 15:00:00;2013;10;30;15;59.13;11.116;64.012;3.984;0.0;0.673;0.675;0.674;0.736
2013-10-30 16:00:00;2013;10;30;16;-3.652;8.695;71.485;2.658;0.0;0.672;0.677;0.675;0.736
2013-10-30 17:00:00;2013;10;30;17;-5.719;6.237;81.418;3.371;0.0;0.673;0.677;0.675;0.737
2013-10-30 18:00:00;2013;10;30;18;-5.309;5.574;85.352;3.236;0.0;0.673;0.677;0.675;0.737
2013-10-30 19:00:00;2013;10;30;19;-5.185;5.008;88.545;3.186;0.0;0.672;0.677;0.674;0.739
2013-10-30 20:00:00;2013;10;30;20;-5.01;4.769;90.117;3.28;0.0;0.673;0.676;0.675;0.738
2013-10-30 21:00:00;2013;10;30;21;-4.641;6.642;88.325;4.166;0.0;0.673;0.676;0.674;0.738
2013-10-30 22:00:00;2013;10;30;22;-4.816;7.432;87.908;4.19;0.0;0.672;0.675;0.673;0.738
2013-10-30 23:00:00;2013;10;30;23;-5.289;6.527;88.883;3.294;0.0;0.671;0.675;0.673;0.737
2013-10-31 00:00:00;2013;10;31;0;-5.004;6.356;89.393;3.784;0.0;0.669;0.675;0.672;0.738
2013-10-31 01:00:00;2013;10;31;1;-4.987;6.705;87.918;4.169;0.0;0.67;0.675;0.672;0.738
2013-10-31 02:00:00;2013;10;31;2;-5.038;6.435;88.073;4.069;0.0;0.67;0.674;0.671;0.737
2013-10-31 03:00:00;2013;10;31;3;-4.894;6.223;88.63;4.263;0.0;0.668;0.674;0.67;0.738
2013-10-31 04:00:00;2013;10;31;4;-5.004;5.756;89.885;4.04;0.0;0.668;0.674;0.67;0.739
2013-10-31 05:00:00;2013;10;31;5;-4.708;5.67;90.362;4.975;0.0;0.669;0.674;0.67;0.737
2013-10-31 06:00:00;2013;10;31;6;9.431;6.133;88.977;4.66;0.0;0.668;0.674;0.67;0.737
2013-10-31 07:00:00;2013;10;31;7;88.413;7.049;86.912;5.266;0.0;0.668;0.673;0.67;0.736
2013-10-31 08:00:00;2013;10;31;8;159.462;8.319;83.453;5.819;0.0;0.668;0.673;0.67;0.737
2013-10-31 09:00:00;2013;10;31;9;248.925;10.261;78.412;6.386;0.0;0.668;0.673;0.67;0.736
2013-10-31 10:00:00;2013;10;31;10;221.807;11.116;74.278;7.713;0.0;0.668;0.673;0.67;0.736
2013-10-31 11:00:00;2013;10;31;11;313.603;12.227;69.454;8.452;0.0;0.668;0.673;0.67;0.737
2013-10-31 12:00:00;2013;10;31;12;270.342;12.817;66.207;7.882;0.0;0.668;0.672;0.669;0.737
2013-10-31 13:00:00;2013;10;31;13;131.592;12.523;67.084;7.571;0.0;0.667;0.671;0.668;0.737
2013-10-31 14:00:00;2013;10;31;14;72.779;12.403;68.28;7.153;0.0;0.66;0.67;0.667;0.737
2013-10-31 15:00:00;2013;10;31;15;24.047;12.163;68.397;7.219;0.0;0.656;0.67;0.667;0.738
2013-10-31 16:00:00;2013;10;31;16;-2.395;11.787;68.556;7.036;0.0;0.654;0.67;0.667;0.738
2013-10-31 17:00:00;2013;10;31;17;-3.175;11.763;67.998;7.424;0.0;0.653;0.67;0.667;0.739
2013-10-31 18:00:00;2013;10;31;18;-3.193;11.663;68.427;7.077;0.0;0.652;0.67;0.666;0.739
2013-10-31 19:00:00;2013;10;31;19;-3.392;11.673;69.386;6.521;0.0;0.651;0.67;0.666;0.739
2013-10-31 20:00:00;2013;10;31;20;-3.312;11.772;70.651;6.65;0.0;0.65;0.669;0.666;0.74
2013-10-31 21:00:00;2013;10;31;21;-3.596;11.756;73.104;6.988;0.0;0.649;0.67;0.666;0.74
2013-10-31 22:00:00;2013;10;31;22;-3.796;11.36;77.238;6.455;0.0;0.648;0.67;0.666;0.74
2013-10-31 23:00:00;2013;10;31;23;-3.954;11.477;81.503;5.98;0.0;0.647;0.67;0.666;0.741
2013-11-01 00:00:00;2013;11;1;0;-3.659;10.998;82.667;5.753;0.0;0.647;0.67;0.666;0.741
2013-11-01 01:00:00;2013;11;1;1;-4.138;10.865;83.465;6.143;0.0;0.647;0.669;0.666;0.741
2013-11-01 02:00:00;2013;11;1;2;-4.024;10.511;84.88;5.752;0.0;0.646;0.67;0.666;0.74
2013-11-01 03:00:00;2013;11;1;3;-3.942;10.34;84.56;5.74;0.0;0.646;0.669;0.666;0.74
2013-11-01 04:00:00;2013;11;1;4;-4.171;10.087;85.377;5.956;0.0;0.646;0.67;0.666;0.741
2013-11-01 05:00:00;2013;11;1;5;-3.524;10.202;84.887;6.943;0.0;0.645;0.67;0.666;0.741
2013-11-01 06:00:00;2013;11;1;6;-1.912;10.265;84.297;6.242;0.0;0.644;0.67;0.666;0.74
2013-11-01 07:00:00;2013;11;1;7;9.157;10.297;85.472;5.829;0.01;0.644;0.669;0.665;0.74
2013-11-01 08:00:00;2013;11;1;8;73.649;10.603;85.448;5.72;0.0;0.644;0.669;0.665;0.74
2013-11-01 09:00:00;2013;11;1;9;170.151;11.192;83.853;6.274;0.0;0.643;0.669;0.665;0.74
2013-11-01 10:00:00;2013;11;1;10;194.833;11.719;82.256;6.758;0.0;0.641;0.669;0.665;0.74
2013-11-01 11:00:00;2013;11;1;11;178.212;12.222;80.087;6.893;0.0;0.64;0.669;0.664;0.74
2013-11-01 12:00:00;2013;11;1;12;140.245;12.57;78.079;6.594;0.0;0.638;0.67;0.664;0.741
2013-11-01 13:00:00;2013;11;1;13;116.838;13.389;76.324;5.782;0.0;0.638;0.67;0.664;0.741
2013-11-01 14:00:00;2013;11;1;14;91.49;13.237;74.932;5.14;0.0;0.637;0.669;0.664;0.741
2013-11-01 15:00:00;2013;11;1;15;11.347;12.682;75.801;4.9;0.0;0.638;0.669;0.664;0.741
2013-11-01 16:00:00;2013;11;1;16;-3.236;11.878;79.397;4.481;0.0;0.637;0.669;0.664;0.741
2013-11-01 17:00:00;2013;11;1;17;-4.535;10.869;84.587;4.281;0.0;0.637;0.669;0.664;0.741
2013-11-01 18:00:00;2013;11;1;18;-4.858;9.906;86.663;4.168;0.0;0.636;0.669;0.664;0.741
2013-11-01 19:00:00;2013;11;1;19;-3.48;10.02;87.497;3.447;0.0;0.636;0.669;0.664;0.741
2013-11-01 20:00:00;2013;11;1;20;-3.341;10.322;84.523;4.903;0.0;0.636;0.668;0.664;0.741
2013-11-01 21:00:00;2013;11;1;21;-3.407;10.154;84.01;4.726;0.0;0.636;0.668;0.663;0.741
2013-11-01 22:00:00;2013;11;1;22;-4.268;9.694;86.007;4.339;0.0;0.637;0.668;0.663;0.741
2013-11-01 23:00:00;2013;11;1;23;-3.58;9.514;85.655;4.903;0.0;0.637;0.668;0.663;0.741
2013-11-02 00:00:00;2013;11;2;0;-4.049;8.874;91.372;4.887;0.28;0.637;0.668;0.663;0.741
2013-11-02 01:00:00;2013;11;2;1;-2.998;8.698;93.368;4.578;2.07;0.639;0.667;0.664;0.74
2013-11-02 02:00:00;2013;11;2;2;-2.556;8.717;94.073;3.891;3.081;0.663;0.673;0.669;0.737
2013-11-02 03:00:00;2013;11;2;3;-2.446;8.83;94.445;3.79;1.961;0.677;0.672;0.672;0.735
2013-11-02 04:00:00;2013;11;2;4;-2.417;9.008;94.672;3.432;0.63;0.678;0.674;0.672;0.736
2013-11-02 05:00:00;2013;11;2;5;-2.63;9.348;94.262;3.152;0.02;0.678;0.673;0.672;0.736
2013-11-02 06:00:00;2013;11;2;6;-1.642;9.636;94.473;3.02;0.0;0.678;0.675;0.672;0.737
2013-11-02 07:00:00;2013;11;2;7;8.503;9.881;94.677;2.442;0.01;0.679;0.676;0.672;0.735
2013-11-02 08:00:00;2013;11;2;8;43.631;10.257;94.207;2.674;0.0;0.679;0.674;0.672;0.736
2013-11-02 09:00:00;2013;11;2;9;86.805;10.698;92.018;2.966;0.0;0.679;0.673;0.672;0.736
2013-11-02 10:00:00;2013;11;2;10;68.984;10.979;89.822;2.528;0.0;0.68;0.674;0.672;0.736
2013-11-02 11:00:00;2013;11;2;11;67.192;11.139;91.062;2.032;0.0;0.68;0.674;0.672;0.736
2013-11-02 12:00:00;2013;11;2;12;70.887;11.454;90.032;3.098;0.0;0.68;0.674;0.672;0.736
2013-11-02 13:00:00;2013;11;2;13;33.734;11.346;90.36;3.238;0.0;0.68;0.675;0.672;0.737
2013-11-02 14:00:00;2013;11;2;14;25.012;11.549;88.98;3.536;0.0;0.68;0.675;0.672;0.737
2013-11-02 15:00:00;2013;11;2;15;9.359;11.572;90.432;4.639;0.0;0.68;0.675;0.672;0.737
2013-11-02 16:00:00;2013;11;2;16;-3.554;11.464;91.412;4.585;0.0;0.68;0.675;0.672;0.737
2013-11-02 17:00:00;2013;11;2;17;-3.923;11.351;91.763;5.578;0.0;0.68;0.676;0.672;0.737
2013-11-02 18:00:00;2013;11;2;18;-4.339;11.652;89.672;6.218;0.0;0.68;0.675;0.672;0.736
2013-11-02 19:00:00;2013;11;2;19;-3.421;12.354;87.272;6.445;0.0;0.681;0.674;0.672;0.737
2013-11-02 20:00:00;2013;11;2;20;-3.279;12.494;85.388;6.601;0.03;0.681;0.674;0.672;0.737
2013-11-02 21:00:00;2013;11;2;21;-2.514;11.64;86.04;6.698;3.5;0.673;0.676;0.671;0.737
2013-11-02 22:00:00;2013;11;2;22;-3.614;10.926;83.812;6.807;0.0;0.672;0.676;0.671;0.738
2013-11-02 23:00:00;2013;11;2;23;-4.329;10.335;83.938;6.642;0.0;0.673;0.676;0.671;0.738
2013-11-03 00:00:00;2013;11;3;0;-4.375;10.244;84.273;7.076;0.0;0.673;0.676;0.672;0.737
2013-11-03 01:00:00;2013;11;3;1;-3.877;10.262;82.568;7.596;0.0;0.675;0.677;0.672;0.738
2013-11-03 02:00:00;2013;11;3;2;-3.247;10.385;80.643;7.802;0.0;0.675;0.676;0.671;0.737
2013-11-03 03:00:00;2013;11;3;3;-3.418;10.274;78.75;7.833;0.0;0.671;0.676;0.671;0.737
2013-11-03 04:00:00;2013;11;3;4;-3.503;10.063;79.17;8.017;0.0;0.671;0.676;0.67;0.737
2013-11-03 05:00:00;2013;11;3;5;-4.018;9.469;81.736;7.407;0.27;0.67;0.676;0.67;0.737
2013-11-03 06:00:00;2013;11;3;6;0.721;8.785;81.92;7.209;0.15;0.67;0.676;0.67;0.736
2013-11-03 07:00:00;2013;11;3;7;38.222;8.516;82.775;7.818;0.02;0.67;0.676;0.67;0.737
2013-11-03 08:00:00;2013;11;3;8;147.681;8.722;80.727;8.3;0.0;0.668;0.676;0.669;0.737
2013-11-03 09:00:00;2013;11;3;9;264.679;9.449;76.938;9.626;0.0;0.669;0.675;0.67;0.735
2013-11-03 10:00:00;2013;11;3;10;394.12;10.391;71.88;9.551;0.0;0.669;0.676;0.67;0.735
2013-11-03 11:00:00;2013;11;3;11;351.925;10.934;66.717;10.329;0.0;0.669;0.677;0.67;0.735
2013-11-03 12:00:00;2013;11;3;12;323.066;10.715;66.91;10.848;0.0;0.669;0.677;0.67;0.735
2013-11-03 13:00:00;2013;11;3;13;88.663;9.687;73.687;9.976;0.0;0.669;0.676;0.67;0.734
2013-11-03 14:00:00;2013;11;3;14;13.421;9.25;77.813;7.976;0.91;0.669;0.676;0.67;0.735
2013-11-03 15:00:00;2013;11;3;15;5.299;8.492;79.724;6.546;4.039;0.668;0.676;0.67;0.737
2013-11-03 16:00:00;2013;11;3;16;-2.058;8.13;79.21;7.283;2.73;0.67;0.676;0.671;0.737
2013-11-03 17:00:00;2013;11;3;17;-2.786;8.708;82.14;6.141;0.5;0.669;0.677;0.67;0.736
2013-11-03 18:00:00;2013;11;3;18;-3.338;8.597;79.19;8.933;0.01;0.669;0.676;0.67;0.736
2013-11-03 19:00:00;2013;11;3;19;-3.609;8.011;81.912;7.927;0.0;0.668;0.675;0.669;0.737
2013-11-03 20:00:00;2013;11;3;20;-3.506;7.997;80.282;7.998;0.0;0.668;0.674;0.669;0.736
2013-11-03 21:00:00;2013;11;3;21;-3.294;8.075;79.219;7.656;0.0;0.668;0.674;0.669;0.736
2013-11-03 22:00:00;2013;11;3;22;-3.47;8.213;78.282;7.267;0.0;0.668;0.674;0.669;0.737
2013-11-03 23:00:00;2013;11;3;23;-3.494;7.945;81.382;6.147;0.0;0.667;0.674;0.668;0.737
2013-11-04 00:00:00;2013;11;4;0;-3.376;7.957;81.607;6.711;0.18;0.667;0.674;0.668;0.736
2013-11-04 01:00:00;2013;11;4;1;-2.979;7.522;88.715;6.113;1.42;0.667;0.674;0.668;0.737
2013-11-04 02:00:00;2013;11;4;2;-2.373;7.391;91.54;7.045;3.146;0.666;0.674;0.668;0.737
2013-11-04 03:00:00;2013;11;4;3;-1.942;7.573;92.783;8.266;3.938;0.666;0.674;0.668;0.737
2013-11-04 04:00:00;2013;11;4;4;-1.946;8.995;93.033;8.494;0.99;0.666;0.673;0.667;0.737
2013-11-04 05:00:00;2013;11;4;5;-2.007;10.41;91.047;9.022;0.18;0.666;0.674;0.667;0.736
2013-11-04 06:00:00;2013;11;4;6;-0.558;11.046;90.073;9.136;0.26;0.666;0.674;0.667;0.736
2013-11-04 07:00:00;2013;11;4;7;33.24;11.816;87.313;9.254;0.0;0.666;0.674;0.667;0.736
2013-11-04 08:00:00;2013;11;4;8;58.382;12.389;85.365;8.737;0.15;0.666;0.674;0.667;0.736
2013-11-04 09:00:00;2013;11;4;9;23.648;10.688;87.362;7.672;5.939;0.666;0.674;0.667;0.736
2013-11-04 10:00:00;2013;11;4;10;72.355;8.298;91.84;6.697;1.82;0.666;0.674;0.668;0.736
2013-11-04 11:00:00;2013;11;4;11;68.704;7.809;88.768;6.264;0.43;0.666;0.674;0.668;0.736
2013-11-04 12:00:00;2013;11;4;12;91.782;7.861;89.725;5.195;0.28;0.667;0.674;0.668;0.737
2013-11-04 13:00:00;2013;11;4;13;76.148;8.464;82.9;6.648;0.0;0.667;0.674;0.668;0.737
2013-11-04 14:00:00;2013;11;4;14;50.252;8.339;82.008;5.602;0.02;0.667;0.674;0.668;0.737
2013-11-04 15:00:00;2013;11;4;15;39.881;7.716;85.653;4.132;0.02;0.667;0.674;0.668;0.737
2013-11-04 16:00:00;2013;11;4;16;-3.799;6.536;86.965;3.157;0.01;0.665;0.674;0.667;0.737
2013-11-04 17:00:00;2013;11;4;17;-4.434;6.07;82.568;3.812;0.01;0.667;0.674;0.668;0.736
2013-11-04 18:00:00;2013;11;4;18;-3.681;7.063;80.963;4.97;0.0;0.666;0.674;0.668;0.737
2013-11-04 19:00:00;2013;11;4;19;-3.2;7.374;86.742;6.544;0.23;0.666;0.673;0.667;0.738
2013-11-04 20:00:00;2013;11;4;20;-3.546;7.581;88.733;6.334;0.08;0.666;0.674;0.668;0.737
2013-11-04 21:00:00;2013;11;4;21;-3.421;7.698;88.673;6.16;0.34;0.667;0.674;0.668;0.737
2013-11-04 22:00:00;2013;11;4;22;-3.81;7.352;88.692;4.049;0.32;0.667;0.674;0.668;0.736
2013-11-04 23:00:00;2013;11;4;23;-4.378;7.003;88.78;2.881;0.01;0.666;0.673;0.667;0.737
2013-11-05 00:00:00;2013;11;5;0;-4.057;6.906;90.327;4.119;0.0;0.665;0.673;0.667;0.738
2013-11-05 01:00:00;2013;11;5;1;-3.968;7.231;89.367;4.845;0.01;0.666;0.673;0.667;0.737
2013-11-05 02:00:00;2013;11;5;2;-3.933;7.374;83.56;4.228;0.0;0.666;0.674;0.667;0.737
2013-11-05 03:00:00;2013;11;5;3;-5.107;6.476;88.328;3.905;0.0;0.666;0.674;0.667;0.737
2013-11-05 04:00:00;2013;11;5;4;-5.11;5.721;89.76;3.824;0.0;0.665;0.673;0.666;0.737
2013-11-05 05:00:00;2013;11;5;5;-5.056;5.144;90.41;4.389;0.0;0.664;0.673;0.666;0.737
2013-11-05 06:00:00;2013;11;5;6;4.79;4.772;90.953;4.007;0.0;0.666;0.674;0.667;0.736
2013-11-05 07:00:00;2013;11;5;7;46.692;4.952;89.445;5.109;0.0;0.666;0.674;0.667;0.736
2013-11-05 08:00:00;2013;11;5;8;99.465;5.848;85.425;5.412;0.0;0.666;0.674;0.667;0.736
2013-11-05 09:00:00;2013;11;5;9;99.398;6.951;80.83;5.352;0.0;0.665;0.674;0.667;0.736
2013-11-05 10:00:00;2013;11;5;10;117.297;7.28;78.69;6.215;0.0;0.665;0.673;0.667;0.736
2013-11-05 11:00:00;2013;11;5;11;57.483;7.391;75.762;7.693;0.15;0.665;0.673;0.666;0.736
2013-11-05 12:00:00;2013;11;5;12;40.261;6.531;83.373;6.839;1.33;0.665;0.673;0.666;0.736
2013-11-05 13:00:00;2013;11;5;13;21.775;5.812;88.143;7.608;0.9;0.665;0.673;0.666;0.736
2013-11-05 14:00:00;2013;11;5;14;9.913;5.639;91.047;7.065;1.369;0.665;0.673;0.666;0.736
2013-11-05 15:00:00;2013;11;5;15;1.998;6.029;91.443;5.979;0.31;0.665;0.673;0.666;0.736
2013-11-05 16:00:00;2013;11;5;16;-2.362;6.745;92.387;5.721;0.968;0.665;0.673;0.666;0.736
2013-11-05 17:00:00;2013;11;5;17;-2.698;7.207;93.138;5.776;0.116;0.665;0.673;0.666;0.736
2013-11-05 18:00:00;2013;11;5;18;-2.951;7.728;92.985;4.993;0.089;0.665;0.673;0.666;0.736
2013-11-05 19:00:00;2013;11;5;19;-2.657;8.301;92.96;5.163;0.738;0.664;0.672;0.665;0.737
2013-11-05 20:00:00;2013;11;5;20;-2.691;8.918;89.79;6.399;1.15;0.667;0.674;0.666;0.737
2013-11-05 21:00:00;2013;11;5;21;-3.203;8.608;81.163;6.622;0.01;0.669;0.675;0.667;0.737
2013-11-05 22:00:00;2013;11;5;22;-3.751;8.398;76.557;6.569;0.0;0.67;0.675;0.667;0.737
2013-11-05 23:00:00;2013;11;5;23;-4.061;7.86;78.221;5.666;0.01;0.669;0.675;0.667;0.737
2013-11-06 00:00:00;2013;11;6;0;-3.365;7.684;85.448;7.644;1.31;0.671;0.676;0.668;0.737
2013-11-06 01:00:00;2013;11;6;1;-2.841;7.037;88.467;5.166;1.24;0.672;0.676;0.668;0.737
2013-11-06 02:00:00;2013;11;6;2;-4.026;6.278;89.748;3.188;0.02;0.672;0.676;0.668;0.738
2013-11-06 03:00:00;2013;11;6;3;-3.885;7.347;85.245;4.496;0.02;0.672;0.676;0.668;0.737
2013-11-06 04:00:00;2013;11;6;4;-4.32;7.204;82.478;4.883;0.0;0.672;0.676;0.668;0.737
2013-11-06 05:00:00;2013;11;6;5;-3.962;7.167;82.412;4.215;0.0;0.672;0.676;0.668;0.738
2013-11-06 06:00:00;2013;11;6;6;-2.09;7.576;83.187;4.893;0.0;0.673;0.677;0.668;0.737
2013-11-06 07:00:00;2013;11;6;7;19.446;8.096;84.325;5.304;0.0;0.673;0.677;0.668;0.737
2013-11-06 08:00:00;2013;11;6;8;75.656;8.797;84.195;6.107;0.0;0.673;0.677;0.668;0.737
2013-11-06 09:00:00;2013;11;6;9;134.582;9.736;81.746;6.036;0.0;0.673;0.677;0.668;0.737
2013-11-06 10:00:00;2013;11;6;10;83.519;10.154;81.54;5.904;0.0;0.674;0.677;0.668;0.737
2013-11-06 11:00:00;2013;11;6;11;98.919;10.523;80.88;5.684;0.0;0.674;0.677;0.668;0.737
2013-11-06 12:00:00;2013;11;6;12;37.372;10.633;82.893;4.388;0.08;0.674;0.677;0.669;0.737
2013-11-06 13:00:00;2013;11;6;13;10.008;10.512;85.582;4.727;0.29;0.674;0.677;0.669;0.737
2013-11-06 14:00:00;2013;11;6;14;47.816;10.404;89.83;5.065;0.23;0.675;0.677;0.669;0.737
2013-11-06 15:00:00;2013;11;6;15;9.74;10.51;89.942;4.106;0.22;0.675;0.678;0.669;0.737
2013-11-06 16:00:00;2013;11;6;16;-3.457;10.228;92.798;3.935;0.21;0.675;0.678;0.669;0.737
2013-11-06 17:00:00;2013;11;6;17;-3.532;10.217;93.93;2.765;0.59;0.675;0.678;0.669;0.737
2013-11-06 18:00:00;2013;11;6;18;-2.814;10.248;94.985;3.036;0.85;0.676;0.678;0.67;0.738
2013-11-06 19:00:00;2013;11;6;19;-2.541;10.723;95.192;4.519;0.841;0.676;0.678;0.67;0.738
2013-11-06 20:00:00;2013;11;6;20;-2.618;12.739;91.255;7.013;0.056;0.677;0.678;0.67;0.739
2013-11-06 21:00:00;2013;11;6;21;-3.075;13.831;86.128;8.523;0.003;0.677;0.678;0.67;0.739
2013-11-06 22:00:00;2013;11;6;22;-2.857;14.159;83.627;9.587;0.0;0.678;0.678;0.67;0.738
2013-11-06 23:00:00;2013;11;6;23;-2.693;14.29;81.749;9.751;0.0;0.678;0.678;0.67;0.739
2013-11-07 00:00:00;2013;11;7;0;-3.206;14.14;82.222;10.028;0.0;0.679;0.678;0.671;0.739
2013-11-07 01:00:00;2013;11;7;1;-3.525;13.576;88.447;9.513;0.189;0.679;0.678;0.671;0.739
2013-11-07 02:00:00;2013;11;7;2;-3.005;13.455;90.792;8.932;0.243;0.679;0.678;0.671;0.739
2013-11-07 03:00:00;2013;11;7;3;-2.701;13.531;91.472;8.79;0.516;0.679;0.678;0.671;0.739
2013-11-07 04:00:00;2013;11;7;4;-2.649;13.799;90.715;8.729;0.286;0.68;0.678;0.671;0.739
2013-11-07 05:00:00;2013;11;7;5;-2.579;13.066;90.857;6.801;2.834;0.681;0.677;0.672;0.739
2013-11-07 06:00:00;2013;11;7;6;-0.436;11.965;92.798;4.459;0.56;0.68;0.678;0.672;0.738
2013-11-07 07:00:00;2013;11;7;7;15.73;11.981;91.6;3.785;0.31;0.68;0.678;0.672;0.739
2013-11-07 08:00:00;2013;11;7;8;55.901;11.874;91.375;2.96;0.15;0.681;0.678;0.672;0.739
2013-11-07 09:00:00;2013;11;7;9;62.383;11.802;89.852;2.882;0.0;0.681;0.678;0.672;0.739
2013-11-07 10:00:00;2013;11;7;10;81.983;11.871;89.422;3.233;0.35;0.681;0.678;0.672;0.739
2013-11-07 11:00:00;2013;11;7;11;59.515;11.742;89.982;3.526;0.55;0.681;0.678;0.673;0.739
2013-11-07 12:00:00;2013;11;7;12;91.312;11.523;88.213;2.878;0.29;0.681;0.678;0.673;0.739
2013-11-07 13:00:00;2013;11;7;13;82.27;11.604;85.965;2.562;0.09;0.681;0.678;0.673;0.739
2013-11-07 14:00:00;2013;11;7;14;57.606;11.297;86.24;2.746;0.0;0.682;0.678;0.673;0.739
2013-11-07 15:00:00;2013;11;7;15;11.302;10.747;88.935;1.761;0.0;0.682;0.678;0.673;0.74
2013-11-07 16:00:00;2013;11;7;16;-4.796;10.135;90.43;1.815;0.01;0.682;0.679;0.673;0.739
2013-11-07 17:00:00;2013;11;7;17;-4.66;9.892;92.038;2.149;0.0;0.682;0.678;0.673;0.74
2013-11-07 18:00:00;2013;11;7;18;-4.567;9.729;91.83;2.256;0.0;0.682;0.678;0.673;0.74
2013-11-07 19:00:00;2013;11;7;19;-4.446;9.483;92.978;2.425;0.0;0.681;0.678;0.673;0.74
2013-11-07 20:00:00;2013;11;7;20;-4.383;9.593;93.44;2.307;0.0;0.681;0.679;0.673;0.74
2013-11-07 21:00:00;2013;11;7;21;-4.182;9.831;93.428;2.229;0.0;0.682;0.679;0.673;0.74
2013-11-07 22:00:00;2013;11;7;22;-4.486;9.933;93.628;1.67;0.0;0.682;0.679;0.673;0.74
2013-11-07 23:00:00;2013;11;7;23;-4.739;9.652;93.868;2.195;0.0;0.681;0.679;0.672;0.74
2013-11-08 00:00:00;2013;11;8;0;-4.267;9.725;94.333;2.987;0.0;0.681;0.679;0.673;0.74
2013-11-08 01:00:00;2013;11;8;1;-4.639;9.377;94.44;2.324;0.01;0.681;0.679;0.673;0.74
2013-11-08 02:00:00;2013;11;8;2;-4.593;8.951;94.967;2.642;0.0;0.681;0.679;0.672;0.74
2013-11-08 03:00:00;2013;11;8;3;-4.401;8.44;94.968;2.499;0.0;0.681;0.679;0.672;0.74
2013-11-08 04:00:00;2013;11;8;4;-4.428;8.382;94.443;2.259;0.0;0.68;0.678;0.672;0.74
2013-11-08 05:00:00;2013;11;8;5;-4.973;8.197;93.517;2.64;0.0;0.68;0.679;0.672;0.74
2013-11-08 06:00:00;2013;11;8;6;-2.998;7.55;93.928;3.688;0.0;0.681;0.679;0.672;0.74
2013-11-08 07:00:00;2013;11;8;7;13.637;7.32;93.86;3.124;0.0;0.68;0.679;0.672;0.74
2013-11-08 08:00:00;2013;11;8;8;83.946;7.51;92.993;3.375;0.0;0.68;0.679;0.672;0.739
2013-11-08 09:00:00;2013;11;8;9;85.504;7.528;92.163;2.934;0.0;0.68;0.679;0.672;0.739
2013-11-08 10:00:00;2013;11;8;10;214.221;8.522;89.478;3.166;0.0;0.68;0.679;0.672;0.739
2013-11-08 11:00:00;2013;11;8;11;235.147;9.429;85.513;4.165;0.0;0.68;0.679;0.672;0.739
2013-11-08 12:00:00;2013;11;8;12;258.737;9.959;83.127;3.568;0.0;0.68;0.679;0.672;0.739
2013-11-08 13:00:00;2013;11;8;13;123.697;9.815;84.633;3.153;0.0;0.681;0.679;0.672;0.739
2013-11-08 14:00:00;2013;11;8;14;62.984;9.884;84.942;3.112;0.0;0.682;0.679;0.672;0.74
2013-11-08 15:00:00;2013;11;8;15;1.416;9.781;85.608;3.005;0.0;0.681;0.679;0.672;0.74
2013-11-08 16:00:00;2013;11;8;16;-4.469;9.69;88.182;4.059;0.0;0.681;0.679;0.672;0.74
2013-11-08 17:00:00;2013;11;8;17;-3.36;9.785;92.62;4.482;1.33;0.682;0.679;0.672;0.74
2013-11-08 18:00:00;2013;11;8;18;-3.057;10.027;93.86;3.685;2.372;0.682;0.679;0.672;0.74
2013-11-08 19:00:00;2013;11;8;19;-2.588;9.914;94.125;3.027;5.404;0.682;0.678;0.671;0.74
2013-11-08 20:00:00;2013;11;8;20;-2.862;9.162;94.437;1.95;0.6;0.683;0.678;0.672;0.739
2013-11-08 21:00:00;2013;11;8;21;-2.942;9.228;93.815;3.394;0.01;0.683;0.678;0.672;0.739
2013-11-08 22:00:00;2013;11;8;22;-3.356;8.908;90.313;5.736;0.01;0.683;0.678;0.672;0.739
2013-11-08 23:00:00;2013;11;8;23;-3.147;8.689;90.57;5.991;0.0;0.683;0.678;0.672;0.739
2013-11-09 00:00:00;2013;11;9;0;-2.704;9.118;88.685;8.208;0.29;0.682;0.678;0.672;0.739
2013-11-09 01:00:00;2013;11;9;1;-2.809;8.954;86.89;7.872;0.08;0.682;0.678;0.672;0.739
2013-11-09 02:00:00;2013;11;9;2;-2.799;8.782;82.418;8.706;0.04;0.682;0.678;0.672;0.739
2013-11-09 03:00:00;2013;11;9;3;-3.239;8.473;78.791;7.89;0.0;0.682;0.678;0.671;0.74
2013-11-09 04:00:00;2013;11;9;4;-3.359;8.276;81.404;7.036;0.1;0.682;0.678;0.671;0.74
2013-11-09 05:00:00;2013;11;9;5;-3.826;7.828;85.137;7.059;0.01;0.681;0.678;0.671;0.74
2013-11-09 06:00:00;2013;11;9;6;-1.815;7.423;86.257;7.241;0.0;0.682;0.679;0.672;0.739
2013-11-09 07:00:00;2013;11;9;7;39.305;7.278;85.215;7.192;0.0;0.681;0.679;0.672;0.739
2013-11-09 08:00:00;2013;11;9;8;151.506;7.701;82.133;8.08;0.0;0.681;0.679;0.672;0.739
2013-11-09 09:00:00;2013;11;9;9;260.629;8.554;76.943;8.077;0.0;0.68;0.679;0.671;0.739
2013-11-09 10:00:00;2013;11;9;10;328.142;9.555;72.997;7.238;0.0;0.68;0.679;0.671;0.739
2013-11-09 11:00:00;2013;11;9;11;357.573;10.05;69.572;7.812;0.0;0.68;0.679;0.671;0.739
2013-11-09 12:00:00;2013;11;9;12;303.936;10.138;66.79;7.411;0.0;0.68;0.679;0.671;0.739
2013-11-09 13:00:00;2013;11;9;13;133.447;9.852;66.992;6.559;0.0;0.681;0.679;0.671;0.739
2013-11-09 14:00:00;2013;11;9;14;81.239;9.697;70.318;6.22;0.0;0.681;0.678;0.671;0.739
2013-11-09 15:00:00;2013;11;9;15;11.41;9.078;73.878;5.286;0.0;0.681;0.678;0.671;0.739
2013-11-09 16:00:00;2013;11;9;16;-3.909;8.745;76.317;5.683;0.0;0.682;0.679;0.671;0.739
2013-11-09 17:00:00;2013;11;9;17;-3.885;8.176;81.959;6.07;0.99;0.682;0.679;0.671;0.739
2013-11-09 18:00:00;2013;11;9;18;-3.174;7.768;87.993;6.614;0.76;0.682;0.678;0.671;0.739
2013-11-09 19:00:00;2013;11;9;19;-2.395;7.812;91.745;7.285;2.653;0.682;0.678;0.671;0.739
2013-11-09 20:00:00;2013;11;9;20;-2.044;8.168;91.977;6.201;3.932;0.682;0.678;0.671;0.739
2013-11-09 21:00:00;2013;11;9;21;-2.692;7.045;90.22;6.201;0.28;0.682;0.677;0.671;0.739
2013-11-09 22:00:00;2013;11;9;22;-3.648;5.786;90.752;3.542;0.01;0.682;0.678;0.671;0.739
2013-11-09 23:00:00;2013;11;9;23;-3.923;5.402;92.723;3.166;0.01;0.682;0.678;0.67;0.739
2013-11-10 00:00:00;2013;11;10;0;-3.513;5.32;93.308;3.131;0.01;0.682;0.678;0.671;0.739
2013-11-10 01:00:00;2013;11;10;1;-3.609;5.48;91.973;3.424;0.24;0.681;0.678;0.67;0.739
2013-11-10 02:00:00;2013;11;10;2;-3.996;5.234;93.122;2.573;0.03;0.681;0.677;0.67;0.739
2013-11-10 03:00:00;2013;11;10;3;-4.087;5.013;93.205;2.637;0.0;0.681;0.678;0.67;0.739
2013-11-10 04:00:00;2013;11;10;4;-3.84;5.495;92.743;2.369;0.01;0.681;0.678;0.67;0.739
2013-11-10 05:00:00;2013;11;10;5;-3.618;5.464;91.292;2.418;1.2;0.681;0.678;0.67;0.739
2013-11-10 06:00:00;2013;11;10;6;-3.67;4.757;89.893;3.392;2.63;0.68;0.677;0.67;0.739
2013-11-10 07:00:00;2013;11;10;7;4.077;4.412;92.363;3.882;2.9;0.68;0.677;0.669;0.739
2013-11-10 08:00:00;2013;11;10;8;47.124;4.786;92.062;3.102;-2.413;0.679;0.677;0.668;0.739
2013-11-10 09:00:00;2013;11;10;9;147.726;5.356;86.177;3.156;0.002;0.68;0.677;0.669;0.739
2013-11-10 10:00:00;2013;11;10;10;302.711;6.809;81.758;4.923;0.0;0.68;0.678;0.67;0.738
2013-11-10 11:00:00;2013;11;10;11;302.568;7.698;77.409;5.637;0.0;0.681;0.678;0.67;0.738
2013-11-10 12:00:00;2013;11;10;12;225.238;7.89;72.193;6.869;0.0;0.681;0.677;0.67;0.738
2013-11-10 13:00:00;2013;11;10;13;215.509;8.596;70.881;6.529;0.0;0.681;0.677;0.67;0.738
2013-11-10 14:00:00;2013;11;10;14;123.244;8.823;69.56;5.645;0.0;0.681;0.677;0.67;0.738
2013-11-10 15:00:00;2013;11;10;15;28.796;7.056;76.348;3.916;0.152;0.682;0.677;0.67;0.738
2013-11-10 16:00:00;2013;11;10;16;-5.06;6.109;79.583;3.697;0.009;0.682;0.678;0.67;0.738
2013-11-10 17:00:00;2013;11;10;17;-5.038;6.174;78.733;3.962;0.003;0.681;0.678;0.671;0.738
2013-11-10 18:00:00;2013;11;10;18;-5.118;5.882;80.232;3.765;0.002;0.681;0.678;0.671;0.738
2013-11-10 19:00:00;2013;11;10;19;-5.199;5.149;83.527;3.317;0.003;0.681;0.678;0.67;0.738
2013-11-10 20:00:00;2013;11;10;20;-5.272;4.969;84.25;3.056;0.001;0.681;0.678;0.67;0.739
2013-11-10 21:00:00;2013;11;10;21;-5.27;4.455;85.988;3.055;0.003;0.68;0.677;0.67;0.739
2013-11-10 22:00:00;2013;11;10;22;-5.548;4.04;87.34;1.999;0.002;0.68;0.677;0.67;0.739
2013-11-10 23:00:00;2013;11;10;23;-5.776;3.619;89.405;1.391;0.002;0.68;0.677;0.669;0.739
2013-11-11 00:00:00;2013;11;11;0;-5.752;3.4;90.243;1.489;0.003;0.68;0.677;0.67;0.739
2013-11-11 01:00:00;2013;11;11;1;-6.012;1.66;92.473;0.469;0.001;0.68;0.677;0.669;0.739
2013-11-11 02:00:00;2013;11;11;2;-5.62;0.818;94.017;1.067;0.002;0.679;0.677;0.669;0.739
2013-11-11 03:00:00;2013;11;11;3;-5.544;0.45;94.748;1.504;0.001;0.679;0.677;0.669;0.739
2013-11-11 04:00:00;2013;11;11;4;-5.122;1.101;95.355;2.175;0.0;0.678;0.676;0.668;0.739
2013-11-11 05:00:00;2013;11;11;5;-4.884;1.409;95.34;3.136;0.0;0.679;0.677;0.669;0.738
2013-11-11 06:00:00;2013;11;11;6;-2.059;1.445;95.808;3.362;0.0;0.679;0.677;0.669;0.737
2013-11-11 07:00:00;2013;11;11;7;51.078;1.911;95.823;3.238;0.085;0.679;0.677;0.669;0.737
2013-11-11 08:00:00;2013;11;11;8;173.401;3.376;95.357;2.506;0.01;0.679;0.677;0.669;0.737
2013-11-11 09:00:00;2013;11;11;9;228.541;5.655;89.89;3.247;0.0;0.679;0.677;0.669;0.737
2013-11-11 10:00:00;2013;11;11;10;256.133;7.523;84.885;3.872;0.0;0.679;0.677;0.668;0.737
2013-11-11 11:00:00;2013;11;11;11;215.96;8.25;83.3;3.821;0.0;0.679;0.677;0.669;0.737
2013-11-11 12:00:00;2013;11;11;12;298.297;9.166;79.082;5.302;0.0;0.68;0.677;0.669;0.737
2013-11-11 13:00:00;2013;11;11;13;83.522;8.797;80.046;5.209;0.0;0.68;0.677;0.669;0.737
2013-11-11 14:00:00;2013;11;11;14;50.326;8.982;73.45;4.37;0.0;0.68;0.677;0.669;0.737
2013-11-11 15:00:00;2013;11;11;15;9.753;8.413;74.539;4.572;0.0;0.68;0.677;0.669;0.737
2013-11-11 16:00:00;2013;11;11;16;-3.181;8.353;75.388;4.943;0.0;0.68;0.677;0.669;0.737
2013-11-11 17:00:00;2013;11;11;17;-3.454;8.291;75.067;5.335;0.0;0.68;0.677;0.669;0.737
2013-11-11 18:00:00;2013;11;11;18;-3.063;8.432;72.077;6.207;0.0;0.68;0.677;0.669;0.737
2013-11-11 19:00:00;2013;11;11;19;-3.033;8.623;67.045;6.879;0.0;0.68;0.677;0.669;0.738
2013-11-11 20:00:00;2013;11;11;20;-3.128;8.324;69.558;6.324;0.0;0.681;0.677;0.669;0.738
2013-11-11 21:00:00;2013;11;11;21;-3.081;8.18;67.426;6.755;0.0;0.68;0.677;0.669;0.738
2013-11-11 22:00:00;2013;11;11;22;-3.048;7.92;67.482;6.091;0.0;0.68;0.677;0.669;0.738
2013-11-11 23:00:00;2013;11;11;23;-2.969;7.75;67.863;6.215;0.0;0.68;0.678;0.669;0.738
2013-11-12 00:00:00;2013;11;12;0;-2.894;7.509;69.334;6.096;0.002;0.68;0.678;0.669;0.738
2013-11-12 01:00:00;2013;11;12;1;-2.973;7.357;69.484;6.006;0.0;0.68;0.678;0.669;0.737
2013-11-12 02:00:00;2013;11;12;2;-3.28;7.054;70.756;5.704;0.0;0.68;0.678;0.669;0.738
2013-11-12 03:00:00;2013;11;12;3;-4.169;6.499;78.05;5.745;0.053;0.68;0.678;0.669;0.738
2013-11-12 04:00:00;2013;11;12;4;-3.031;6.966;75.113;6.172;0.0;0.68;0.678;0.669;0.738
2013-11-12 05:00:00;2013;11;12;5;-2.932;7.103;74.47;5.506;0.0;0.68;0.678;0.669;0.738
2013-11-12 06:00:00;2013;11;12;6;-2.178;7.324;73.284;6.143;0.0;0.68;0.677;0.669;0.737
2013-11-12 07:00:00;2013;11;12;7;11.196;6.78;80.679;6.465;0.0;0.679;0.677;0.668;0.738
2013-11-12 08:00:00;2013;11;12;8;35.192;6.446;86.165;5.91;0.0;0.68;0.677;0.669;0.737
2013-11-12 09:00:00;2013;11;12;9;26.182;6.258;91.073;5.671;0.0;0.68;0.677;0.669;0.737
2013-11-12 10:00:00;2013;11;12;10;23.276;6.349;93.718;5.329;0.055;0.68;0.677;0.669;0.737
2013-11-12 11:00:00;2013;11;12;11;29.158;6.614;94.092;4.469;0.308;0.68;0.677;0.669;0.737
2013-11-12 12:00:00;2013;11;12;12;31.24;6.876;94.123;3.945;0.302;0.68;0.677;0.669;0.737
2013-11-12 13:00:00;2013;11;12;13;31.5;7.223;93.938;3.338;0.462;0.68;0.677;0.669;0.737
2013-11-12 14:00:00;2013;11;12;14;11.563;7.506;93.868;2.976;0.378;0.681;0.677;0.669;0.737
2013-11-12 15:00:00;2013;11;12;15;-0.342;7.764;93.85;2.045;0.117;0.682;0.677;0.669;0.737
2013-11-12 16:00:00;2013;11;12;16;-3.938;8.103;94.402;1.795;0.009;0.682;0.677;0.669;0.737
2013-11-12 17:00:00;2013;11;12;17;-4.413;8.301;94.535;1.907;0.0;0.682;0.677;0.669;0.737
2013-11-12 18:00:00;2013;11;12;18;-5.134;7.406;94.66;2.207;0.001;0.682;0.677;0.669;0.737
2013-11-12 19:00:00;2013;11;12;19;-4.953;6.471;95.6;2.372;0.005;0.682;0.677;0.669;0.738
2013-11-12 20:00:00;2013;11;12;20;-4.984;6.725;95.317;2.144;0.006;0.681;0.677;0.669;0.738
2013-11-12 21:00:00;2013;11;12;21;-4.999;6.52;94.765;3.227;0.007;0.682;0.678;0.669;0.738
2013-11-12 22:00:00;2013;11;12;22;-5.261;5.056;95.028;2.912;0.008;0.682;0.678;0.669;0.737
2013-11-12 23:00:00;2013;11;12;23;-5.38;4.489;94.647;2.028;0.006;0.681;0.677;0.669;0.738
2013-11-13 00:00:00;2013;11;13;0;-5.191;4.119;94.565;2.312;0.006;0.681;0.677;0.669;0.738
2013-11-13 01:00:00;2013;11;13;1;-5.384;3.507;94.053;1.728;0.008;0.68;0.677;0.668;0.739
2013-11-13 02:00:00;2013;11;13;2;-5.848;2.815;93.883;0.801;0.036;0.68;0.676;0.668;0.739
2013-11-13 03:00:00;2013;11;13;3;-5.781;1.063;93.587;0.658;0.003;0.679;0.676;0.667;0.739
2013-11-13 04:00:00;2013;11;13;4;-5.218;0.579;95.15;0.777;0.008;0.678;0.677;0.667;0.738
2013-11-13 05:00:00;2013;11;13;5;-5.369;0.227;94.582;0.606;0.0;0.679;0.677;0.668;0.738
2013-11-13 06:00:00;2013;11;13;6;-4.475;-0.191;94.477;1.006;0.001;0.678;0.676;0.667;0.738
2013-11-13 07:00:00;2013;11;13;7;38.919;0.406;95.592;0.955;0.003;0.678;0.677;0.667;0.737
2013-11-13 08:00:00;2013;11;13;8;147.104;3.499;96.392;1.434;0.034;0.679;0.677;0.668;0.737
2013-11-13 09:00:00;2013;11;13;9;241.034;7.426;89.387;1.365;0.0;0.679;0.677;0.668;0.737
2013-11-13 10:00:00;2013;11;13;10;295.266;9.258;76.334;2.692;0.0;0.68;0.676;0.668;0.737
2013-11-13 11:00:00;2013;11;13;11;313.664;10.596;71.352;3.039;0.0;0.68;0.676;0.668;0.737
2013-11-13 12:00:00;2013;11;13;12;274.572;10.986;66.434;3.475;0.0;0.68;0.677;0.668;0.737
2013-11-13 13:00:00;2013;11;13;13;215.158;11.097;63.904;2.793;0.0;0.68;0.677;0.668;0.737
2013-11-13 14:00:00;2013;11;13;14;122.855;10.584;65.716;2.9;0.0;0.681;0.677;0.668;0.737
2013-11-13 15:00:00;2013;11;13;15;17.266;8.244;76.057;1.721;0.0;0.681;0.677;0.668;0.737
2013-11-13 16:00:00;2013;11;13;16;-5.438;6.486;83.877;1.892;0.0;0.681;0.677;0.668;0.737
2013-11-13 17:00:00;2013;11;13;17;-5.375;5.491;88.552;1.739;0.0;0.681;0.677;0.669;0.737
2013-11-13 18:00:00;2013;11;13;18;-5.465;4.314;91.252;1.731;0.0;0.68;0.677;0.668;0.737
2013-11-13 19:00:00;2013;11;13;19;-4.987;3.836;93.125;2.262;0.0;0.679;0.677;0.667;0.738
2013-11-13 20:00:00;2013;11;13;20;-4.748;3.645;93.047;2.444;0.0;0.679;0.677;0.668;0.737
2013-11-13 21:00:00;2013;11;13;21;-4.275;3.739;93.6;3.055;0.0;0.679;0.677;0.668;0.738
2013-11-13 22:00:00;2013;11;13;22;-3.928;4.945;92.91;2.687;0.0;0.679;0.677;0.668;0.737
2013-11-13 23:00:00;2013;11;13;23;-4.213;5.089;91.27;3.027;0.0;0.678;0.677;0.668;0.737
2013-11-14 00:00:00;2013;11;14;0;-0.083;4.512;91.552;3.264;0.0;0.678;0.677;0.667;0.738
2013-11-14 01:00:00;2013;11;14;1;0.0;4.562;91.612;3.333;0.0;0.678;0.676;0.667;0.738
2013-11-14 02:00:00;2013;11;14;2;0.0;4.902;90.475;3.63;0.0;0.678;0.676;0.667;0.738
2013-11-14 03:00:00;2013;11;14;3;0.0;4.984;89.527;4.358;0.0;0.678;0.676;0.667;0.738
2013-11-14 04:00:00;2013;11;14;4;0.0;4.6;90.042;4.287;0.0;0.677;0.676;0.666;0.738
2013-11-14 05:00:00;2013;11;14;5;0.0;4.866;89.062;4.47;0.0;0.678;0.676;0.667;0.737
2013-11-14 06:00:00;2013;11;14;6;0.0;4.898;88.638;4.498;0.0;0.678;0.677;0.667;0.737
2013-11-14 07:00:00;2013;11;14;7;5.859;5.116;87.738;4.818;0.0;0.677;0.676;0.666;0.737
2013-11-14 08:00:00;2013;11;14;8;37.75;5.529;87.362;5.122;0.2;0.678;0.677;0.667;0.737
2013-11-14 09:00:00;2013;11;14;9;47.008;5.893;86.142;4.674;0.0;0.678;0.677;0.667;0.737
2013-11-14 10:00:00;2013;11;14;10;56.703;6.266;85.638;5.031;0.0;0.678;0.677;0.667;0.737
2013-11-14 11:00:00;2013;11;14;11;43.092;6.298;89.375;4.175;0.2;0.679;0.677;0.667;0.737
2013-11-14 12:00:00;2013;11;14;12;31.22;6.537;90.655;3.547;0.2;0.68;0.676;0.666;0.737
2013-11-14 13:00:00;2013;11;14;13;32.584;6.605;92.403;2.978;0.2;0.682;0.676;0.667;0.737
2013-11-14 14:00:00;2013;11;14;14;9.455;6.866;93.19;1.758;0.0;0.682;0.677;0.668;0.737
2013-11-14 15:00:00;2013;11;14;15;4.457;6.887;95.668;1.35;0.2;0.682;0.677;0.668;0.737
2013-11-14 16:00:00;2013;11;14;16;0.0;6.068;94.097;1.324;0.0;0.682;0.676;0.668;0.737
2013-11-14 17:00:00;2013;11;14;17;0.0;5.545;95.023;0.877;0.0;0.682;0.676;0.667;0.737
2013-11-14 18:00:00;2013;11;14;18;0.0;6.957;94.692;3.063;0.0;0.682;0.677;0.668;0.737
2013-11-14 19:00:00;2013;11;14;19;0.0;7.628;91.903;4.799;0.0;0.682;0.677;0.668;0.737
2013-11-14 20:00:00;2013;11;14;20;0.0;7.673;89.28;4.699;0.0;0.683;0.676;0.668;0.737
2013-11-14 21:00:00;2013;11;14;21;0.0;7.604;92.482;3.191;0.6;0.683;0.676;0.668;0.737
2013-11-14 22:00:00;2013;11;14;22;0.0;7.648;91.795;3.809;0.0;0.684;0.676;0.668;0.737
2013-11-14 23:00:00;2013;11;14;23;0.0;7.509;90.105;3.489;0.0;0.684;0.676;0.668;0.737
2013-11-15 00:00:00;2013;11;15;0;-5.034;6.441;90.46;3.194;0.0;0.684;0.676;0.668;0.737
2013-11-15 01:00:00;2013;11;15;1;-4.997;5.351;92.023;3.185;0.01;0.684;0.676;0.668;0.737
2013-11-15 02:00:00;2013;11;15;2;-5.122;3.857;93.922;2.481;0.01;0.684;0.676;0.668;0.737
2013-11-15 03:00:00;2013;11;15;3;-4.757;3.932;94.635;3.593;0.0;0.683;0.676;0.668;0.737
2013-11-15 04:00:00;2013;11;15;4;-4.991;4.037;94.16;2.351;0.01;0.683;0.676;0.667;0.738
2013-11-15 05:00:00;2013;11;15;5;-5.442;3.008;94.453;1.887;0.01;0.682;0.676;0.666;0.738
2013-11-15 06:00:00;2013;11;15;6;-4.343;2.287;95.342;1.86;0.01;0.682;0.676;0.666;0.738
2013-11-15 07:00:00;2013;11;15;7;24.281;2.015;95.787;2.217;0.0;0.682;0.676;0.666;0.738
2013-11-15 08:00:00;2013;11;15;8;116.687;3.614;96.323;2.097;0.0;0.682;0.675;0.666;0.738
2013-11-15 09:00:00;2013;11;15;9;177.43;6.302;94.522;2.395;0.0;0.683;0.677;0.668;0.737
2013-11-15 10:00:00;2013;11;15;10;259.11;8.456;86.262;2.991;0.0;0.682;0.677;0.668;0.737
2013-11-15 11:00:00;2013;11;15;11;221.369;9.285;82.417;2.903;0.0;0.682;0.677;0.668;0.737
2013-11-15 12:00:00;2013;11;15;12;279.605;10.021;80.562;2.704;0.0;0.682;0.677;0.668;0.736
2013-11-15 13:00:00;2013;11;15;13;210.625;10.691;76.177;3.614;0.0;0.682;0.677;0.668;0.736
2013-11-15 14:00:00;2013;11;15;14;108.221;10.47;76.548;2.366;0.0;0.681;0.677;0.668;0.736
2013-11-15 15:00:00;2013;11;15;15;14.754;9.208;83.382;1.977;0.0;0.68;0.677;0.668;0.736
2013-11-15 16:00:00;2013;11;15;16;-5.446;6.93;89.958;1.354;0.0;0.679;0.677;0.668;0.736
2013-11-15 17:00:00;2013;11;15;17;-5.288;5.418;92.913;0.961;0.0;0.679;0.677;0.669;0.737
2013-11-15 18:00:00;2013;11;15;18;-4.192;5.108;94.53;1.034;0.0;0.678;0.676;0.668;0.737
2013-11-15 19:00:00;2013;11;15;19;-5.524;4.52;93.837;1.364;0.0;0.677;0.676;0.668;0.737
2013-11-15 20:00:00;2013;11;15;20;-5.14;2.736;94.203;2.044;0.0;0.675;0.676;0.667;0.737
2013-11-15 21:00:00;2013;11;15;21;-4.478;2.052;95.61;0.708;0.0;0.672;0.676;0.667;0.736
2013-11-15 22:00:00;2013;11;15;22;-3.866;3.28;96.19;0.746;0.0;0.672;0.676;0.668;0.735
2013-11-15 23:00:00;2013;11;15;23;-4.19;5.031;96.035;1.1;0.0;0.672;0.675;0.667;0.736
2013-11-16 00:00:00;2013;11;16;0;-4.749;5.083;95.49;1.568;0.0;0.665;0.673;0.665;0.735
2013-11-16 01:00:00;2013;11;16;1;-4.456;4.825;95.293;1.361;0.0;0.664;0.672;0.665;0.735
2013-11-16 02:00:00;2013;11;16;2;-4.019;4.915;95.502;1.354;0.0;0.663;0.672;0.665;0.734
2013-11-16 03:00:00;2013;11;16;3;-3.402;5.038;95.998;2.39;0.0;0.663;0.672;0.665;0.735
2013-11-16 04:00:00;2013;11;16;4;-3.401;5.191;96.04;2.322;0.0;0.664;0.672;0.665;0.734
2013-11-16 05:00:00;2013;11;16;5;-3.426;5.419;96.018;2.227;0.0;0.663;0.672;0.665;0.735
2013-11-16 06:00:00;2013;11;16;6;-3.078;5.631;96.097;1.989;0.0;0.662;0.671;0.664;0.735
2013-11-16 07:00:00;2013;11;16;7;5.301;5.798;95.642;2.261;0.0;0.663;0.672;0.665;0.734
2013-11-16 08:00:00;2013;11;16;8;28.651;5.632;95.873;2.705;0.0;0.665;0.673;0.666;0.734
2013-11-16 09:00:00;2013;11;16;9;65.416;5.471;96.188;2.731;0.0;0.665;0.674;0.666;0.733
2013-11-16 10:00:00;2013;11;16;10;84.597;5.37;96.095;2.546;0.0;0.665;0.675;0.666;0.733
2013-11-16 11:00:00;2013;11;16;11;88.503;5.803;95.713;2.986;0.0;0.664;0.673;0.666;0.733
2013-11-16 12:00:00;2013;11;16;12;84.116;5.521;96.1;2.761;0.0;0.665;0.673;0.666;0.733
2013-11-16 13:00:00;2013;11;16;13;57.094;5.415;95.94;2.819;0.0;0.665;0.673;0.666;0.734
2013-11-16 14:00:00;2013;11;16;14;25.686;5.139;96.005;2.667;0.0;0.664;0.673;0.666;0.735
2013-11-16 15:00:00;2013;11;16;15;2.934;4.896;96.245;2.476;0.0;0.664;0.673;0.665;0.734
2013-11-16 16:00:00;2013;11;16;16;-3.405;4.727;96.178;3.003;0.0;0.665;0.673;0.666;0.733
2013-11-16 17:00:00;2013;11;16;17;-3.315;4.447;96.265;3.206;0.0;0.665;0.673;0.666;0.733
2013-11-16 18:00:00;2013;11;16;18;-3.396;4.213;96.242;2.596;0.0;0.665;0.673;0.666;0.733
2013-11-16 19:00:00;2013;11;16;19;-3.348;4.136;96.138;2.63;0.0;0.664;0.673;0.665;0.734
2013-11-16 20:00:00;2013;11;16;20;-3.344;4.223;95.967;2.752;0.0;0.665;0.673;0.666;0.733
2013-11-16 21:00:00;2013;11;16;21;-3.372;4.437;95.893;2.156;0.0;0.665;0.674;0.666;0.733
2013-11-16 22:00:00;2013;11;16;22;-3.357;4.589;95.533;2.748;0.0;0.665;0.673;0.666;0.733
2013-11-16 23:00:00;2013;11;16;23;-3.321;4.629;95.375;2.26;0.0;0.669;0.673;0.666;0.734
2013-11-17 00:00:00;2013;11;17;0;-3.723;4.8;95.107;1.655;0.0;0.672;0.674;0.666;0.736
2013-11-17 01:00:00;2013;11;17;1;-4.027;4.951;95.25;1.529;0.0;0.674;0.673;0.667;0.736
2013-11-17 02:00:00;2013;11;17;2;-4.182;5.044;95.005;1.313;0.13;0.672;0.673;0.666;0.736
2013-11-17 03:00:00;2013;11;17;3;-3.878;4.958;95.167;2.407;0.02;0.669;0.673;0.666;0.735
2013-11-17 04:00:00;2013;11;17;4;-3.828;4.896;95.418;2.555;0.0;0.672;0.673;0.666;0.734
2013-11-17 05:00:00;2013;11;17;5;-4.049;5.039;95.123;1.578;0.01;0.673;0.672;0.666;0.734
2013-11-17 06:00:00;2013;11;17;6;-4.214;5.114;95.018;1.109;0.0;0.673;0.672;0.666;0.735
2013-11-17 07:00:00;2013;11;17;7;5.476;5.177;94.553;1.066;0.0;0.673;0.671;0.666;0.734
2013-11-17 08:00:00;2013;11;17;8;33.933;5.438;94.687;1.346;0.0;0.674;0.671;0.667;0.732
2013-11-17 09:00:00;2013;11;17;9;52.473;6.069;93.71;0.906;0.0;0.674;0.672;0.667;0.732
2013-11-17 10:00:00;2013;11;17;10;56.119;6.294;92.88;1.06;0.0;0.674;0.671;0.667;0.732
2013-11-17 11:00:00;2013;11;17;11;46.306;6.465;92.893;1.716;0.0;0.674;0.669;0.667;0.732
2013-11-17 12:00:00;2013;11;17;12;43.029;6.63;92.637;1.827;0.0;0.674;0.669;0.667;0.732
2013-11-17 13:00:00;2013;11;17;13;45.969;6.951;91.883;1.571;0.0;0.674;0.669;0.667;0.732
2013-11-17 14:00:00;2013;11;17;14;27.748;7.181;90.732;0.985;0.0;0.674;0.669;0.667;0.732
2013-11-17 15:00:00;2013;11;17;15;2.225;7.091;91.288;1.086;0.0;0.674;0.669;0.667;0.732
2013-11-17 16:00:00;2013;11;17;16;-5.046;6.01;92.752;1.447;0.0;0.672;0.669;0.667;0.731
2013-11-17 17:00:00;2013;11;17;17;-3.817;5.95;94.327;2.027;0.0;0.671;0.674;0.667;0.731
2013-11-17 18:00:00;2013;11;17;18;-3.769;6.282;94.103;1.668;0.0;0.671;0.675;0.667;0.732
2013-11-17 19:00:00;2013;11;17;19;-4.245;6.301;93.02;0.869;0.0;0.671;0.675;0.666;0.732
2013-11-17 20:00:00;2013;11;17;20;-3.72;6.302;93.807;1.79;0.0;0.67;0.675;0.666;0.733
2013-11-17 21:00:00;2013;11;17;21;-3.997;6.393;93.1;1.986;0.0;0.67;0.67;0.666;0.732
2013-11-17 22:00:00;2013;11;17;22;-3.666;6.441;91.095;3.079;0.0;0.664;0.67;0.665;0.73
2013-11-17 23:00:00;2013;11;17;23;-3.579;6.283;90.967;2.923;0.0;0.661;0.671;0.665;0.73
2013-11-18 00:00:00;2013;11;18;0;-4.829;5.528;90.598;1.928;0.0;0.661;0.671;0.664;0.731
2013-11-18 01:00:00;2013;11;18;1;-4.815;4.92;92.065;1.981;0.0;0.66;0.671;0.664;0.731
2013-11-18 02:00:00;2013;11;18;2;-4.689;4.129;90.187;2.119;0.0;0.66;0.671;0.664;0.731
2013-11-18 03:00:00;2013;11;18;3;-5.254;3.281;91.807;2.006;0.01;0.659;0.671;0.664;0.731
2013-11-18 04:00:00;2013;11;18;4;-4.22;3.333;93.497;1.755;0.0;0.66;0.671;0.664;0.73
2013-11-18 05:00:00;2013;11;18;5;-4.436;3.829;92.94;0.964;0.0;0.661;0.671;0.665;0.729
2013-11-18 06:00:00;2013;11;18;6;-4.027;3.983;93.348;1.368;0.0;0.661;0.67;0.665;0.729
2013-11-18 07:00:00;2013;11;18;7;2.601;4.261;92.758;1.518;0.0;0.661;0.67;0.665;0.729
2013-11-18 08:00:00;2013;11;18;8;11.517;4.416;91.9;1.9;0.0;0.661;0.67;0.665;0.729
2013-11-18 09:00:00;2013;11;18;9;20.267;4.596;90.638;1.609;0.0;0.661;0.67;0.665;0.729
2013-11-18 10:00:00;2013;11;18;10;32.047;4.795;89.977;1.785;0.0;0.66;0.669;0.665;0.729
2013-11-18 11:00:00;2013;11;18;11;34.296;4.864;91.043;2.955;0.0;0.66;0.669;0.665;0.729
2013-11-18 12:00:00;2013;11;18;12;40.097;5.108;90.513;2.91;0.0;0.659;0.668;0.665;0.728
2013-11-18 13:00:00;2013;11;18;13;36.421;5.437;89.272;3.173;0.0;0.66;0.668;0.665;0.728
2013-11-18 14:00:00;2013;11;18;14;12.439;5.637;86.833;2.368;0.0;0.658;0.668;0.665;0.728
2013-11-18 15:00:00;2013;11;18;15;-0.304;5.746;86.238;2.927;0.0;0.659;0.668;0.665;0.728
2013-11-18 16:00:00;2013;11;18;16;-3.487;5.838;85.062;3.467;0.0;0.657;0.668;0.664;0.728
2013-11-18 17:00:00;2013;11;18;17;-4.057;5.609;84.682;3.902;0.0;0.656;0.668;0.664;0.728
2013-11-18 18:00:00;2013;11;18;18;-4.167;5.39;87.362;3.96;0.0;0.655;0.667;0.664;0.728
2013-11-18 19:00:00;2013;11;18;19;-3.908;5.217;90.087;5.183;0.14;0.654;0.667;0.664;0.728
2013-11-18 20:00:00;2013;11;18;20;-3.866;5.062;90.772;3.773;0.04;0.655;0.667;0.664;0.729
2013-11-18 21:00:00;2013;11;18;21;-4.142;5.061;89.448;3.398;0.0;0.654;0.668;0.664;0.73
2013-11-18 22:00:00;2013;11;18;22;-4.025;5.071;83.985;3.42;0.0;0.654;0.667;0.664;0.73
2013-11-18 23:00:00;2013;11;18;23;-3.723;4.936;84.44;3.098;0.0;0.654;0.667;0.664;0.729
2013-11-19 00:00:00;2013;11;19;0;-3.413;4.722;85.315;3.642;0.0;0.654;0.667;0.664;0.73
2013-11-19 01:00:00;2013;11;19;1;-3.281;4.718;84.422;3.764;0.0;0.653;0.667;0.663;0.73
2013-11-19 02:00:00;2013;11;19;2;-3.346;4.495;85.072;3.514;0.0;0.653;0.667;0.663;0.73
2013-11-19 03:00:00;2013;11;19;3;-3.306;4.499;85.872;3.729;0.0;0.653;0.667;0.663;0.729
2013-11-19 04:00:00;2013;11;19;4;-3.481;4.358;88.113;3.347;0.0;0.653;0.667;0.663;0.73
2013-11-19 05:00:00;2013;11;19;5;-3.581;4.541;89.22;2.75;0.0;0.653;0.667;0.663;0.729
2013-11-19 06:00:00;2013;11;19;6;-3.873;4.518;92.613;2.673;0.18;0.654;0.666;0.663;0.728
2013-11-19 07:00:00;2013;11;19;7;0.645;4.633;94.477;2.593;0.22;0.653;0.667;0.663;0.729
2013-11-19 08:00:00;2013;11;19;8;25.58;5.128;94.17;1.693;0.01;0.654;0.667;0.663;0.73
2013-11-19 09:00:00;2013;11;19;9;62.73;5.77;93.462;2.783;0.0;0.654;0.667;0.663;0.729
2013-11-19 10:00:00;2013;11;19;10;104.739;6.545;92.818;2.516;0.0;0.656;0.667;0.664;0.728
2013-11-19 11:00:00;2013;11;19;11;170.582;7.455;90.722;4.061;0.0;0.657;0.667;0.664;0.728
2013-11-19 12:00:00;2013;11;19;12;217.719;8.459;85.22;4.983;0.0;0.658;0.667;0.664;0.728
2013-11-19 13:00:00;2013;11;19;13;73.842;8.04;86.508;4.556;0.31;0.658;0.667;0.664;0.728
2013-11-19 14:00:00;2013;11;19;14;36.935;7.469;84.552;5.997;0.0;0.658;0.668;0.664;0.728
2013-11-19 15:00:00;2013;11;19;15;4.986;6.777;85.467;4.379;0.0;0.658;0.668;0.665;0.728
2013-11-19 16:00:00;2013;11;19;16;-4.124;6.656;84.91;3.652;0.01;0.658;0.668;0.665;0.728
2013-11-19 17:00:00;2013;11;19;17;-4.114;6.389;83.242;3.312;0.0;0.658;0.668;0.665;0.728
2013-11-19 18:00:00;2013;11;19;18;-3.953;6.179;82.875;3.354;0.0;0.658;0.668;0.665;0.728
2013-11-19 19:00:00;2013;11;19;19;-4.535;5.875;82.478;3.772;0.0;0.658;0.668;0.665;0.728
2013-11-19 20:00:00;2013;11;19;20;-5.257;4.395;83.683;3.188;0.0;0.656;0.667;0.664;0.728
2013-11-19 21:00:00;2013;11;19;21;-5.544;2.57;88.215;2.703;0.01;0.654;0.667;0.664;0.729
2013-11-19 22:00:00;2013;11;19;22;-5.524;1.746;92.53;2.98;0.0;0.652;0.667;0.663;0.73
2013-11-19 23:00:00;2013;11;19;23;-5.235;1.059;94.215;2.876;0.0;0.652;0.666;0.663;0.729
2013-11-20 00:00:00;2013;11;20;0;-5.631;0.889;93.893;2.35;0.0;0.652;0.666;0.663;0.729
2013-11-20 01:00:00;2013;11;20;1;-5.679;0.59;93.725;2.31;0.0;0.652;0.666;0.662;0.729
2013-11-20 02:00:00;2013;11;20;2;-5.695;0.402;93.985;1.835;0.0;0.651;0.665;0.661;0.73
2013-11-20 03:00:00;2013;11;20;3;-6.245;-0.303;94.055;1.01;0.01;0.65;0.665;0.66;0.73
2013-11-20 04:00:00;2013;11;20;4;-5.647;-1.162;94.617;0.626;0.0;0.649;0.665;0.66;0.73
2013-11-20 05:00:00;2013;11;20;5;-5.912;-2.067;93.55;0.911;0.0;0.65;0.664;0.661;0.728
2013-11-20 06:00:00;2013;11;20;6;-5.352;-1.858;94.582;0.844;0.0;0.649;0.664;0.661;0.728
2013-11-20 07:00:00;2013;11;20;7;19.884;-0.753;95.207;1.692;0.0;0.648;0.664;0.661;0.729
2013-11-20 08:00:00;2013;11;20;8;118.501;1.022;93.577;2.417;0.04;0.647;0.664;0.66;0.729
2013-11-20 09:00:00;2013;11;20;9;195.076;3.061;89.565;2.786;0.0;0.647;0.663;0.66;0.728
2013-11-20 10:00:00;2013;11;20;10;284.295;5.247;79.474;4.525;0.0;0.648;0.663;0.66;0.728
2013-11-20 11:00:00;2013;11;20;11;189.243;5.677;74.061;5.696;0.0;0.648;0.663;0.66;0.728
2013-11-20 12:00:00;2013;11;20;12;73.167;5.247;66.185;6.047;0.0;0.647;0.663;0.66;0.728
2013-11-20 13:00:00;2013;11;20;13;48.915;4.85;62.399;6.223;0.0;0.647;0.662;0.659;0.728
2013-11-20 14:00:00;2013;11;20;14;30.039;4.634;64.634;6.449;0.0;0.646;0.663;0.659;0.728
2013-11-20 15:00:00;2013;11;20;15;1.74;4.401;64.316;7.029;0.0;0.644;0.663;0.659;0.728
2013-11-20 16:00:00;2013;11;20;16;-3.099;4.201;64.889;7.068;0.0;0.644;0.663;0.659;0.728
2013-11-20 17:00:00;2013;11;20;17;-3.866;4.191;73.15;7.132;0.0;0.643;0.663;0.659;0.729
2013-11-20 18:00:00;2013;11;20;18;-3.675;3.472;81.134;8.687;0.52;0.643;0.663;0.659;0.729
2013-11-20 19:00:00;2013;11;20;19;-3.186;1.888;89.417;7.777;0.46;0.645;0.663;0.66;0.728
2013-11-20 20:00:00;2013;11;20;20;-3.138;1.871;90.768;7.289;0.22;0.646;0.664;0.66;0.729
2013-11-20 21:00:00;2013;11;20;21;-3.398;2.131;89.793;6.747;0.01;0.646;0.664;0.661;0.728
2013-11-20 22:00:00;2013;11;20;22;-3.497;2.42;89.872;6.3;0.03;0.646;0.665;0.661;0.728
2013-11-20 23:00:00;2013;11;20;23;-3.459;2.385;89.903;6.424;0.05;0.647;0.665;0.661;0.729
2013-11-21 00:00:00;2013;11;21;0;-3.808;2.686;87.627;5.713;0.0;0.647;0.665;0.661;0.729
2013-11-21 01:00:00;2013;11;21;1;-3.89;2.99;84.433;5.557;0.0;0.647;0.665;0.661;0.729
2013-11-21 02:00:00;2013;11;21;2;-3.849;3.233;79.629;5.565;0.0;0.646;0.665;0.662;0.729
2013-11-21 03:00:00;2013;11;21;3;-3.801;3.35;77.793;5.318;0.0;0.646;0.665;0.661;0.729
2013-11-21 04:00:00;2013;11;21;4;-4.075;3.262;80.376;4.524;0.06;0.646;0.665;0.661;0.73
2013-11-21 05:00:00;2013;11;21;5;-5.014;2.018;85.882;3.602;0.0;0.644;0.665;0.66;0.73
2013-11-21 06:00:00;2013;11;21;6;-4.23;2.704;84.101;3.711;0.01;0.644;0.665;0.661;0.728
2013-11-21 07:00:00;2013;11;21;7;2.019;2.478;85.82;2.971;0.0;0.643;0.665;0.661;0.728
2013-11-21 08:00:00;2013;11;21;8;40.394;1.95;85.23;3.317;0.0;0.643;0.665;0.661;0.728
2013-11-21 09:00:00;2013;11;21;9;103.982;2.581;83.36;2.863;0.0;0.643;0.664;0.661;0.728
2013-11-21 10:00:00;2013;11;21;10;119.158;3.32;81.051;3.213;0.0;0.643;0.664;0.661;0.728
2013-11-21 11:00:00;2013;11;21;11;212.693;4.157;77.334;3.674;0.0;0.643;0.664;0.66;0.728
2013-11-21 12:00:00;2013;11;21;12;87.217;4.047;78.423;3.788;0.0;0.643;0.664;0.66;0.728
2013-11-21 13:00:00;2013;11;21;13;77.55;3.786;80.254;2.932;0.0;0.642;0.664;0.66;0.728
2013-11-21 14:00:00;2013;11;21;14;39.474;3.484;82.062;2.764;0.0;0.642;0.664;0.66;0.729
2013-11-21 15:00:00;2013;11;21;15;2.512;2.573;83.172;3.093;0.0;0.641;0.664;0.661;0.729
2013-11-21 16:00:00;2013;11;21;16;-5.089;1.957;82.642;3.548;0.0;0.641;0.664;0.661;0.73
2013-11-21 17:00:00;2013;11;21;17;-5.066;1.648;85.067;3.751;0.0;0.64;0.665;0.661;0.73
2013-11-21 18:00:00;2013;11;21;18;-3.82;2.175;84.658;3.859;0.0;0.64;0.665;0.661;0.73
2013-11-21 19:00:00;2013;11;21;19;-3.966;2.482;83.842;3.202;0.0;0.639;0.665;0.66;0.731
2013-11-21 20:00:00;2013;11;21;20;-5.246;1.52;85.89;2.233;0.0;0.64;0.665;0.66;0.733
2013-11-21 21:00:00;2013;11;21;21;-4.257;1.37;86.955;2.658;0.0;0.639;0.666;0.66;0.732
2013-11-21 22:00:00;2013;11;21;22;-3.813;1.709;85.607;3.268;0.0;0.639;0.665;0.66;0.733
2013-11-21 23:00:00;2013;11;21;23;-3.89;1.621;85.283;2.399;0.0;0.639;0.666;0.66;0.734
2013-11-22 00:00:00;2013;11;22;0;-3.662;1.691;84.433;2.413;0.0;0.638;0.666;0.66;0.733
2013-11-22 01:00:00;2013;11;22;1;-3.643;1.54;83.723;3.019;0.0;0.638;0.666;0.66;0.733
2013-11-22 02:00:00;2013;11;22;2;-3.332;1.656;81.924;3.7;0.0;0.638;0.666;0.66;0.733
2013-11-22 03:00:00;2013;11;22;3;-3.499;2.16;79.611;3.463;0.0;0.638;0.666;0.66;0.734
2013-11-22 04:00:00;2013;11;22;4;-3.499;2.121;83.09;3.522;0.0;0.637;0.666;0.659;0.734
2013-11-22 05:00:00;2013;11;22;5;-4.241;2.141;87.925;3.954;0.02;0.636;0.666;0.659;0.734
2013-11-22 06:00:00;2013;11;22;6;-4.017;1.93;90.395;3.455;0.0;0.635;0.666;0.66;0.734
2013-11-22 07:00:00;2013;11;22;7;3.564;2.589;91.253;3.679;0.0;0.635;0.666;0.659;0.734
2013-11-22 08:00:00;2013;11;22;8;15.137;3.163;90.648;3.454;0.0;0.635;0.666;0.659;0.734
2013-11-22 09:00:00;2013;11;22;9;44.42;3.801;89.772;3.825;0.0;0.635;0.666;0.659;0.734
2013-11-22 10:00:00;2013;11;22;10;68.984;4.489;87.718;4.055;0.0;0.635;0.666;0.659;0.734
2013-11-22 11:00:00;2013;11;22;11;112.994;5.174;83.822;4.482;0.0;0.635;0.666;0.659;0.734
2013-11-22 12:00:00;2013;11;22;12;96.282;5.576;80.735;4.933;0.0;0.635;0.665;0.659;0.733
2013-11-22 13:00:00;2013;11;22;13;73.361;5.64;78.321;5.38;0.0;0.635;0.665;0.658;0.733
2013-11-22 14:00:00;2013;11;22;14;28.586;5.462;80.243;5.012;0.0;0.634;0.665;0.658;0.734
2013-11-22 15:00:00;2013;11;22;15;3.381;5.295;80.647;4.213;0.0;0.634;0.666;0.658;0.734
2013-11-22 16:00:00;2013;11;22;16;-3.729;4.912;81.44;3.972;0.0;0.634;0.667;0.658;0.734
2013-11-22 17:00:00;2013;11;22;17;-3.217;4.823;83.077;3.488;0.0;0.634;0.667;0.658;0.735
2013-11-22 18:00:00;2013;11;22;18;-3.278;4.759;83.765;3.758;0.0;0.633;0.668;0.658;0.735
2013-11-22 19:00:00;2013;11;22;19;-3.268;4.621;83.643;3.265;0.0;0.632;0.668;0.657;0.735
2013-11-22 20:00:00;2013;11;22;20;-3.322;4.472;84.693;3.613;0.0;0.632;0.668;0.657;0.735
2013-11-22 21:00:00;2013;11;22;21;-3.326;4.347;85.11;3.206;0.0;0.633;0.667;0.657;0.735
2013-11-22 22:00:00;2013;11;22;22;-3.332;4.278;85.645;3.403;0.0;0.632;0.668;0.656;0.735
2013-11-22 23:00:00;2013;11;22;23;-3.373;4.171;85.413;3.597;0.0;0.631;0.669;0.657;0.735
2013-11-23 00:00:00;2013;11;23;0;-3.34;4.231;85.638;3.626;0.0;0.631;0.667;0.657;0.735
2013-11-23 01:00:00;2013;11;23;1;-3.499;4.248;86.217;3.866;0.0;0.63;0.667;0.656;0.735
2013-11-23 02:00:00;2013;11;23;2;-3.438;4.296;86.455;3.73;0.0;0.63;0.667;0.656;0.735
2013-11-23 03:00:00;2013;11;23;3;-3.327;4.418;86.852;3.662;0.0;0.629;0.667;0.656;0.735
2013-11-23 04:00:00;2013;11;23;4;-3.317;4.508;87.145;3.759;0.0;0.628;0.667;0.656;0.735
2013-11-23 05:00:00;2013;11;23;5;-3.281;4.547;85.497;3.53;0.0;0.628;0.667;0.656;0.736
2013-11-23 06:00:00;2013;11;23;6;-3.213;4.572;84.123;3.522;0.0;0.627;0.667;0.656;0.735
2013-11-23 07:00:00;2013;11;23;7;5.276;4.756;81.933;3.795;0.0;0.626;0.668;0.657;0.735
2013-11-23 08:00:00;2013;11;23;8;34.23;5.13;80.469;2.7;0.0;0.625;0.669;0.657;0.735
2013-11-23 09:00:00;2013;11;23;9;89.206;5.674;77.13;3.171;0.0;0.625;0.67;0.657;0.735
2013-11-23 10:00:00;2013;11;23;10;113.903;6.185;75.608;3.457;0.0;0.625;0.669;0.657;0.735
2013-11-23 11:00:00;2013;11;23;11;119.779;6.789;70.989;4.532;0.0;0.624;0.67;0.657;0.735
2013-11-23 12:00:00;2013;11;23;12;77.153;6.847;70.895;3.949;0.0;0.624;0.669;0.656;0.735
2013-11-23 13:00:00;2013;11;23;13;56.841;6.759;70.459;3.054;0.0;0.623;0.669;0.656;0.735
2013-11-23 14:00:00;2013;11;23;14;27.006;6.489;73.527;3.466;0.0;0.623;0.668;0.656;0.735
2013-11-23 15:00:00;2013;11;23;15;3.487;6.22;75.582;3.093;0.0;0.623;0.667;0.656;0.735
2013-11-23 16:00:00;2013;11;23;16;-3.96;5.499;78.965;3.087;0.0;0.623;0.667;0.656;0.734
2013-11-23 17:00:00;2013;11;23;17;-5.108;3.471;85.783;2.505;0.0;0.624;0.666;0.655;0.735
2013-11-23 18:00:00;2013;11;23;18;-5.082;2.19;90.698;2.524;0.0;0.623;0.666;0.655;0.734
2013-11-23 19:00:00;2013;11;23;19;-5.336;1.219;92.965;2.229;0.0;0.623;0.665;0.655;0.735
2013-11-23 20:00:00;2013;11;23;20;-5.328;0.412;93.828;1.522;0.0;0.622;0.665;0.655;0.735
2013-11-23 21:00:00;2013;11;23;21;-5.426;-0.213;93.788;1.105;0.0;0.621;0.665;0.656;0.734
2013-11-23 22:00:00;2013;11;23;22;-4.688;-1.006;94.262;1.186;0.0;0.621;0.665;0.657;0.734
2013-11-23 23:00:00;2013;11;23;23;-3.695;-0.565;95.173;1.054;0.0;0.621;0.665;0.657;0.734
2013-11-24 00:00:00;2013;11;24;0;-3.686;0.624;95.223;1.369;0.0;0.62;0.665;0.657;0.735
2013-11-24 01:00:00;2013;11;24;1;-3.746;1.486;95.078;1.05;0.0;0.62;0.664;0.658;0.734
2013-11-24 02:00:00;2013;11;24;2;-3.91;2.165;95.148;1.069;0.0;0.619;0.664;0.657;0.734
2013-11-24 03:00:00;2013;11;24;3;-3.868;2.661;94.622;1.546;0.0;0.619;0.664;0.657;0.734
2013-11-24 04:00:00;2013;11;24;4;-3.609;3.982;95.308;2.198;0.0;0.619;0.664;0.657;0.734
2013-11-24 05:00:00;2013;11;24;5;-3.845;4.754;95.45;1.705;0.0;0.618;0.663;0.657;0.734
2013-11-24 06:00:00;2013;11;24;6;-3.904;5.116;95.307;1.872;0.0;0.618;0.663;0.657;0.734
2013-11-24 07:00:00;2013;11;24;7;5.526;5.508;94.432;2.497;0.0;0.617;0.664;0.658;0.733
2013-11-24 08:00:00;2013;11;24;8;34.836;6.341;92.182;3.577;0.11;0.617;0.664;0.658;0.733
2013-11-24 09:00:00;2013;11;24;9;143.112;7.036;91.483;3.62;0.0;0.617;0.664;0.657;0.734
2013-11-24 10:00:00;2013;11;24;10;91.099;7.394;87.995;5.756;0.01;0.618;0.663;0.657;0.734
2013-11-24 11:00:00;2013;11;24;11;138.278;7.707;80.977;5.461;0.0;0.618;0.663;0.657;0.734
2013-11-24 12:00:00;2013;11;24;12;111.229;7.746;70.753;6.412;0.0;0.618;0.664;0.656;0.733
2013-11-24 13:00:00;2013;11;24;13;89.76;7.512;69.006;6.806;0.0;0.618;0.663;0.657;0.733
2013-11-24 14:00:00;2013;11;24;14;36.27;6.963;70.736;5.953;0.0;0.618;0.663;0.659;0.733
2013-11-24 15:00:00;2013;11;24;15;2.981;6.568;71.488;5.83;0.0;0.617;0.663;0.659;0.733
2013-11-24 16:00:00;2013;11;24;16;-3.529;5.99;74.25;5.047;0.0;0.616;0.663;0.659;0.733
2013-11-24 17:00:00;2013;11;24;17;-3.543;5.825;75.923;4.111;0.0;0.616;0.663;0.659;0.733
2013-11-24 18:00:00;2013;11;24;18;-3.578;5.511;77.375;3.582;0.0;0.616;0.663;0.659;0.732
2013-11-24 19:00:00;2013;11;24;19;-3.566;5.091;78.867;3.469;0.01;0.614;0.663;0.659;0.732
2013-11-24 20:00:00;2013;11;24;20;-3.549;4.834;80.341;3.252;0.0;0.612;0.662;0.659;0.732
2013-11-24 21:00:00;2013;11;24;21;-3.697;4.356;81.897;3.298;0.0;0.612;0.662;0.659;0.732
2013-11-24 22:00:00;2013;11;24;22;-3.805;3.706;85.437;3.005;0.0;0.612;0.662;0.659;0.732
2013-11-24 23:00:00;2013;11;24;23;-3.729;3.61;88.24;2.548;0.0;0.612;0.661;0.659;0.733
2013-11-25 00:00:00;2013;11;25;0;-3.726;3.693;87.252;2.703;0.0;0.611;0.661;0.659;0.732
2013-11-25 01:00:00;2013;11;25;1;-3.551;4.053;85.425;3.127;0.0;0.61;0.661;0.659;0.732
2013-11-25 02:00:00;2013;11;25;2;-3.576;4.054;86.235;3.329;0.0;0.61;0.66;0.659;0.732
2013-11-25 03:00:00;2013;11;25;3;-3.622;4.088;85.635;2.883;0.0;0.609;0.66;0.659;0.732
2013-11-25 04:00:00;2013;11;25;4;-3.619;4.064;86.513;2.98;0.0;0.609;0.659;0.659;0.732
2013-11-25 05:00:00;2013;11;25;5;-3.616;4.314;85.263;3.056;0.0;0.609;0.659;0.66;0.732
2013-11-25 06:00:00;2013;11;25;6;-3.996;3.687;87.135;2.638;0.0;0.608;0.659;0.66;0.732
2013-11-25 07:00:00;2013;11;25;7;8.126;3.639;87.415;3.31;0.0;0.609;0.658;0.659;0.732
2013-11-25 08:00:00;2013;11;25;8;45.48;4.387;84.58;3.467;0.0;0.609;0.658;0.66;0.732
2013-11-25 09:00:00;2013;11;25;9;102.513;5.117;81.457;4.194;0.0;0.608;0.658;0.659;0.732
2013-11-25 10:00:00;2013;11;25;10;135.02;5.919;79.093;4.411;0.0;0.607;0.658;0.66;0.732
2013-11-25 11:00:00;2013;11;25;11;214.181;7.011;74.175;5.736;0.0;0.607;0.658;0.66;0.731
2013-11-25 12:00:00;2013;11;25;12;171.955;7.248;72.889;6.906;0.0;0.606;0.657;0.659;0.732
2013-11-25 13:00:00;2013;11;25;13;114.383;7.102;73.768;6.464;0.0;0.605;0.656;0.659;0.732
2013-11-25 14:00:00;2013;11;25;14;57.914;6.588;76.422;5.531;0.05;0.604;0.657;0.66;0.732
2013-11-25 15:00:00;2013;11;25;15;2.801;5.256;80.294;4.503;0.0;0.604;0.656;0.659;0.732
2013-11-25 16:00:00;2013;11;25;16;-4.342;4.481;84.177;3.451;0.01;0.602;0.657;0.66;0.731
2013-11-25 17:00:00;2013;11;25;17;-4.322;3.857;87.212;2.499;0.0;0.602;0.657;0.66;0.731
2013-11-25 18:00:00;2013;11;25;18;-5.104;2.713;87.917;2.195;0.0;0.602;0.657;0.66;0.731
2013-11-25 19:00:00;2013;11;25;19;-3.746;2.227;89.603;2.681;0.0;0.601;0.655;0.66;0.732
2013-11-25 20:00:00;2013;11;25;20;-3.712;3.004;89.17;2.27;0.0;0.6;0.656;0.659;0.732
2013-11-25 21:00:00;2013;11;25;21;-4.035;3.197;89.56;1.305;0.0;0.601;0.655;0.66;0.731
2013-11-25 22:00:00;2013;11;25;22;-4.611;2.95;91.185;1.331;0.0;0.6;0.654;0.66;0.732
2013-11-25 23:00:00;2013;11;25;23;-4.731;2.625;91.385;0.884;0.0;0.6;0.654;0.66;0.732
2013-11-26 00:00:00;2013;11;26;0;-4.362;2.752;92.86;0.804;0.0;0.6;0.654;0.66;0.731
2013-11-26 01:00:00;2013;11;26;1;-4.453;2.879;92.81;0.891;0.0;0.599;0.654;0.66;0.732
2013-11-26 02:00:00;2013;11;26;2;-4.402;3.061;93.58;1.568;0.0;0.599;0.653;0.66;0.731
2013-11-26 03:00:00;2013;11;26;3;-4.377;3.337;93.808;1.337;0.0;0.598;0.653;0.66;0.732
2013-11-26 04:00:00;2013;11;26;4;-4.506;3.73;94.205;1.233;0.0;0.598;0.652;0.66;0.732
2013-11-26 05:00:00;2013;11;26;5;-4.225;4.44;94.45;2.158;0.01;0.598;0.652;0.66;0.732
2013-11-26 06:00:00;2013;11;26;6;-3.859;4.892;93.987;3.298;0.05;0.598;0.652;0.661;0.731
2013-11-26 07:00:00;2013;11;26;7;6.183;5.052;93.607;3.287;0.06;0.598;0.652;0.661;0.731
2013-11-26 08:00:00;2013;11;26;8;48.64;5.416;93.098;2.792;0.0;0.597;0.651;0.661;0.731
2013-11-26 09:00:00;2013;11;26;9;58.674;5.882;92.1;3.43;0.0;0.596;0.651;0.661;0.731
2013-11-26 10:00:00;2013;11;26;10;85.532;6.432;89.815;3.381;0.0;0.596;0.651;0.661;0.731
2013-11-26 11:00:00;2013;11;26;11;84.734;6.805;87.16;2.883;0.0;0.595;0.651;0.661;0.73
2013-11-26 12:00:00;2013;11;26;12;99.605;7.099;84.102;3.794;0.0;0.595;0.651;0.661;0.73
2013-11-26 13:00:00;2013;11;26;13;65.915;6.903;85.875;3.888;0.0;0.595;0.651;0.661;0.73
2013-11-26 14:00:00;2013;11;26;14;30.081;6.729;86.565;3.322;0.0;0.594;0.65;0.661;0.73
2013-11-26 15:00:00;2013;11;26;15;4.704;6.048;87.63;2.682;0.0;0.594;0.65;0.661;0.73
2013-11-26 16:00:00;2013;11;26;16;-3.551;5.593;88.507;2.772;0.0;0.594;0.65;0.661;0.73
2013-11-26 17:00:00;2013;11;26;17;-3.734;5.815;88.762;2.185;0.0;0.595;0.651;0.659;0.731
2013-11-26 18:00:00;2013;11;26;18;-4.083;6.041;89.93;1.906;0.05;0.595;0.65;0.659;0.731
2013-11-26 19:00:00;2013;11;26;19;-4.775;5.606;91.483;1.282;0.06;0.595;0.651;0.658;0.732
2013-11-26 20:00:00;2013;11;26;20;-4.983;4.943;93.1;1.481;0.01;0.595;0.65;0.659;0.731
2013-11-26 21:00:00;2013;11;26;21;-5.239;4.446;93.603;1.115;0.0;0.594;0.651;0.657;0.732
2013-11-26 22:00:00;2013;11;26;22;-5.693;3.803;94.033;0.893;0.0;0.594;0.65;0.658;0.732
2013-11-26 23:00:00;2013;11;26;23;-5.514;2.613;93.592;0.811;0.01;0.594;0.65;0.658;0.731
2013-11-27 00:00:00;2013;11;27;0;-5.138;1.606;93.962;0.614;0.0;0.593;0.65;0.658;0.731
2013-11-27 01:00:00;2013;11;27;1;-5.33;1.072;93.923;0.7;0.0;0.593;0.649;0.658;0.731
2013-11-27 02:00:00;2013;11;27;2;-4.986;0.876;95.177;1.08;0.0;0.592;0.648;0.659;0.731
2013-11-27 03:00:00;2013;11;27;3;-5.158;0.574;94.968;1.866;0.0;0.591;0.648;0.659;0.731
2013-11-27 04:00:00;2013;11;27;4;-4.208;0.983;95.862;2.597;0.0;0.591;0.647;0.659;0.731
2013-11-27 05:00:00;2013;11;27;5;-3.679;1.843;96.293;2.836;0.0;0.591;0.647;0.658;0.731
2013-11-27 06:00:00;2013;11;27;6;-3.497;2.727;95.957;2.98;0.0;0.59;0.646;0.659;0.73
2013-11-27 07:00:00;2013;11;27;7;4.367;3.146;95.77;2.75;0.0;0.59;0.646;0.66;0.73
2013-11-27 08:00:00;2013;11;27;8;32.539;3.887;95.275;2.082;0.12;0.59;0.646;0.659;0.73
2013-11-27 09:00:00;2013;11;27;9;58.922;4.832;93.955;2.345;0.01;0.591;0.646;0.659;0.731
2013-11-27 10:00:00;2013;11;27;10;109.186;5.579;92.963;2.771;0.0;0.591;0.646;0.659;0.731
2013-11-27 11:00:00;2013;11;27;11;163.928;6.518;90.407;2.908;0.0;0.591;0.646;0.659;0.73
2013-11-27 12:00:00;2013;11;27;12;148.758;7.912;83.407;3.667;0.0;0.591;0.646;0.659;0.73
2013-11-27 13:00:00;2013;11;27;13;52.156;8.04;80.077;3.667;0.0;0.591;0.647;0.659;0.73
2013-11-27 14:00:00;2013;11;27;14;12.548;7.805;76.839;3.963;0.0;0.591;0.647;0.659;0.73
2013-11-27 15:00:00;2013;11;27;15;-1.231;7.377;76.813;4.803;0.0;0.591;0.647;0.659;0.73
2013-11-27 16:00:00;2013;11;27;16;-3.641;6.728;85.796;3.969;0.0;0.59;0.647;0.659;0.729
2013-11-27 17:00:00;2013;11;27;17;-3.477;6.389;92.138;4.754;0.0;0.59;0.647;0.659;0.729
2013-11-27 18:00:00;2013;11;27;18;-3.368;6.732;94.0;4.13;0.0;0.59;0.647;0.659;0.73
2013-11-27 19:00:00;2013;11;27;19;-3.214;6.697;94.008;5.126;0.0;0.589;0.647;0.658;0.73
2013-11-27 20:00:00;2013;11;27;20;-3.123;6.749;94.462;5.216;0.0;0.589;0.646;0.659;0.729
2013-11-27 21:00:00;2013;11;27;21;-3.108;6.629;94.48;5.348;0.01;0.589;0.646;0.659;0.729
2013-11-27 22:00:00;2013;11;27;22;-3.292;6.616;94.737;3.369;0.0;0.588;0.647;0.659;0.73
2013-11-27 23:00:00;2013;11;27;23;-3.581;6.773;94.748;2.242;0.0;0.588;0.647;0.659;0.73
2013-11-28 00:00:00;2013;11;28;0;-3.773;7.054;94.908;1.694;0.0;0.588;0.647;0.659;0.73
2013-11-28 01:00:00;2013;11;28;1;-3.802;7.057;95.278;1.948;0.0;0.588;0.647;0.659;0.73
2013-11-28 02:00:00;2013;11;28;2;-3.721;7.209;95.36;2.234;0.0;0.588;0.647;0.659;0.73
2013-11-28 03:00:00;2013;11;28;3;-3.49;7.255;95.623;3.144;0.0;0.588;0.647;0.659;0.73
2013-11-28 04:00:00;2013;11;28;4;-3.539;7.398;95.7;2.588;0.06;0.588;0.648;0.659;0.73
2013-11-28 05:00:00;2013;11;28;5;-3.672;7.738;95.42;2.108;0.02;0.588;0.647;0.659;0.729
2013-11-28 06:00:00;2013;11;28;6;-3.952;7.996;95.568;1.568;0.0;0.588;0.647;0.659;0.729
2013-11-28 07:00:00;2013;11;28;7;0.784;7.986;94.785;1.101;0.0;0.588;0.648;0.66;0.729
2013-11-28 08:00:00;2013;11;28;8;33.285;8.313;95.397;1.284;0.01;0.588;0.648;0.66;0.729
2013-11-28 09:00:00;2013;11;28;9;25.096;8.764;95.193;1.084;0.0;0.587;0.647;0.66;0.729
2013-11-28 10:00:00;2013;11;28;10;101.416;9.489;94.425;2.823;0.02;0.587;0.647;0.66;0.729
2013-11-28 11:00:00;2013;11;28;11;70.294;10.102;92.135;3.673;0.0;0.588;0.648;0.66;0.729
2013-11-28 12:00:00;2013;11;28;12;90.01;9.957;86.713;4.167;0.0;0.588;0.648;0.66;0.729
2013-11-28 13:00:00;2013;11;28;13;83.227;9.755;81.184;4.446;0.0;0.588;0.648;0.66;0.729
2013-11-28 14:00:00;2013;11;28;14;33.478;9.237;74.777;4.482;0.0;0.587;0.649;0.66;0.729
2013-11-28 15:00:00;2013;11;28;15;0.743;8.786;73.246;3.89;0.0;0.588;0.65;0.66;0.729
2013-11-28 16:00:00;2013;11;28;16;-3.573;8.097;72.817;2.733;0.0;0.588;0.65;0.66;0.729
2013-11-28 17:00:00;2013;11;28;17;-3.712;7.458;78.714;2.748;0.0;0.587;0.65;0.66;0.73
2013-11-28 18:00:00;2013;11;28;18;-3.445;7.561;77.43;2.774;0.01;0.587;0.65;0.66;0.73
2013-11-28 19:00:00;2013;11;28;19;-3.564;7.467;80.124;2.868;0.0;0.586;0.649;0.66;0.729
2013-11-28 20:00:00;2013;11;28;20;-3.764;7.178;83.212;2.335;0.0;0.587;0.649;0.66;0.729
2013-11-28 21:00:00;2013;11;28;21;-3.779;7.113;83.05;2.579;0.0;0.587;0.649;0.66;0.729
2013-11-28 22:00:00;2013;11;28;22;-3.772;7.093;83.818;2.221;0.0;0.587;0.649;0.66;0.73
2013-11-28 23:00:00;2013;11;28;23;-3.758;6.958;84.608;2.179;0.01;0.587;0.648;0.66;0.73
2013-11-29 00:00:00;2013;11;29;0;-3.923;6.825;85.808;2.109;0.01;0.587;0.648;0.66;0.731
2013-11-29 01:00:00;2013;11;29;1;-3.641;6.983;85.227;3.191;0.0;0.586;0.649;0.66;0.73
2013-11-29 02:00:00;2013;11;29;2;-3.688;6.802;86.43;2.278;0.0;0.587;0.648;0.66;0.73
2013-11-29 03:00:00;2013;11;29;3;-3.679;6.838;86.325;3.135;0.0;0.587;0.649;0.66;0.73
2013-11-29 04:00:00;2013;11;29;4;-3.643;6.713;85.632;2.884;0.0;0.586;0.649;0.66;0.731
2013-11-29 05:00:00;2013;11;29;5;-3.537;6.764;83.188;2.994;0.0;0.586;0.649;0.66;0.73
2013-11-29 06:00:00;2013;11;29;6;-3.555;6.704;84.913;3.436;0.0;0.586;0.648;0.661;0.73
2013-11-29 07:00:00;2013;11;29;7;-0.077;6.811;82.09;4.104;0.0;0.585;0.648;0.661;0.73
2013-11-29 08:00:00;2013;11;29;8;4.72;7.008;77.659;4.804;0.0;0.586;0.648;0.661;0.73
2013-11-29 09:00:00;2013;11;29;9;17.704;7.171;78.585;6.379;0.0;0.585;0.648;0.661;0.73
2013-11-29 10:00:00;2013;11;29;10;32.446;7.273;81.908;7.762;0.0;0.585;0.648;0.66;0.73
2013-11-29 11:00:00;2013;11;29;11;29.464;7.823;81.566;7.693;0.0;0.586;0.648;0.66;0.73
2013-11-29 12:00:00;2013;11;29;12;20.601;7.554;89.91;8.709;0.75;0.587;0.649;0.66;0.73
2013-11-29 13:00:00;2013;11;29;13;34.363;7.88;91.275;8.458;0.93;0.588;0.648;0.66;0.731
2013-11-29 14:00:00;2013;11;29;14;15.048;7.981;90.125;7.457;0.37;0.592;0.648;0.659;0.729
2013-11-29 15:00:00;2013;11;29;15;-1.398;7.618;83.238;8.209;0.2;0.595;0.65;0.658;0.73
2013-11-29 16:00:00;2013;11;29;16;-4.252;6.311;79.601;7.517;0.0;0.596;0.652;0.658;0.729
2013-11-29 17:00:00;2013;11;29;17;-4.856;5.572;77.573;5.703;0.0;0.595;0.652;0.659;0.729
2013-11-29 18:00:00;2013;11;29;18;-4.61;5.099;78.319;5.302;0.01;0.595;0.652;0.658;0.73
2013-11-29 19:00:00;2013;11;29;19;-4.266;5.318;80.234;5.66;0.27;0.594;0.652;0.658;0.73
2013-11-29 20:00:00;2013;11;29;20;-4.8;4.973;82.628;5.253;0.07;0.594;0.651;0.659;0.728
2013-11-29 21:00:00;2013;11;29;21;-4.666;4.691;82.213;4.934;0.01;0.594;0.651;0.659;0.728
2013-11-29 22:00:00;2013;11;29;22;-4.641;4.613;83.617;4.702;0.326;0.595;0.652;0.659;0.729
2013-11-29 23:00:00;2013;11;29;23;-4.221;4.658;85.353;4.45;0.086;0.596;0.652;0.658;0.729
2013-11-30 00:00:00;2013;11;30;0;-3.086;4.939;86.525;5.174;0.9;0.6;0.657;0.658;0.729
2013-11-30 01:00:00;2013;11;30;1;-3.955;4.481;86.987;4.987;0.029;0.602;0.659;0.656;0.729
2013-11-30 02:00:00;2013;11;30;2;-4.361;4.254;88.665;4.365;0.003;0.603;0.66;0.655;0.729
2013-11-30 03:00:00;2013;11;30;3;-4.617;3.715;92.542;3.929;0.003;0.603;0.66;0.655;0.729
2013-11-30 04:00:00;2013;11;30;4;-3.832;4.207;92.547;3.286;0.001;0.603;0.659;0.655;0.729
2013-11-30 05:00:00;2013;11;30;5;-4.786;3.912;91.522;2.563;0.001;0.602;0.659;0.655;0.729
2013-11-30 06:00:00;2013;11;30;6;-3.601;5.336;88.903;4.115;0.0;0.602;0.658;0.656;0.728
2013-11-30 07:00:00;2013;11;30;7;3.924;4.883;88.87;4.175;0.126;0.602;0.658;0.656;0.728
2013-11-30 08:00:00;2013;11;30;8;37.824;4.75;92.01;2.74;0.005;0.601;0.658;0.656;0.728
2013-11-30 09:00:00;2013;11;30;9;52.599;6.058;90.872;2.363;0.0;0.601;0.658;0.657;0.728
2013-11-30 10:00:00;2013;11;30;10;93.524;6.934;88.493;1.672;0.0;0.602;0.657;0.657;0.728
2013-11-30 11:00:00;2013;11;30;11;140.435;8.132;81.013;3.205;0.0;0.602;0.658;0.657;0.728
2013-11-30 12:00:00;2013;11;30;12;140.412;8.529;74.677;3.457;0.0;0.601;0.658;0.657;0.728
2013-11-30 13:00:00;2013;11;30;13;83.123;8.818;73.543;3.427;0.0;0.602;0.657;0.657;0.728
2013-11-30 14:00:00;2013;11;30;14;29.354;8.144;78.744;4.504;0.0;0.603;0.658;0.657;0.729
2013-11-30 15:00:00;2013;11;30;15;-1.27;7.093;90.122;3.038;0.013;0.602;0.658;0.656;0.729
2013-11-30 16:00:00;2013;11;30;16;-5.604;6.091;90.48;2.125;0.005;0.602;0.658;0.656;0.728
2013-11-30 17:00:00;2013;11;30;17;-6.394;4.384;90.91;1.697;0.009;0.601;0.658;0.656;0.729
2013-11-30 18:00:00;2013;11;30;18;-5.49;3.281;93.45;2.177;0.004;0.601;0.658;0.656;0.729
2013-11-30 19:00:00;2013;11;30;19;-3.741;4.331;92.027;3.197;0.0;0.601;0.658;0.657;0.73
2013-11-30 20:00:00;2013;11;30;20;-4.289;5.507;93.413;2.052;0.014;0.601;0.658;0.657;0.731
2013-11-30 21:00:00;2013;11;30;21;-5.087;5.315;92.607;1.842;0.011;0.6;0.658;0.657;0.731
2013-11-30 22:00:00;2013;11;30;22;-5.256;4.183;93.575;2.132;0.009;0.6;0.658;0.657;0.731
2013-11-30 23:00:00;2013;11;30;23;-5.316;3.367;93.662;1.53;0.005;0.6;0.658;0.657;0.731
2013-12-01 00:00:00;2013;12;1;0;-5.154;2.863;94.565;1.201;0.004;0.599;0.658;0.658;0.731
2013-12-01 01:00:00;2013;12;1;1;-4.473;3.214;95.367;1.153;0.0;0.599;0.657;0.658;0.731
2013-12-01 02:00:00;2013;12;1;2;-4.344;4.38;94.102;2.203;0.0;0.599;0.657;0.658;0.731
2013-12-01 03:00:00;2013;12;1;3;-4.398;4.657;91.027;1.951;0.0;0.599;0.657;0.659;0.731
2013-12-01 04:00:00;2013;12;1;4;-4.229;4.855;90.472;1.622;0.0;0.599;0.657;0.659;0.731
2013-12-01 05:00:00;2013;12;1;5;-4.663;4.72;89.955;2.728;0.0;0.598;0.657;0.658;0.731
2013-12-01 06:00:00;2013;12;1;6;-4.69;4.181;90.238;2.531;0.0;0.599;0.657;0.658;0.731
2013-12-01 07:00:00;2013;12;1;7;4.974;3.894;90.403;3.204;0.0;0.598;0.657;0.658;0.732
2013-12-01 08:00:00;2013;12;1;8;81.921;4.816;89.663;2.901;0.0;0.597;0.656;0.658;0.732
2013-12-01 09:00:00;2013;12;1;9;174.95;6.842;84.092;2.814;0.0;0.598;0.656;0.659;0.731
2013-12-01 10:00:00;2013;12;1;10;235.872;7.773;80.662;3.234;0.0;0.598;0.656;0.659;0.731
2013-12-01 11:00:00;2013;12;1;11;241.074;8.856;76.066;3.228;0.0;0.598;0.656;0.658;0.732
2013-12-01 12:00:00;2013;12;1;12;67.627;8.654;74.75;3.486;0.0;0.598;0.657;0.658;0.731
2013-12-01 13:00:00;2013;12;1;13;37.378;8.215;77.314;3.426;0.0;0.598;0.656;0.658;0.731
2013-12-01 14:00:00;2013;12;1;14;25.615;7.798;80.521;2.664;0.0;0.598;0.656;0.658;0.732
2013-12-01 15:00:00;2013;12;1;15;2.685;7.404;85.69;2.534;0.0;0.598;0.656;0.658;0.732
2013-12-01 16:00:00;2013;12;1;16;-4.048;7.257;88.885;1.916;0.0;0.598;0.656;0.659;0.731
2013-12-01 17:00:00;2013;12;1;17;-4.53;7.28;91.237;1.914;0.1;0.598;0.657;0.659;0.731
2013-12-01 18:00:00;2013;12;1;18;-4.77;7.53;92.313;1.854;0.008;0.598;0.656;0.659;0.73
2013-12-01 19:00:00;2013;12;1;19;-4.307;7.695;91.422;3.198;0.002;0.598;0.657;0.659;0.731
2013-12-01 20:00:00;2013;12;1;20;-4.56;7.261;90.892;2.172;0.0;0.598;0.656;0.659;0.731
2013-12-01 21:00:00;2013;12;1;21;-4.535;6.151;91.8;2.453;0.007;0.598;0.657;0.659;0.731
2013-12-01 22:00:00;2013;12;1;22;-4.306;5.674;90.632;2.502;0.002;0.598;0.657;0.659;0.731
2013-12-01 23:00:00;2013;12;1;23;-4.484;4.997;91.585;2.218;0.002;0.597;0.657;0.659;0.732
2013-12-02 00:00:00;2013;12;2;0;-5.404;3.499;92.637;1.83;0.005;0.597;0.657;0.658;0.732
2013-12-02 01:00:00;2013;12;2;1;-4.36;2.737;94.467;1.714;0.003;0.597;0.657;0.658;0.732
2013-12-02 02:00:00;2013;12;2;2;-4.034;3.311;95.205;1.987;0.0;0.597;0.656;0.658;0.732
2013-12-02 03:00:00;2013;12;2;3;-4.208;3.309;95.005;2.128;0.0;0.596;0.656;0.658;0.732
2013-12-02 04:00:00;2013;12;2;4;-4.691;2.814;94.882;1.981;0.0;0.596;0.655;0.659;0.731
2013-12-02 05:00:00;2013;12;2;5;-5.026;1.845;95.257;1.992;0.002;0.596;0.655;0.66;0.73
2013-12-02 06:00:00;2013;12;2;6;-4.8;1.361;94.932;1.907;0.0;0.596;0.655;0.66;0.73
2013-12-02 07:00:00;2013;12;2;7;3.123;1.287;95.06;1.567;0.0;0.595;0.655;0.66;0.73
2013-12-02 08:00:00;2013;12;2;8;43.788;2.178;96.015;1.862;0.0;0.595;0.655;0.66;0.73
2013-12-02 09:00:00;2013;12;2;9;114.801;4.249;95.887;1.053;0.0;0.594;0.655;0.66;0.73
2013-12-02 10:00:00;2013;12;2;10;203.033;6.09;88.14;1.291;0.0;0.594;0.655;0.66;0.73
2013-12-02 11:00:00;2013;12;2;11;253.231;7.945;67.214;2.976;0.0;0.595;0.654;0.66;0.73
2013-12-02 12:00:00;2013;12;2;12;183.89;7.786;66.315;2.815;0.0;0.595;0.655;0.659;0.731
2013-12-02 13:00:00;2013;12;2;13;139.373;7.488;67.516;2.961;0.0;0.595;0.655;0.659;0.731
2013-12-02 14:00:00;2013;12;2;14;69.912;6.505;71.447;2.422;0.0;0.596;0.655;0.659;0.731
2013-12-02 15:00:00;2013;12;2;15;5.005;4.485;79.114;2.145;0.0;0.595;0.655;0.659;0.73
2013-12-02 16:00:00;2013;12;2;16;-5.525;3.423;85.036;1.876;0.0;0.594;0.655;0.66;0.73
2013-12-02 17:00:00;2013;12;2;17;-5.107;2.028;89.082;2.215;0.0;0.594;0.655;0.66;0.729
2013-12-02 18:00:00;2013;12;2;18;-4.969;1.53;91.167;2.005;0.0;0.594;0.655;0.66;0.729
2013-12-02 19:00:00;2013;12;2;19;-4.575;0.343;92.172;1.909;0.0;0.593;0.654;0.66;0.73
2013-12-02 20:00:00;2013;12;2;20;-4.557;-0.186;93.48;1.413;0.001;0.593;0.653;0.659;0.73
2013-12-02 21:00:00;2013;12;2;21;-4.92;-0.261;94.44;1.123;0.001;0.592;0.653;0.659;0.73
2013-12-02 22:00:00;2013;12;2;22;-5.048;-0.961;94.547;1.889;0.002;0.592;0.651;0.659;0.73
2013-12-02 23:00:00;2013;12;2;23;-4.978;-1.461;94.545;1.56;0.0;0.592;0.65;0.66;0.729
2013-12-03 00:00:00;2013;12;3;0;-5.244;-1.847;93.447;0.849;0.003;0.591;0.649;0.66;0.729
2013-12-03 01:00:00;2013;12;3;1;-4.515;-2.394;93.385;1.82;0.0;0.591;0.648;0.659;0.729
2013-12-03 02:00:00;2013;12;3;2;-4.524;-2.068;94.378;1.981;0.0;0.59;0.648;0.659;0.729
2013-12-03 03:00:00;2013;12;3;3;-4.684;-2.339;94.718;2.116;0.0;0.589;0.647;0.659;0.729
2013-12-03 04:00:00;2013;12;3;4;-4.972;-2.649;93.525;1.181;0.001;0.588;0.646;0.659;0.729
2013-12-03 05:00:00;2013;12;3;5;-5.105;-3.333;92.415;0.897;0.001;0.588;0.647;0.659;0.729
2013-12-03 06:00:00;2013;12;3;6;-4.63;-3.89;93.103;0.706;0.0;0.589;0.646;0.661;0.726
2013-12-03 07:00:00;2013;12;3;7;2.842;-3.808;93.07;0.761;0.0;0.589;0.647;0.661;0.726
2013-12-03 08:00:00;2013;12;3;8;76.079;-3.244;93.575;0.827;0.0;0.589;0.647;0.661;0.726
2013-12-03 09:00:00;2013;12;3;9;173.783;-1.426;95.32;0.823;0.0;0.588;0.647;0.661;0.727
2013-12-03 10:00:00;2013;12;3;10;207.249;0.985;95.085;0.827;0.0;0.587;0.646;0.661;0.727
2013-12-03 11:00:00;2013;12;3;11;215.28;2.965;88.832;1.269;0.0;0.587;0.644;0.661;0.728
2013-12-03 12:00:00;2013;12;3;12;220.495;4.464;81.462;1.202;0.0;0.587;0.645;0.66;0.728
2013-12-03 13:00:00;2013;12;3;13;180.556;5.433;76.794;1.155;0.0;0.587;0.648;0.66;0.729
2013-12-03 14:00:00;2013;12;3;14;88.321;3.599;86.225;2.446;0.0;0.588;0.649;0.659;0.729
2013-12-03 15:00:00;2013;12;3;15;3.471;1.202;95.073;2.694;0.0;0.588;0.649;0.659;0.729
2013-12-03 16:00:00;2013;12;3;16;-3.479;0.741;95.755;2.731;0.0;0.588;0.649;0.659;0.729
2013-12-03 17:00:00;2013;12;3;17;-3.51;0.403;96.145;2.323;0.0;0.587;0.649;0.659;0.729
2013-12-03 18:00:00;2013;12;3;18;-4.162;0.288;95.798;1.114;0.0;0.587;0.649;0.659;0.73
2013-12-03 19:00:00;2013;12;3;19;-3.636;0.565;95.793;2.083;0.0;0.587;0.649;0.659;0.73
2013-12-03 20:00:00;2013;12;3;20;-3.284;0.809;96.1;2.275;0.0;0.587;0.649;0.659;0.729
2013-12-03 21:00:00;2013;12;3;21;-3.218;1.004;96.15;2.301;0.0;0.587;0.649;0.659;0.731
2013-12-03 22:00:00;2013;12;3;22;-3.401;1.136;95.54;2.125;0.0;0.587;0.649;0.659;0.73
2013-12-03 23:00:00;2013;12;3;23;-3.308;1.339;96.093;3.446;0.0;0.587;0.649;0.659;0.73
2013-12-04 00:00:00;2013;12;4;0;-3.129;1.204;96.21;3.442;0.0;0.587;0.649;0.659;0.731
2013-12-04 01:00:00;2013;12;4;1;-3.189;1.157;95.353;3.362;0.0;0.587;0.649;0.659;0.73
2013-12-04 02:00:00;2013;12;4;2;-3.182;1.45;95.087;2.587;0.0;0.587;0.648;0.659;0.73
2013-12-04 03:00:00;2013;12;4;3;-3.285;1.772;94.887;2.627;0.0;0.587;0.648;0.659;0.731
2013-12-04 04:00:00;2013;12;4;4;-3.34;2.162;94.193;3.087;0.0;0.586;0.647;0.659;0.731
2013-12-04 05:00:00;2013;12;4;5;-2.999;2.524;94.507;4.62;0.0;0.586;0.648;0.659;0.729
2013-12-04 06:00:00;2013;12;4;6;-2.968;3.039;93.525;4.297;0.0;0.586;0.648;0.659;0.729
2013-12-04 07:00:00;2013;12;4;7;-0.11;3.99;89.745;4.68;0.0;0.586;0.647;0.659;0.729
2013-12-04 08:00:00;2013;12;4;8;21.862;4.603;87.208;2.811;0.0;0.586;0.647;0.659;0.729
2013-12-04 09:00:00;2013;12;4;9;44.43;5.189;85.162;4.143;0.0;0.586;0.648;0.659;0.729
2013-12-04 10:00:00;2013;12;4;10;67.355;5.942;84.182;5.668;0.0;0.586;0.648;0.659;0.729
2013-12-04 11:00:00;2013;12;4;11;65.382;6.462;85.515;5.731;0.0;0.587;0.648;0.658;0.729
2013-12-04 12:00:00;2013;12;4;12;23.781;6.787;90.76;4.738;0.0;0.587;0.648;0.658;0.729
2013-12-04 13:00:00;2013;12;4;13;18.743;7.096;93.5;5.148;0.248;0.587;0.648;0.658;0.729
2013-12-04 14:00:00;2013;12;4;14;8.385;7.462;94.218;5.597;0.422;0.587;0.649;0.658;0.729
2013-12-04 15:00:00;2013;12;4;15;0.485;7.236;93.935;3.484;0.098;0.588;0.649;0.658;0.731
2013-12-04 16:00:00;2013;12;4;16;-4.645;6.472;91.51;3.877;0.012;0.588;0.65;0.658;0.731
2013-12-04 17:00:00;2013;12;4;17;-5.291;4.69;89.715;3.786;0.009;0.589;0.65;0.658;0.73
2013-12-04 18:00:00;2013;12;4;18;-5.204;3.584;88.112;3.046;0.011;0.588;0.65;0.659;0.73
2013-12-04 19:00:00;2013;12;4;19;-4.942;3.368;89.665;3.51;0.013;0.588;0.65;0.659;0.73
2013-12-04 20:00:00;2013;12;4;20;-4.973;3.108;87.75;3.698;0.008;0.588;0.651;0.659;0.73
2013-12-04 21:00:00;2013;12;4;21;-5.199;1.926;89.173;3.13;0.01;0.587;0.65;0.659;0.73
2013-12-04 22:00:00;2013;12;4;22;-5.042;1.925;87.86;3.247;0.004;0.587;0.649;0.659;0.73
2013-12-04 23:00:00;2013;12;4;23;-5.088;1.382;88.828;3.34;0.009;0.587;0.649;0.659;0.73
2013-12-05 00:00:00;2013;12;5;0;-4.622;1.229;90.247;3.979;0.004;0.587;0.649;0.659;0.729
2013-12-05 01:00:00;2013;12;5;1;-4.742;1.534;89.32;4.02;0.008;0.586;0.648;0.659;0.728
2013-12-05 02:00:00;2013;12;5;2;-4.749;1.578;89.887;4.01;0.009;0.586;0.647;0.659;0.729
2013-12-05 03:00:00;2013;12;5;3;-4.402;1.693;90.648;3.483;0.005;0.586;0.646;0.66;0.729
2013-12-05 04:00:00;2013;12;5;4;-4.196;2.228;89.817;3.675;0.004;0.585;0.647;0.659;0.729
2013-12-05 05:00:00;2013;12;5;5;-3.968;2.935;88.602;4.716;0.007;0.585;0.647;0.659;0.73
2013-12-05 06:00:00;2013;12;5;6;-3.766;3.49;86.553;6.008;0.0;0.585;0.648;0.659;0.729
2013-12-05 07:00:00;2013;12;5;7;3.007;3.907;84.815;7.626;0.0;0.585;0.648;0.659;0.73
2013-12-05 08:00:00;2013;12;5;8;24.546;4.111;84.603;9.771;0.0;0.585;0.648;0.659;0.729
2013-12-05 09:00:00;2013;12;5;9;53.322;4.31;81.224;10.326;0.0;0.585;0.648;0.659;0.728
2013-12-05 10:00:00;2013;12;5;10;46.548;4.401;77.545;10.479;0.0;0.586;0.648;0.659;0.728
2013-12-05 11:00:00;2013;12;5;11;38.739;4.871;76.399;11.107;0.0;0.585;0.648;0.658;0.728
2013-12-05 12:00:00;2013;12;5;12;16.334;5.639;74.603;12.684;0.051;0.586;0.649;0.658;0.728
2013-12-05 13:00:00;2013;12;5;13;5.026;5.694;80.827;13.931;0.868;0.586;0.649;0.658;0.728
2013-12-05 14:00:00;2013;12;5;14;1.77;6.071;84.433;12.92;0.79;0.587;0.648;0.658;0.728
2013-12-05 15:00:00;2013;12;5;15;-2.227;7.501;81.807;12.715;0.87;0.59;0.648;0.657;0.726
2013-12-05 16:00:00;2013;12;5;16;-1.962;4.851;90.475;12.351;3.88;0.632;0.663;0.658;0.724
2013-12-05 17:00:00;2013;12;5;17;-2.241;6.346;78.146;12.667;0.47;0.652;0.665;0.66;0.72
2013-12-05 18:00:00;2013;12;5;18;-3.198;4.03;86.207;8.147;0.08;0.652;0.666;0.661;0.721
2013-12-05 19:00:00;2013;12;5;19;-3.473;4.086;78.056;8.02;0.16;0.651;0.666;0.661;0.721
2013-12-05 20:00:00;2013;12;5;20;-3.481;3.849;69.545;7.845;0.0;0.651;0.666;0.661;0.723
2013-12-05 21:00:00;2013;12;5;21;-3.949;3.709;68.134;7.894;0.06;0.65;0.667;0.661;0.724
2013-12-05 22:00:00;2013;12;5;22;-3.931;2.961;71.76;8.706;0.48;0.649;0.667;0.661;0.725
2013-12-05 23:00:00;2013;12;5;23;-3.99;1.844;84.459;6.158;0.22;0.647;0.667;0.661;0.725
2013-12-06 00:00:00;2013;12;6;0;-3.901;2.416;79.192;6.033;-0.37;0.649;0.668;0.662;0.724
2013-12-06 01:00:00;2013;12;6;1;-3.453;2.053;81.011;9.165;0.17;0.649;0.668;0.663;0.725
2013-12-06 02:00:00;2013;12;6;2;-3.041;1.091;89.803;6.985;0.818;0.651;0.668;0.662;0.725
2013-12-06 03:00:00;2013;12;6;3;-3.117;1.511;85.377;8.153;0.196;0.656;0.668;0.663;0.725
2013-12-06 04:00:00;2013;12;6;4;-3.733;1.726;82.869;6.238;0.068;0.656;0.669;0.663;0.725
2013-12-06 05:00:00;2013;12;6;5;-3.765;1.816;84.54;6.539;0.009;0.658;0.668;0.664;0.723
2013-12-06 06:00:00;2013;12;6;6;-3.298;1.892;83.271;8.947;0.334;0.658;0.668;0.664;0.723
2013-12-06 07:00:00;2013;12;6;7;2.42;1.586;86.757;7.498;0.091;0.659;0.668;0.664;0.723
2013-12-06 08:00:00;2013;12;6;8;36.586;1.796;86.308;7.174;0.218;0.659;0.669;0.664;0.723
2013-12-06 09:00:00;2013;12;6;9;116.064;2.212;85.797;6.197;0.048;0.66;0.669;0.663;0.723
2013-12-06 10:00:00;2013;12;6;10;137.068;3.053;80.106;6.989;0.019;0.66;0.669;0.663;0.723
2013-12-06 11:00:00;2013;12;6;11;156.139;3.785;72.653;8.792;0.339;0.659;0.669;0.664;0.724
2013-12-06 12:00:00;2013;12;6;12;110.291;3.54;74.351;8.274;0.025;0.657;0.669;0.662;0.726
2013-12-06 13:00:00;2013;12;6;13;69.355;3.815;70.246;7.618;0.002;0.658;0.67;0.663;0.726
2013-12-06 14:00:00;2013;12;6;14;18.272;4.191;62.949;6.539;0.0;0.658;0.67;0.663;0.726
2013-12-06 15:00:00;2013;12;6;15;0.808;4.34;55.249;8.323;0.0;0.657;0.67;0.663;0.726
2013-12-06 16:00:00;2013;12;6;16;-3.407;4.042;55.247;7.135;0.0;0.658;0.669;0.664;0.724
2013-12-06 17:00:00;2013;12;6;17;-3.424;4.153;53.521;7.062;0.0;0.658;0.67;0.664;0.724
2013-12-06 18:00:00;2013;12;6;18;-3.373;4.239;53.424;6.829;0.0;0.656;0.669;0.664;0.725
2013-12-06 19:00:00;2013;12;6;19;-3.664;3.55;60.42;4.557;0.0;0.654;0.669;0.665;0.726
2013-12-06 20:00:00;2013;12;6;20;-3.73;3.079;75.306;4.072;0.0;0.652;0.67;0.664;0.727
2013-12-06 21:00:00;2013;12;6;21;-3.424;3.057;74.65;4.477;0.0;0.653;0.669;0.664;0.726
2013-12-06 22:00:00;2013;12;6;22;-3.387;3.419;75.19;5.503;0.0;0.653;0.669;0.664;0.726
2013-12-06 23:00:00;2013;12;6;23;-3.447;3.347;75.652;3.671;0.0;0.653;0.669;0.665;0.726
2013-12-07 00:00:00;2013;12;7;0;-3.731;3.073;77.62;3.278;0.002;0.652;0.669;0.665;0.726
2013-12-07 01:00:00;2013;12;7;1;-4.362;1.839;75.503;2.992;0.002;0.652;0.669;0.665;0.726
2013-12-07 02:00:00;2013;12;7;2;-3.763;1.724;76.988;3.548;0.001;0.651;0.67;0.664;0.726
2013-12-07 03:00:00;2013;12;7;3;-3.441;2.594;81.122;3.363;0.0;0.651;0.67;0.664;0.727
2013-12-07 04:00:00;2013;12;7;4;-3.203;3.519;79.601;4.099;0.0;0.651;0.67;0.664;0.726
2013-12-07 05:00:00;2013;12;7;5;-3.304;3.959;77.402;4.181;0.0;0.65;0.669;0.664;0.726
2013-12-07 06:00:00;2013;12;7;6;-3.585;3.476;81.45;2.692;0.0;0.649;0.669;0.663;0.727
2013-12-07 07:00:00;2013;12;7;7;-1.843;3.388;87.303;3.233;0.0;0.649;0.668;0.664;0.725
2013-12-07 08:00:00;2013;12;7;8;16.047;3.757;92.8;3.681;0.147;0.649;0.668;0.664;0.725
2013-12-07 09:00:00;2013;12;7;9;41.922;3.993;93.607;3.716;0.103;0.648;0.668;0.664;0.725
2013-12-07 10:00:00;2013;12;7;10;48.758;4.341;93.52;3.931;0.02;0.649;0.668;0.664;0.725
2013-12-07 11:00:00;2013;12;7;11;69.743;5.002;93.995;3.318;0.0;0.649;0.668;0.664;0.725
2013-12-07 12:00:00;2013;12;7;12;61.222;5.996;93.34;3.632;0.0;0.648;0.668;0.664;0.725
2013-12-07 13:00:00;2013;12;7;13;73.12;6.933;90.765;3.922;0.009;0.648;0.668;0.664;0.725
2013-12-07 14:00:00;2013;12;7;14;30.287;7.383;89.618;3.207;0.042;0.648;0.668;0.663;0.726
2013-12-07 15:00:00;2013;12;7;15;-0.42;7.224;90.038;4.138;0.018;0.648;0.668;0.662;0.726
2013-12-07 16:00:00;2013;12;7;16;-3.942;7.01;86.527;4.456;0.001;0.648;0.668;0.663;0.725
2013-12-07 17:00:00;2013;12;7;17;-3.745;6.762;86.487;4.585;0.0;0.648;0.668;0.663;0.725
2013-12-07 18:00:00;2013;12;7;18;-3.765;6.643;88.892;3.431;0.0;0.648;0.668;0.663;0.725
2013-12-07 19:00:00;2013;12;7;19;-3.787;6.599;90.192;3.69;0.001;0.646;0.668;0.663;0.726
2013-12-07 20:00:00;2013;12;7;20;-3.596;6.718;89.94;4.019;0.001;0.646;0.668;0.662;0.726
2013-12-07 21:00:00;2013;12;7;21;-3.716;6.744;89.242;4.224;0.001;0.646;0.667;0.662;0.726
2013-12-07 22:00:00;2013;12;7;22;-3.822;6.708;87.833;3.555;0.0;0.646;0.668;0.662;0.726
2013-12-07 23:00:00;2013;12;7;23;-3.993;6.394;87.197;3.308;0.002;0.645;0.666;0.661;0.724
2013-12-08 00:00:00;2013;12;8;0;-3.819;6.297;89.478;4.405;0.002;0.644;0.666;0.661;0.724
2013-12-08 01:00:00;2013;12;8;1;-4.012;6.22;89.807;4.733;0.001;0.644;0.666;0.661;0.724
2013-12-08 02:00:00;2013;12;8;2;-3.719;6.163;90.348;4.712;0.001;0.644;0.666;0.661;0.724
2013-12-08 03:00:00;2013;12;8;3;-3.921;6.022;91.022;4.049;0.0;0.644;0.666;0.661;0.724
2013-12-08 04:00:00;2013;12;8;4;-3.473;6.311;90.385;4.905;0.0;0.644;0.665;0.661;0.724
2013-12-08 05:00:00;2013;12;8;5;-3.415;6.414;91.222;4.841;0.415;0.643;0.666;0.661;0.725
2013-12-08 06:00:00;2013;12;8;6;-2.963;6.561;92.263;5.459;0.52;0.644;0.667;0.661;0.725
2013-12-08 07:00:00;2013;12;8;7;2.801;6.646;91.805;5.9;0.0;0.644;0.668;0.663;0.723
2013-12-08 08:00:00;2013;12;8;8;19.053;6.759;91.258;5.539;0.0;0.645;0.668;0.664;0.723
2013-12-08 09:00:00;2013;12;8;9;89.693;7.17;91.267;6.14;0.09;0.646;0.668;0.664;0.723
2013-12-08 10:00:00;2013;12;8;10;88.332;7.722;89.535;6.434;0.0;0.646;0.668;0.664;0.724
2013-12-08 11:00:00;2013;12;8;11;79.378;8.364;86.558;6.848;0.0;0.646;0.668;0.664;0.724
2013-12-08 12:00:00;2013;12;8;12;95.843;8.56;84.78;6.804;0.0;0.646;0.668;0.664;0.724
2013-12-08 13:00:00;2013;12;8;13;61.834;8.762;82.05;6.83;0.0;0.646;0.668;0.664;0.724
2013-12-08 14:00:00;2013;12;8;14;22.442;8.782;80.705;7.484;0.0;0.646;0.668;0.664;0.724
2013-12-08 15:00:00;2013;12;8;15;-0.562;8.553;81.172;7.305;0.0;0.645;0.668;0.664;0.724
2013-12-08 16:00:00;2013;12;8;16;-3.017;8.731;82.602;7.984;0.0;0.646;0.668;0.664;0.723
2013-12-08 17:00:00;2013;12;8;17;-3.918;8.677;85.58;7.562;0.02;0.646;0.668;0.664;0.723
2013-12-08 18:00:00;2013;12;8;18;-3.207;8.95;85.702;7.789;0.0;0.645;0.668;0.664;0.724
2013-12-08 19:00:00;2013;12;8;19;-3.245;9.005;85.465;8.408;0.0;0.644;0.667;0.664;0.723
2013-12-08 20:00:00;2013;12;8;20;-3.161;8.916;85.487;8.662;0.0;0.643;0.667;0.664;0.724
2013-12-08 21:00:00;2013;12;8;21;-3.295;8.631;86.008;9.275;0.0;0.644;0.667;0.664;0.724
2013-12-08 22:00:00;2013;12;8;22;-3.364;8.594;85.965;8.96;0.0;0.64;0.668;0.664;0.725
2013-12-08 23:00:00;2013;12;8;23;-3.113;8.651;86.097;8.878;0.0;0.64;0.668;0.664;0.725
2013-12-09 00:00:00;2013;12;9;0;-2.879;8.777;85.265;9.261;0.0;0.639;0.669;0.664;0.726
2013-12-09 01:00:00;2013;12;9;1;-2.896;8.656;85.56;8.69;0.0;0.639;0.669;0.664;0.727
2013-12-09 02:00:00;2013;12;9;2;-2.717;8.598;85.335;9.052;0.0;0.638;0.67;0.664;0.727
2013-12-09 03:00:00;2013;12;9;3;-2.773;8.48;85.948;7.861;0.0;0.638;0.67;0.664;0.727
2013-12-09 04:00:00;2013;12;9;4;-2.819;8.861;86.025;7.467;0.0;0.638;0.67;0.664;0.728
2013-12-09 05:00:00;2013;12;9;5;-2.853;8.777;86.707;7.037;0.0;0.638;0.67;0.664;0.728
2013-12-09 06:00:00;2013;12;9;6;-3.008;9.086;86.112;6.988;0.0;0.637;0.67;0.664;0.727
2013-12-09 07:00:00;2013;12;9;7;-0.43;8.905;87.1;6.206;0.0;0.636;0.669;0.664;0.727
2013-12-09 08:00:00;2013;12;9;8;29.276;8.753;87.49;5.582;0.0;0.637;0.669;0.664;0.728
2013-12-09 09:00:00;2013;12;9;9;66.483;8.989;87.423;4.887;0.0;0.635;0.669;0.664;0.728
2013-12-09 10:00:00;2013;12;9;10;95.379;9.489;86.078;5.888;0.0;0.635;0.669;0.664;0.728
2013-12-09 11:00:00;2013;12;9;11;101.632;9.792;85.122;5.621;0.0;0.635;0.67;0.664;0.729
2013-12-09 12:00:00;2013;12;9;12;116.95;10.091;84.225;5.149;0.0;0.634;0.67;0.664;0.729
2013-12-09 13:00:00;2013;12;9;13;49.072;9.994;84.883;4.941;0.0;0.634;0.67;0.664;0.729
2013-12-09 14:00:00;2013;12;9;14;30.116;9.97;84.775;4.65;0.0;0.633;0.67;0.664;0.729
2013-12-09 15:00:00;2013;12;9;15;0.361;9.583;84.947;4.212;0.0;0.633;0.67;0.664;0.73
2013-12-09 16:00:00;2013;12;9;16;-4.232;8.867;87.925;3.457;0.0;0.633;0.67;0.664;0.73
2013-12-09 17:00:00;2013;12;9;17;-4.532;8.225;89.54;3.869;0.0;0.632;0.67;0.664;0.73
2013-12-09 18:00:00;2013;12;9;18;-4.762;7.326;91.583;3.108;0.0;0.632;0.671;0.664;0.731
2013-12-09 19:00:00;2013;12;9;19;-4.516;7.144;92.425;1.843;0.0;0.632;0.672;0.664;0.731
2013-12-09 20:00:00;2013;12;9;20;-3.297;7.983;93.225;3.956;0.0;0.632;0.671;0.664;0.731
2013-12-09 21:00:00;2013;12;9;21;-3.223;8.128;91.662;3.791;0.0;0.631;0.672;0.664;0.731
2013-12-09 22:00:00;2013;12;9;22;-3.357;8.136;90.085;3.219;0.0;0.63;0.672;0.664;0.732
2013-12-09 23:00:00;2013;12;9;23;-3.495;8.001;89.773;2.678;0.0;0.629;0.672;0.664;0.732
2013-12-10 00:00:00;2013;12;10;0;-3.671;7.526;91.208;2.169;0.0;0.629;0.672;0.664;0.732
2013-12-10 01:00:00;2013;12;10;1;-3.746;6.893;91.028;2.366;0.01;0.629;0.672;0.664;0.732
2013-12-10 02:00:00;2013;12;10;2;-3.635;5.946;89.28;2.953;0.0;0.629;0.672;0.664;0.732
2013-12-10 03:00:00;2013;12;10;3;-4.545;5.106;89.698;2.369;0.0;0.629;0.672;0.664;0.732
2013-12-10 04:00:00;2013;12;10;4;-5.339;3.194;92.168;2.281;0.01;0.628;0.672;0.663;0.732
2013-12-10 05:00:00;2013;12;10;5;-5.512;2.287;92.953;2.288;0.0;0.626;0.672;0.663;0.733
2013-12-10 06:00:00;2013;12;10;6;-5.542;1.558;93.168;2.308;0.0;0.626;0.673;0.664;0.733
2013-12-10 07:00:00;2013;12;10;7;0.425;1.334;94.363;2.021;0.0;0.625;0.674;0.664;0.734
2013-12-10 08:00:00;2013;12;10;8;65.256;1.975;93.507;2.242;0.0;0.624;0.674;0.663;0.734
2013-12-10 09:00:00;2013;12;10;9;150.999;3.992;90.232;2.285;0.0;0.623;0.674;0.663;0.734
2013-12-10 10:00:00;2013;12;10;10;209.299;6.53;86.143;3.155;0.0;0.622;0.674;0.663;0.734
2013-12-10 11:00:00;2013;12;10;11;231.493;7.71;82.995;4.312;0.0;0.622;0.674;0.662;0.733
2013-12-10 12:00:00;2013;12;10;12;206.807;8.343;81.312;3.939;0.0;0.622;0.673;0.662;0.733
2013-12-10 13:00:00;2013;12;10;13;142.836;8.437;81.145;3.457;0.0;0.622;0.672;0.662;0.732
2013-12-10 14:00:00;2013;12;10;14;62.714;7.253;83.875;3.136;0.0;0.622;0.672;0.662;0.732
2013-12-10 15:00:00;2013;12;10;15;1.883;5.209;87.792;3.13;0.0;0.621;0.672;0.662;0.732
2013-12-10 16:00:00;2013;12;10;16;-5.251;3.645;92.238;3.26;0.0;0.621;0.672;0.662;0.732
2013-12-10 17:00:00;2013;12;10;17;-5.453;3.655;93.088;2.934;0.0;0.621;0.672;0.661;0.733
2013-12-10 18:00:00;2013;12;10;18;-5.304;2.41;94.268;2.878;0.0;0.62;0.672;0.661;0.733
2013-12-10 19:00:00;2013;12;10;19;-5.283;1.646;95.37;2.068;0.0;0.619;0.672;0.66;0.733
2013-12-10 20:00:00;2013;12;10;20;-5.054;0.7;95.01;3.264;0.0;0.619;0.673;0.66;0.733
2013-12-10 21:00:00;2013;12;10;21;-4.776;0.14;95.612;3.485;0.0;0.618;0.673;0.66;0.734
2013-12-10 22:00:00;2013;12;10;22;-4.451;0.21;96.035;2.395;0.0;0.617;0.673;0.658;0.735
2013-12-10 23:00:00;2013;12;10;23;-4.907;0.034;95.7;2.521;0.0;0.617;0.674;0.658;0.735
2013-12-11 00:00:00;2013;12;11;0;-4.378;-0.608;95.627;2.62;0.0;0.617;0.673;0.658;0.734
2013-12-11 01:00:00;2013;12;11;1;-3.709;-0.43;96.062;2.639;0.0;0.616;0.672;0.658;0.734
2013-12-11 02:00:00;2013;12;11;2;-4.191;-0.726;95.883;1.626;0.0;0.616;0.672;0.658;0.734
2013-12-11 03:00:00;2013;12;11;3;-3.97;-0.842;95.183;2.261;0.0;0.616;0.671;0.658;0.734
2013-12-11 04:00:00;2013;12;11;4;-3.537;-0.686;95.963;2.72;0.0;0.615;0.671;0.658;0.733
2013-12-11 05:00:00;2013;12;11;5;-3.568;-0.764;95.903;2.596;0.0;0.615;0.671;0.658;0.734
2013-12-11 06:00:00;2013;12;11;6;-3.49;-0.515;95.91;2.915;0.0;0.614;0.671;0.658;0.733
2013-12-11 07:00:00;2013;12;11;7;0.251;-0.539;96.253;3.67;0.0;0.614;0.671;0.658;0.733
2013-12-11 08:00:00;2013;12;11;8;26.063;-0.31;96.238;4.526;0.0;0.614;0.671;0.658;0.733
2013-12-11 09:00:00;2013;12;11;9;68.196;0.036;96.585;4.145;0.08;0.613;0.67;0.658;0.733
2013-12-11 10:00:00;2013;12;11;10;95.431;1.009;96.812;4.105;0.0;0.613;0.666;0.658;0.731
2013-12-11 11:00:00;2013;12;11;11;84.07;1.555;96.667;3.582;0.0;0.613;0.664;0.658;0.73
2013-12-11 12:00:00;2013;12;11;12;78.212;2.032;96.525;3.996;0.0;0.612;0.664;0.658;0.73
2013-12-11 13:00:00;2013;12;11;13;49.76;2.973;96.808;3.88;0.0;0.612;0.665;0.658;0.73
2013-12-11 14:00:00;2013;12;11;14;17.563;3.533;96.728;3.602;0.0;0.612;0.665;0.658;0.73
2013-12-11 15:00:00;2013;12;11;15;-0.68;3.736;96.717;3.633;0.0;0.612;0.666;0.658;0.731
2013-12-11 16:00:00;2013;12;11;16;-3.338;3.761;96.658;3.569;0.0;0.612;0.666;0.658;0.731
2013-12-11 17:00:00;2013;12;11;17;-3.297;3.714;96.727;3.643;0.0;0.613;0.666;0.657;0.731
2013-12-11 18:00:00;2013;12;11;18;-3.418;3.46;96.458;3.645;0.0;0.613;0.666;0.657;0.731
2013-12-11 19:00:00;2013;12;11;19;-3.408;3.331;96.577;3.561;0.0;0.613;0.665;0.657;0.732
2013-12-11 20:00:00;2013;12;11;20;-3.353;3.268;96.6;4.152;0.0;0.612;0.666;0.658;0.731
2013-12-11 21:00:00;2013;12;11;21;-3.266;3.275;96.765;4.085;0.0;0.612;0.666;0.658;0.731
2013-12-11 22:00:00;2013;12;11;22;-3.089;3.838;97.018;4.186;0.0;0.612;0.666;0.658;0.731
2013-12-11 23:00:00;2013;12;11;23;-3.115;4.149;96.873;4.289;0.0;0.611;0.666;0.658;0.731
2013-12-12 00:00:00;2013;12;12;0;-3.151;4.111;96.777;4.163;0.0;0.612;0.666;0.658;0.731
2013-12-12 01:00:00;2013;12;12;1;-3.118;3.987;96.927;4.283;0.01;0.612;0.666;0.657;0.732
2013-12-12 02:00:00;2013;12;12;2;-3.118;3.955;96.773;3.936;0.0;0.612;0.665;0.657;0.731
2013-12-12 03:00:00;2013;12;12;3;-3.128;3.813;96.823;3.728;0.0;0.611;0.665;0.658;0.731
2013-12-12 04:00:00;2013;12;12;4;-3.118;3.577;96.632;3.758;0.0;0.611;0.665;0.657;0.731
2013-12-12 05:00:00;2013;12;12;5;-3.186;3.243;96.133;4.307;0.0;0.61;0.666;0.658;0.731
2013-12-12 06:00:00;2013;12;12;6;-3.252;2.862;95.528;4.571;0.0;0.61;0.666;0.658;0.731
2013-12-12 07:00:00;2013;12;12;7;-0.377;2.517;95.407;4.914;0.0;0.61;0.667;0.658;0.731
2013-12-12 08:00:00;2013;12;12;8;44.295;2.227;95.057;5.437;0.0;0.61;0.667;0.658;0.731
2013-12-12 09:00:00;2013;12;12;9;103.553;2.444;94.46;5.06;0.0;0.609;0.666;0.658;0.731
2013-12-12 10:00:00;2013;12;12;10;204.628;3.352;90.113;4.779;0.0;0.609;0.666;0.659;0.731
2013-12-12 11:00:00;2013;12;12;11;238.266;4.525;82.968;5.183;0.0;0.609;0.666;0.659;0.731
2013-12-12 12:00:00;2013;12;12;12;144.025;3.75;88.603;5.488;0.0;0.609;0.666;0.659;0.731
2013-12-12 13:00:00;2013;12;12;13;118.328;3.723;89.415;5.526;0.0;0.609;0.666;0.658;0.731
2013-12-12 14:00:00;2013;12;12;14;53.581;3.475;88.95;5.031;0.0;0.609;0.666;0.658;0.731
2013-12-12 15:00:00;2013;12;12;15;2.22;2.272;91.247;3.578;0.0;0.608;0.666;0.658;0.731
2013-12-12 16:00:00;2013;12;12;16;-5.264;1.144;92.477;2.973;0.0;0.608;0.666;0.659;0.731
2013-12-12 17:00:00;2013;12;12;17;-5.132;0.339;92.685;3.211;0.0;0.608;0.666;0.659;0.731
2013-12-12 18:00:00;2013;12;12;18;-4.774;0.212;93.137;3.745;0.0;0.607;0.666;0.658;0.731
2013-12-12 19:00:00;2013;12;12;19;-4.704;0.032;92.568;4.142;0.0;0.607;0.664;0.658;0.73
2013-12-12 20:00:00;2013;12;12;20;-4.607;0.124;92.618;4.163;0.0;0.606;0.663;0.658;0.73
2013-12-12 21:00:00;2013;12;12;21;-4.592;0.093;92.31;3.942;0.0;0.606;0.662;0.657;0.731
2013-12-12 22:00:00;2013;12;12;22;-4.826;-0.482;91.95;3.417;0.0;0.605;0.661;0.656;0.731
2013-12-12 23:00:00;2013;12;12;23;-4.574;-0.725;92.515;3.977;0.0;0.605;0.66;0.657;0.729
2013-12-13 00:00:00;2013;12;13;0;-4.817;-0.884;91.92;3.378;0.0;0.605;0.66;0.657;0.728
2013-12-13 01:00:00;2013;12;13;1;-4.041;-0.95;93.095;3.181;0.0;0.605;0.659;0.657;0.728
2013-12-13 02:00:00;2013;12;13;2;-3.234;-0.055;94.93;4.557;0.0;0.605;0.659;0.657;0.728
2013-12-13 03:00:00;2013;12;13;3;-3.161;-0.189;96.05;4.326;0.0;0.605;0.66;0.657;0.727
2013-12-13 04:00:00;2013;12;13;4;-3.105;-0.249;96.297;3.709;0.0;0.604;0.66;0.658;0.728
2013-12-13 05:00:00;2013;12;13;5;-3.035;-0.057;96.42;4.258;0.0;0.603;0.66;0.658;0.728
2013-12-13 06:00:00;2013;12;13;6;-3.18;0.223;96.137;3.727;0.04;0.604;0.659;0.658;0.729
2013-12-13 07:00:00;2013;12;13;7;0.966;0.027;94.745;4.774;0.0;0.604;0.66;0.658;0.729
2013-12-13 08:00:00;2013;12;13;8;50.658;0.124;94.167;3.469;0.0;0.603;0.66;0.658;0.729
2013-12-13 09:00:00;2013;12;13;9;135.97;0.904;92.307;3.241;0.0;0.603;0.66;0.658;0.729
2013-12-13 10:00:00;2013;12;13;10;198.949;2.301;87.778;4.211;0.0;0.603;0.661;0.658;0.729
2013-12-13 11:00:00;2013;12;13;11;217.45;3.895;83.722;4.242;0.0;0.603;0.66;0.658;0.729
2013-12-13 12:00:00;2013;12;13;12;190.234;3.977;82.753;4.291;0.0;0.603;0.66;0.658;0.729
2013-12-13 13:00:00;2013;12;13;13;110.41;4.174;83.447;4.16;0.0;0.603;0.66;0.658;0.729
2013-12-13 14:00:00;2013;12;13;14;51.1;3.561;85.887;3.831;0.0;0.603;0.66;0.658;0.729
2013-12-13 15:00:00;2013;12;13;15;0.953;2.229;89.557;2.644;0.0;0.602;0.66;0.657;0.729
2013-12-13 16:00:00;2013;12;13;16;-4.979;1.223;91.367;2.99;0.0;0.601;0.66;0.657;0.729
2013-12-13 17:00:00;2013;12;13;17;-4.587;0.861;92.125;4.048;0.0;0.601;0.66;0.657;0.729
2013-12-13 18:00:00;2013;12;13;18;-4.795;0.792;91.567;3.184;0.0;0.601;0.66;0.657;0.729
2013-12-13 19:00:00;2013;12;13;19;-4.5;0.672;91.953;3.624;0.0;0.6;0.658;0.657;0.728
2013-12-13 20:00:00;2013;12;13;20;-4.57;0.719;91.987;3.603;0.0;0.6;0.657;0.658;0.728
2013-12-13 21:00:00;2013;12;13;21;-4.564;0.703;92.4;3.769;0.0;0.599;0.656;0.658;0.728
2013-12-13 22:00:00;2013;12;13;22;-4.423;0.473;92.847;4.11;0.0;0.599;0.656;0.658;0.727
2013-12-13 23:00:00;2013;12;13;23;-3.085;1.034;93.013;5.154;0.0;0.599;0.655;0.659;0.726
2013-12-14 00:00:00;2013;12;14;0;-3.086;1.738;93.178;3.693;0.0;0.599;0.656;0.659;0.726
2013-12-14 01:00:00;2013;12;14;1;-3.146;2.279;93.705;3.883;0.0;0.599;0.657;0.659;0.727
2013-12-14 02:00:00;2013;12;14;2;-3.067;2.407;94.3;3.705;0.93;0.598;0.657;0.658;0.728
2013-12-14 03:00:00;2013;12;14;3;-2.621;2.745;94.9;3.112;1.29;0.602;0.657;0.657;0.727
2013-12-14 04:00:00;2013;12;14;4;-2.609;3.595;94.672;2.599;1.01;0.609;0.663;0.655;0.728
2013-12-14 05:00:00;2013;12;14;5;-2.915;4.122;94.647;2.313;0.16;0.615;0.667;0.656;0.729
2013-12-14 06:00:00;2013;12;14;6;-2.621;4.471;94.855;2.601;1.2;0.618;0.669;0.657;0.73
2013-12-14 07:00:00;2013;12;14;7;-1.877;4.808;95.17;2.129;0.01;0.624;0.67;0.659;0.731
2013-12-14 08:00:00;2013;12;14;8;7.864;5.672;94.542;3.14;0.0;0.624;0.671;0.66;0.73
2013-12-14 09:00:00;2013;12;14;9;88.644;6.498;92.925;3.628;0.0;0.623;0.672;0.661;0.73
2013-12-14 10:00:00;2013;12;14;10;75.836;7.357;91.052;3.668;0.0;0.623;0.672;0.662;0.731
2013-12-14 11:00:00;2013;12;14;11;94.954;7.644;88.878;3.18;0.0;0.622;0.672;0.662;0.732
2013-12-14 12:00:00;2013;12;14;12;83.724;7.839;82.153;4.601;0.0;0.622;0.673;0.662;0.732
2013-12-14 13:00:00;2013;12;14;13;81.496;7.863;80.215;4.799;0.0;0.622;0.673;0.661;0.732
2013-12-14 14:00:00;2013;12;14;14;60.556;7.576;81.188;4.31;0.0;0.622;0.673;0.661;0.732
2013-12-14 15:00:00;2013;12;14;15;2.757;5.794;85.557;4.148;0.0;0.621;0.671;0.66;0.731
2013-12-14 16:00:00;2013;12;14;16;-3.919;5.236;89.195;4.084;0.0;0.621;0.671;0.661;0.73
2013-12-14 17:00:00;2013;12;14;17;-3.895;5.758;86.655;4.689;0.0;0.621;0.671;0.66;0.73
2013-12-14 18:00:00;2013;12;14;18;-4.681;4.633;87.238;4.249;0.0;0.621;0.671;0.66;0.73
2013-12-14 19:00:00;2013;12;14;19;-3.87;5.05;85.127;5.669;0.0;0.621;0.67;0.661;0.73
2013-12-14 20:00:00;2013;12;14;20;-3.467;5.335;85.123;6.607;0.0;0.621;0.669;0.66;0.73
2013-12-14 21:00:00;2013;12;14;21;-3.348;6.081;83.243;7.558;0.0;0.621;0.669;0.66;0.73
2013-12-14 22:00:00;2013;12;14;22;-3.239;6.173;82.595;7.927;0.0;0.621;0.669;0.66;0.73
2013-12-14 23:00:00;2013;12;14;23;-3.173;6.749;77.909;7.379;0.0;0.62;0.669;0.661;0.73
2013-12-15 00:00:00;2013;12;15;0;-3.087;7.16;71.812;8.323;0.0;0.62;0.669;0.66;0.73
2013-12-15 01:00:00;2013;12;15;1;-2.984;7.254;67.486;8.709;0.0;0.62;0.669;0.66;0.73
2013-12-15 02:00:00;2013;12;15;2;-3.223;7.293;66.6;8.353;0.0;0.619;0.668;0.66;0.73
2013-12-15 03:00:00;2013;12;15;3;-3.829;7.331;68.76;7.586;0.22;0.619;0.669;0.66;0.73
2013-12-15 04:00:00;2013;12;15;4;-3.86;6.88;76.317;7.586;0.71;0.619;0.669;0.66;0.73
2013-12-15 05:00:00;2013;12;15;5;-3.556;6.442;84.684;7.57;0.2;0.62;0.67;0.66;0.731
2013-12-15 06:00:00;2013;12;15;6;-3.4;6.51;86.213;6.585;0.01;0.62;0.67;0.661;0.73
2013-12-15 07:00:00;2013;12;15;7;-2.373;6.929;84.573;4.851;0.0;0.621;0.67;0.661;0.731
2013-12-15 08:00:00;2013;12;15;8;14.121;7.483;83.52;5.685;0.0;0.621;0.67;0.661;0.731
2013-12-15 09:00:00;2013;12;15;9;32.805;8.064;83.711;4.942;0.0;0.62;0.669;0.661;0.731
2013-12-15 10:00:00;2013;12;15;10;55.786;8.135;84.155;4.742;0.0;0.62;0.669;0.66;0.73
2013-12-15 11:00:00;2013;12;15;11;84.52;8.323;83.533;5.311;0.0;0.619;0.67;0.661;0.73
2013-12-15 12:00:00;2013;12;15;12;79.237;8.709;83.295;5.695;0.0;0.619;0.67;0.661;0.73
2013-12-15 13:00:00;2013;12;15;13;52.922;8.512;83.777;5.632;0.0;0.619;0.67;0.661;0.73
2013-12-15 14:00:00;2013;12;15;14;20.272;8.033;84.962;5.897;0.0;0.619;0.67;0.662;0.73
2013-12-15 15:00:00;2013;12;15;15;-1.026;7.711;86.238;5.703;0.0;0.619;0.67;0.662;0.73
2013-12-15 16:00:00;2013;12;15;16;-3.031;7.568;85.982;5.53;0.0;0.618;0.67;0.662;0.73
2013-12-15 17:00:00;2013;12;15;17;-2.99;7.845;83.88;6.165;0.0;0.618;0.67;0.662;0.73
2013-12-15 18:00:00;2013;12;15;18;-3.385;7.872;81.755;6.586;0.0;0.618;0.67;0.662;0.73
2013-12-15 19:00:00;2013;12;15;19;-3.333;7.954;76.709;6.209;0.0;0.618;0.67;0.662;0.73
2013-12-15 20:00:00;2013;12;15;20;-4.158;6.788;76.408;5.255;0.0;0.619;0.669;0.662;0.731
2013-12-15 21:00:00;2013;12;15;21;-4.015;6.653;72.13;5.831;0.0;0.619;0.669;0.662;0.731
2013-12-15 22:00:00;2013;12;15;22;-3.69;6.687;70.628;6.533;0.0;0.619;0.669;0.662;0.731
2013-12-15 23:00:00;2013;12;15;23;-2.675;7.325;71.163;6.981;0.0;0.618;0.67;0.662;0.731
2013-12-16 00:00:00;2013;12;16;0;-2.695;7.506;72.427;7.321;0.0;0.618;0.67;0.662;0.731
2013-12-16 01:00:00;2013;12;16;1;-2.765;7.737;73.379;6.925;0.0;0.617;0.67;0.662;0.732
2013-12-16 02:00:00;2013;12;16;2;-2.789;7.987;75.653;7.633;0.0;0.617;0.67;0.662;0.732
2013-12-16 03:00:00;2013;12;16;3;-2.826;8.312;76.924;7.791;0.0;0.617;0.67;0.661;0.731
2013-12-16 04:00:00;2013;12;16;4;-2.973;8.165;80.439;6.747;0.0;0.616;0.669;0.661;0.732
2013-12-16 05:00:00;2013;12;16;5;-2.85;8.237;80.176;7.345;0.0;0.616;0.669;0.661;0.731
2013-12-16 06:00:00;2013;12;16;6;-3.237;8.354;80.074;7.615;0.0;0.615;0.67;0.661;0.731
2013-12-16 07:00:00;2013;12;16;7;-1.121;8.301;82.425;6.578;0.0;0.615;0.669;0.661;0.731
2013-12-16 08:00:00;2013;12;16;8;13.549;9.176;78.566;6.446;0.0;0.615;0.669;0.661;0.731
2013-12-16 09:00:00;2013;12;16;9;135.893;10.017;72.897;6.755;0.0;0.615;0.669;0.661;0.731
2013-12-16 10:00:00;2013;12;16;10;124.452;10.324;68.489;7.504;0.0;0.615;0.669;0.66;0.731
2013-12-16 11:00:00;2013;12;16;11;158.853;10.563;66.969;7.436;0.0;0.615;0.668;0.661;0.731
2013-12-16 12:00:00;2013;12;16;12;203.248;11.502;63.56;8.255;0.0;0.615;0.668;0.661;0.731
2013-12-16 13:00:00;2013;12;16;13;115.074;11.395;63.386;7.093;0.0;0.615;0.668;0.661;0.731
2013-12-16 14:00:00;2013;12;16;14;57.949;10.429;67.52;5.954;0.0;0.614;0.668;0.66;0.731
2013-12-16 15:00:00;2013;12;16;15;2.441;9.065;70.554;5.055;0.0;0.614;0.668;0.66;0.731
2013-12-16 16:00:00;2013;12;16;16;-4.229;8.257;68.768;5.402;0.0;0.614;0.668;0.661;0.731
2013-12-16 17:00:00;2013;12;16;17;-2.819;9.653;58.363;5.403;0.0;0.614;0.668;0.661;0.732
2013-12-16 18:00:00;2013;12;16;18;-3.079;10.275;56.975;5.293;0.0;0.614;0.668;0.66;0.732
2013-12-16 19:00:00;2013;12;16;19;-4.019;9.012;64.557;4.768;0.0;0.613;0.668;0.66;0.732
2013-12-16 20:00:00;2013;12;16;20;-3.029;9.376;66.814;5.36;0.0;0.612;0.668;0.659;0.732
2013-12-16 21:00:00;2013;12;16;21;-2.954;9.981;67.063;5.525;0.0;0.613;0.667;0.659;0.732
2013-12-16 22:00:00;2013;12;16;22;-2.974;9.823;67.707;5.613;0.0;0.613;0.667;0.659;0.732
2013-12-16 23:00:00;2013;12;16;23;-2.927;9.859;68.5;6.338;0.0;0.612;0.667;0.659;0.732
2013-12-17 00:00:00;2013;12;17;0;-3.769;9.481;71.335;6.413;0.0;0.612;0.667;0.659;0.731
2013-12-17 01:00:00;2013;12;17;1;-4.246;8.158;73.31;5.233;0.0;0.612;0.667;0.659;0.731
2013-12-17 02:00:00;2013;12;17;2;-4.269;7.244;75.114;4.544;0.01;0.612;0.667;0.659;0.732
2013-12-17 03:00:00;2013;12;17;3;-4.612;6.487;74.56;2.933;0.0;0.612;0.667;0.658;0.731
2013-12-17 04:00:00;2013;12;17;4;-4.681;5.441;77.218;2.679;0.01;0.612;0.666;0.657;0.731
2013-12-17 05:00:00;2013;12;17;5;-2.937;6.354;76.089;3.757;0.0;0.611;0.666;0.657;0.732
2013-12-17 06:00:00;2013;12;17;6;-3.29;6.938;71.14;2.998;0.0;0.61;0.667;0.658;0.731
2013-12-17 07:00:00;2013;12;17;7;-2.975;6.54;79.486;4.063;0.0;0.61;0.667;0.658;0.731
2013-12-17 08:00:00;2013;12;17;8;0.626;5.788;92.368;3.838;0.0;0.609;0.667;0.658;0.731
2013-12-17 09:00:00;2013;12;17;9;9.095;5.727;91.733;2.944;0.0;0.609;0.666;0.658;0.731
2013-12-17 10:00:00;2013;12;17;10;19.283;5.826;89.915;1.922;0.0;0.609;0.666;0.658;0.731
2013-12-17 11:00:00;2013;12;17;11;19.873;5.935;88.022;1.713;0.0;0.609;0.666;0.659;0.731
2013-12-17 12:00:00;2013;12;17;12;20.819;6.001;88.21;1.527;0.0;0.609;0.666;0.659;0.731
2013-12-17 13:00:00;2013;12;17;13;24.421;6.063;87.903;1.461;0.0;0.609;0.666;0.659;0.731
2013-12-17 14:00:00;2013;12;17;14;9.534;6.425;87.735;1.821;0.0;0.609;0.666;0.658;0.731
2013-12-17 15:00:00;2013;12;17;15;-2.615;5.942;88.83;2.275;0.0;0.608;0.666;0.658;0.731
2013-12-17 16:00:00;2013;12;17;16;-3.517;5.873;89.76;2.228;0.0;0.608;0.666;0.658;0.731
2013-12-17 17:00:00;2013;12;17;17;-3.621;5.975;89.497;2.598;0.0;0.608;0.666;0.658;0.731
2013-12-17 18:00:00;2013;12;17;18;-3.733;6.016;90.423;2.092;0.0;0.608;0.665;0.658;0.73
2013-12-17 19:00:00;2013;12;17;19;-4.199;5.862;90.582;2.041;0.0;0.608;0.665;0.658;0.731
2013-12-17 20:00:00;2013;12;17;20;-4.445;5.441;92.105;2.903;0.0;0.608;0.665;0.658;0.731
2013-12-17 21:00:00;2013;12;17;21;-4.281;5.231;92.478;2.962;0.0;0.607;0.665;0.657;0.731
2013-12-17 22:00:00;2013;12;17;22;-4.173;5.047;91.822;3.097;0.0;0.606;0.664;0.658;0.73
2013-12-17 23:00:00;2013;12;17;23;-3.4;5.187;89.583;3.963;0.0;0.606;0.664;0.658;0.73
2013-12-18 00:00:00;2013;12;18;0;-3.105;5.852;84.387;4.333;0.0;0.606;0.664;0.658;0.73
2013-12-18 01:00:00;2013;12;18;1;-3.046;6.206;79.543;4.763;0.0;0.606;0.663;0.657;0.73
2013-12-18 02:00:00;2013;12;18;2;-3.042;6.04;80.62;4.137;0.0;0.606;0.663;0.657;0.73
2013-12-18 03:00:00;2013;12;18;3;-3.182;6.072;80.397;4.443;0.0;0.605;0.663;0.657;0.73
2013-12-18 04:00:00;2013;12;18;4;-2.777;7.039;78.513;4.972;0.0;0.604;0.663;0.657;0.73
2013-12-18 05:00:00;2013;12;18;5;-3.67;7.716;79.957;5.08;0.0;0.604;0.663;0.657;0.73
2013-12-18 06:00:00;2013;12;18;6;-3.47;8.378;79.698;6.031;0.0;0.604;0.663;0.657;0.73
2013-12-18 07:00:00;2013;12;18;7;1.106;7.965;82.208;5.414;0.0;0.604;0.663;0.658;0.73
2013-12-18 08:00:00;2013;12;18;8;37.302;8.127;81.778;6.006;0.0;0.604;0.663;0.658;0.73
2013-12-18 09:00:00;2013;12;18;9;60.3;8.675;79.329;7.057;0.0;0.604;0.663;0.657;0.73
2013-12-18 10:00:00;2013;12;18;10;71.29;8.659;78.143;6.671;0.0;0.604;0.663;0.658;0.73
2013-12-18 11:00:00;2013;12;18;11;81.918;8.551;78.535;5.503;0.0;0.603;0.663;0.658;0.73
2013-12-18 12:00:00;2013;12;18;12;123.424;8.715;77.654;5.674;0.0;0.603;0.662;0.658;0.729
2013-12-18 13:00:00;2013;12;18;13;80.637;8.543;77.163;6.078;0.0;0.603;0.662;0.658;0.729
2013-12-18 14:00:00;2013;12;18;14;44.281;8.142;78.066;5.205;0.0;0.603;0.662;0.658;0.729
2013-12-18 15:00:00;2013;12;18;15;0.435;7.274;79.397;5.393;0.0;0.605;0.663;0.658;0.729
2013-12-18 16:00:00;2013;12;18;16;-4.972;5.661;84.818;4.528;0.0;0.604;0.662;0.658;0.729
2013-12-18 17:00:00;2013;12;18;17;-4.524;5.691;84.833;5.077;0.0;0.604;0.662;0.658;0.729
2013-12-18 18:00:00;2013;12;18;18;-4.04;6.188;83.495;6.171;0.0;0.604;0.662;0.658;0.729
2013-12-18 19:00:00;2013;12;18;19;-4.142;6.292;85.077;6.186;0.0;0.604;0.661;0.657;0.729
2013-12-18 20:00:00;2013;12;18;20;-4.149;6.657;85.928;5.803;0.0;0.604;0.661;0.658;0.729
2013-12-18 21:00:00;2013;12;18;21;-3.986;7.032;85.963;6.602;0.0;0.604;0.661;0.658;0.729
2013-12-18 22:00:00;2013;12;18;22;-4.158;7.111;84.52;6.456;0.0;0.604;0.661;0.657;0.729
2013-12-18 23:00:00;2013;12;18;23;-3.415;7.395;82.807;6.614;0.0;0.604;0.661;0.657;0.729
2013-12-19 00:00:00;2013;12;19;0;-3.398;7.981;81.272;7.568;0.12;0.604;0.661;0.657;0.729
2013-12-19 01:00:00;2013;12;19;1;-3.059;8.032;85.822;7.849;1.527;0.605;0.661;0.657;0.728
2013-12-19 02:00:00;2013;12;19;2;-2.917;9.004;84.642;8.888;0.613;0.607;0.661;0.657;0.726
2013-12-19 03:00:00;2013;12;19;3;-2.862;8.714;89.213;8.175;1.271;0.611;0.664;0.658;0.728
2013-12-19 04:00:00;2013;12;19;4;-2.417;8.752;90.998;7.912;1.19;0.625;0.671;0.661;0.73
2013-12-19 05:00:00;2013;12;19;5;-2.528;8.785;92.09;7.325;0.4;0.63;0.674;0.665;0.734
2013-12-19 06:00:00;2013;12;19;6;-2.762;9.003;90.533;6.303;0.27;0.632;0.673;0.666;0.734
2013-12-19 07:00:00;2013;12;19;7;-1.777;8.65;89.902;5.629;1.3;0.642;0.672;0.666;0.73
2013-12-19 08:00:00;2013;12;19;8;8.444;8.949;89.163;6.705;0.3;0.656;0.671;0.665;0.725
2013-12-19 09:00:00;2013;12;19;9;47.396;8.023;84.923;5.662;0.04;0.657;0.672;0.665;0.725
2013-12-19 10:00:00;2013;12;19;10;61.331;8.187;86.067;5.141;0.06;0.658;0.673;0.665;0.726
2013-12-19 11:00:00;2013;12;19;11;71.165;8.39;85.357;5.718;0.0;0.657;0.673;0.665;0.727
2013-12-19 12:00:00;2013;12;19;12;141.685;8.495;83.158;5.602;0.0;0.656;0.674;0.665;0.728
2013-12-19 13:00:00;2013;12;19;13;139.883;8.604;78.059;5.582;0.0;0.655;0.674;0.665;0.727
2013-12-19 14:00:00;2013;12;19;14;58.902;7.757;78.304;3.711;0.0;0.654;0.674;0.665;0.727
2013-12-19 15:00:00;2013;12;19;15;1.329;6.111;83.725;3.014;0.01;0.652;0.674;0.665;0.727
2013-12-19 16:00:00;2013;12;19;16;-5.767;4.569;86.495;2.546;0.0;0.65;0.674;0.665;0.727
2013-12-19 17:00:00;2013;12;19;17;-5.554;3.874;89.0;2.757;0.01;0.65;0.674;0.665;0.728
2013-12-19 18:00:00;2013;12;19;18;-5.289;2.458;92.728;3.541;0.0;0.649;0.675;0.665;0.728
2013-12-19 19:00:00;2013;12;19;19;-4.895;2.455;92.917;3.492;0.0;0.649;0.675;0.665;0.728
2013-12-19 20:00:00;2013;12;19;20;-5.378;2.378;92.165;3.097;0.0;0.647;0.675;0.665;0.728
2013-12-19 21:00:00;2013;12;19;21;-4.982;1.7;94.33;3.361;0.01;0.646;0.675;0.665;0.728
2013-12-19 22:00:00;2013;12;19;22;-4.935;1.851;94.385;3.116;0.0;0.645;0.673;0.665;0.725
2013-12-19 23:00:00;2013;12;19;23;-5.124;1.201;95.03;2.907;0.0;0.645;0.673;0.665;0.724
2013-12-20 00:00:00;2013;12;20;0;-4.351;1.4;95.48;3.865;0.0;0.645;0.673;0.665;0.725
2013-12-20 01:00:00;2013;12;20;1;-4.034;2.889;94.258;5.067;0.05;0.644;0.672;0.665;0.725
2013-12-20 02:00:00;2013;12;20;2;-4.257;3.474;92.535;5.134;0.01;0.644;0.672;0.665;0.726
2013-12-20 03:00:00;2013;12;20;3;-3.817;3.579;92.975;6.0;0.0;0.642;0.672;0.665;0.726
2013-12-20 04:00:00;2013;12;20;4;-4.12;3.947;92.798;4.834;0.0;0.641;0.671;0.666;0.724
2013-12-20 05:00:00;2013;12;20;5;-3.703;4.243;91.977;4.36;0.0;0.641;0.67;0.667;0.724
2013-12-20 06:00:00;2013;12;20;6;-4.435;4.536;90.083;4.027;0.0;0.641;0.669;0.667;0.724
2013-12-20 07:00:00;2013;12;20;7;-3.009;3.766;90.91;3.761;0.0;0.638;0.67;0.667;0.725
2013-12-20 08:00:00;2013;12;20;8;44.749;4.263;90.872;5.22;0.0;0.638;0.67;0.667;0.725
2013-12-20 09:00:00;2013;12;20;9;134.681;5.396;86.333;5.842;0.0;0.637;0.67;0.667;0.725
2013-12-20 10:00:00;2013;12;20;10;195.833;6.147;83.105;6.222;0.0;0.637;0.67;0.667;0.725
2013-12-20 11:00:00;2013;12;20;11;203.506;7.051;78.312;6.842;0.0;0.637;0.67;0.667;0.726
2013-12-20 12:00:00;2013;12;20;12;196.922;7.491;75.75;7.634;0.0;0.637;0.67;0.666;0.726
2013-12-20 13:00:00;2013;12;20;13;103.575;7.282;75.629;7.787;0.0;0.636;0.67;0.666;0.726
2013-12-20 14:00:00;2013;12;20;14;63.683;6.995;75.655;6.847;0.0;0.636;0.671;0.666;0.727
2013-12-20 15:00:00;2013;12;20;15;2.47;6.188;77.833;5.55;0.0;0.635;0.67;0.666;0.727
2013-12-20 16:00:00;2013;12;20;16;-4.706;5.622;78.664;5.569;0.0;0.634;0.669;0.665;0.727
2013-12-20 17:00:00;2013;12;20;17;-4.518;5.273;81.396;6.485;0.0;0.635;0.67;0.664;0.727
2013-12-20 18:00:00;2013;12;20;18;-4.347;5.5;81.958;6.95;0.0;0.635;0.67;0.663;0.727
2013-12-20 19:00:00;2013;12;20;19;-4.225;5.384;82.623;7.053;0.0;0.633;0.669;0.664;0.727
2013-12-20 20:00:00;2013;12;20;20;-4.113;5.535;82.882;7.701;0.0;0.633;0.67;0.663;0.727
2013-12-20 21:00:00;2013;12;20;21;-4.23;5.075;83.41;7.185;0.0;0.632;0.669;0.663;0.727
2013-12-20 22:00:00;2013;12;20;22;-3.615;5.259;81.87;7.706;0.0;0.631;0.669;0.663;0.727
2013-12-20 23:00:00;2013;12;20;23;-3.191;5.509;79.73;8.492;0.0;0.631;0.67;0.663;0.728
2013-12-21 00:00:00;2013;12;21;0;-3.178;5.605;77.913;8.803;0.0;0.632;0.67;0.663;0.728
2013-12-21 01:00:00;2013;12;21;1;-3.116;5.689;77.517;8.703;0.0;0.632;0.669;0.663;0.728
2013-12-21 02:00:00;2013;12;21;2;-2.993;5.798;77.825;8.909;0.0;0.631;0.67;0.663;0.728
2013-12-21 03:00:00;2013;12;21;3;-2.991;6.192;76.886;9.005;0.0;0.631;0.67;0.663;0.728
2013-12-21 04:00:00;2013;12;21;4;-2.975;6.367;76.271;9.726;0.0;0.631;0.67;0.663;0.728
2013-12-21 05:00:00;2013;12;21;5;-2.99;6.677;73.41;8.855;0.0;0.631;0.67;0.662;0.729
2013-12-21 06:00:00;2013;12;21;6;-2.761;6.905;71.578;8.633;0.0;0.63;0.67;0.663;0.729
2013-12-21 07:00:00;2013;12;21;7;-2.2;6.944;73.094;8.845;0.0;0.63;0.67;0.663;0.729
2013-12-21 08:00:00;2013;12;21;8;6.706;7.071;73.981;8.657;0.0;0.629;0.67;0.663;0.729
2013-12-21 09:00:00;2013;12;21;9;25.053;7.227;74.009;9.016;0.0;0.629;0.67;0.663;0.729
2013-12-21 10:00:00;2013;12;21;10;54.781;7.355;75.314;9.286;0.0;0.628;0.67;0.663;0.73
2013-12-21 11:00:00;2013;12;21;11;65.781;7.557;74.627;8.939;0.0;0.628;0.67;0.662;0.73
2013-12-21 12:00:00;2013;12;21;12;53.855;7.217;79.135;10.284;0.0;0.628;0.67;0.663;0.73
2013-12-21 13:00:00;2013;12;21;13;40.162;7.44;75.84;9.365;0.0;0.628;0.67;0.663;0.73
2013-12-21 14:00:00;2013;12;21;14;10.032;7.602;73.593;9.304;0.06;0.629;0.67;0.663;0.73
2013-12-21 15:00:00;2013;12;21;15;-1.306;6.956;81.813;8.928;0.13;0.628;0.67;0.663;0.73
2013-12-21 16:00:00;2013;12;21;16;-3.392;6.9;83.159;9.251;0.02;0.628;0.67;0.663;0.73
2013-12-21 17:00:00;2013;12;21;17;-3.583;6.813;81.12;9.229;0.06;0.628;0.67;0.663;0.73
2013-12-21 18:00:00;2013;12;21;18;-2.989;6.192;87.273;8.933;1.61;0.628;0.671;0.663;0.73
2013-12-21 19:00:00;2013;12;21;19;-2.749;6.307;85.342;8.961;0.3;0.631;0.674;0.663;0.732
2013-12-21 20:00:00;2013;12;21;20;-2.992;6.526;81.91;10.064;0.02;0.632;0.674;0.664;0.733
2013-12-21 21:00:00;2013;12;21;21;-3.197;6.114;83.5;10.168;0.36;0.632;0.673;0.664;0.733
2013-12-21 22:00:00;2013;12;21;22;-3.032;6.08;84.957;9.691;0.0;0.633;0.673;0.665;0.733
2013-12-21 23:00:00;2013;12;21;23;-2.82;6.339;83.592;9.166;0.0;0.635;0.675;0.665;0.733
2013-12-22 00:00:00;2013;12;22;0;-2.753;6.718;82.902;9.179;0.0;0.635;0.675;0.665;0.733
2013-12-22 01:00:00;2013;12;22;1;-3.23;6.725;84.77;9.438;0.27;0.633;0.673;0.666;0.733
2013-12-22 02:00:00;2013;12;22;2;-3.224;6.409;89.867;9.06;0.1;0.633;0.673;0.666;0.733
2013-12-22 03:00:00;2013;12;22;3;-3.21;6.625;89.708;8.06;0.0;0.633;0.673;0.666;0.733
2013-12-22 04:00:00;2013;12;22;4;-2.903;7.032;86.083;7.904;0.0;0.633;0.673;0.666;0.733
2013-12-22 05:00:00;2013;12;22;5;-2.986;7.092;86.502;8.173;0.0;0.633;0.672;0.665;0.732
2013-12-22 06:00:00;2013;12;22;6;-2.94;7.31;86.808;7.944;0.0;0.633;0.671;0.665;0.73
2013-12-22 07:00:00;2013;12;22;7;-2.188;7.548;86.0;7.997;0.0;0.633;0.671;0.665;0.73
2013-12-22 08:00:00;2013;12;22;8;7.634;8.013;84.323;8.294;0.0;0.633;0.671;0.665;0.73
2013-12-22 09:00:00;2013;12;22;9;17.728;8.383;83.821;7.864;0.0;0.633;0.671;0.664;0.73
2013-12-22 10:00:00;2013;12;22;10;36.863;8.603;85.415;8.119;0.0;0.634;0.671;0.664;0.73
2013-12-22 11:00:00;2013;12;22;11;90.173;9.256;83.026;8.441;0.0;0.633;0.67;0.665;0.729
2013-12-22 12:00:00;2013;12;22;12;117.054;9.909;76.76;8.767;0.0;0.633;0.67;0.665;0.729
2013-12-22 13:00:00;2013;12;22;13;29.966;10.065;75.483;8.746;0.02;0.633;0.67;0.665;0.729
2013-12-22 14:00:00;2013;12;22;14;12.373;9.175;83.046;8.474;1.093;0.635;0.673;0.665;0.731
2013-12-22 15:00:00;2013;12;22;15;0.307;8.45;78.142;8.57;0.071;0.637;0.674;0.666;0.732
2013-12-22 16:00:00;2013;12;22;16;-3.404;8.49;76.04;7.116;0.003;0.637;0.673;0.667;0.732
2013-12-22 17:00:00;2013;12;22;17;-3.575;8.402;80.538;6.305;0.0;0.637;0.673;0.667;0.732
2013-12-22 18:00:00;2013;12;22;18;-3.818;7.951;77.573;5.805;0.0;0.638;0.674;0.667;0.732
2013-12-22 19:00:00;2013;12;22;19;-4.258;7.373;81.718;5.02;0.004;0.638;0.673;0.667;0.732
2013-12-22 20:00:00;2013;12;22;20;-4.125;7.142;82.17;6.015;0.002;0.637;0.672;0.667;0.73
2013-12-22 21:00:00;2013;12;22;21;-4.302;7.204;79.477;6.331;0.002;0.636;0.671;0.667;0.73
2013-12-22 22:00:00;2013;12;22;22;-4.658;6.601;82.242;5.626;0.001;0.637;0.672;0.667;0.73
2013-12-22 23:00:00;2013;12;22;23;-4.386;6.503;81.72;6.691;0.003;0.637;0.672;0.666;0.73
2013-12-23 00:00:00;2013;12;23;0;-4.359;6.282;83.073;6.071;0.002;0.636;0.671;0.667;0.73
2013-12-23 01:00:00;2013;12;23;1;-4.562;5.907;82.577;5.709;0.0;0.636;0.671;0.667;0.729
2013-12-23 02:00:00;2013;12;23;2;-4.426;5.647;83.478;5.468;0.0;0.636;0.671;0.666;0.729
2013-12-23 03:00:00;2013;12;23;3;-4.165;5.807;83.556;5.506;0.0;0.635;0.67;0.666;0.729
2013-12-23 04:00:00;2013;12;23;4;-4.016;5.64;83.348;6.029;0.0;0.634;0.67;0.666;0.729
2013-12-23 05:00:00;2013;12;23;5;-4.724;5.397;85.192;5.222;0.0;0.634;0.67;0.665;0.729
2013-12-23 06:00:00;2013;12;23;6;-4.678;4.517;88.633;5.255;0.001;0.634;0.67;0.665;0.729
2013-12-23 07:00:00;2013;12;23;7;-2.06;4.841;87.53;6.485;0.0;0.634;0.67;0.665;0.729
2013-12-23 08:00:00;2013;12;23;8;36.711;5.173;86.953;6.777;0.0;0.634;0.67;0.665;0.729
2013-12-23 09:00:00;2013;12;23;9;93.069;5.822;85.542;6.986;0.0;0.634;0.67;0.665;0.729
2013-12-23 10:00:00;2013;12;23;10;166.188;6.854;81.791;7.154;0.0;0.634;0.669;0.664;0.728
2013-12-23 11:00:00;2013;12;23;11;141.607;7.757;77.888;7.626;0.0;0.634;0.669;0.664;0.728
2013-12-23 12:00:00;2013;12;23;12;108.122;8.253;77.479;8.966;0.0;0.634;0.669;0.664;0.728
2013-12-23 13:00:00;2013;12;23;13;34.524;8.721;76.804;8.802;0.0;0.634;0.669;0.664;0.728
2013-12-23 14:00:00;2013;12;23;14;20.471;8.87;77.21;8.877;0.0;0.634;0.669;0.664;0.728
2013-12-23 15:00:00;2013;12;23;15;-1.2;9.329;76.288;9.814;0.0;0.634;0.669;0.664;0.728
2013-12-23 16:00:00;2013;12;23;16;-2.861;9.795;74.239;10.799;0.0;0.635;0.669;0.665;0.728
2013-12-23 17:00:00;2013;12;23;17;-4.057;9.881;76.124;10.892;0.009;0.635;0.669;0.665;0.728
2013-12-23 18:00:00;2013;12;23;18;-4.009;10.117;77.075;11.35;0.19;0.636;0.669;0.664;0.728
2013-12-23 19:00:00;2013;12;23;19;-3.844;10.29;77.11;11.564;0.282;0.637;0.67;0.664;0.728
2013-12-23 20:00:00;2013;12;23;20;-3.79;10.603;74.602;11.508;0.032;0.636;0.669;0.665;0.728
2013-12-23 21:00:00;2013;12;23;21;-3.951;10.899;71.472;12.073;0.094;0.636;0.669;0.665;0.728
2013-12-23 22:00:00;2013;12;23;22;-3.051;11.559;65.821;12.75;0.0;0.636;0.67;0.665;0.728
2013-12-23 23:00:00;2013;12;23;23;-2.868;11.72;64.239;13.582;0.0;0.637;0.67;0.665;0.728
2013-12-24 00:00:00;2013;12;24;0;-2.754;11.552;64.399;13.952;0.001;0.636;0.67;0.665;0.728
2013-12-24 01:00:00;2013;12;24;1;-3.566;11.358;64.2;14.599;0.0;0.635;0.669;0.665;0.728
2013-12-24 02:00:00;2013;12;24;2;-4.251;11.217;63.619;13.946;0.0;0.635;0.67;0.665;0.728
2013-12-24 03:00:00;2013;12;24;3;-3.634;11.488;61.862;14.486;0.0;0.634;0.67;0.665;0.728
2013-12-24 04:00:00;2013;12;24;4;-2.7;11.862;59.936;15.661;0.0;0.635;0.67;0.665;0.729
2013-12-24 05:00:00;2013;12;24;5;-2.781;11.58;61.966;15.463;0.0;0.633;0.669;0.665;0.728
2013-12-24 06:00:00;2013;12;24;6;-3.161;11.025;66.862;15.332;0.29;0.633;0.669;0.665;0.728
2013-12-24 07:00:00;2013;12;24;7;-2.565;10.457;72.349;14.875;0.025;0.633;0.67;0.665;0.728
2013-12-24 08:00:00;2013;12;24;8;2.223;11.117;68.718;14.424;0.0;0.633;0.669;0.665;0.728
2013-12-24 09:00:00;2013;12;24;9;8.883;10.843;73.811;13.915;0.0;0.633;0.67;0.665;0.728
2013-12-24 10:00:00;2013;12;24;10;16.775;10.655;77.126;13.153;0.021;0.632;0.67;0.665;0.729
2013-12-24 11:00:00;2013;12;24;11;26.336;10.485;80.641;13.292;0.161;0.631;0.67;0.665;0.729
2013-12-24 12:00:00;2013;12;24;12;22.47;10.694;80.338;13.018;0.031;0.632;0.67;0.665;0.729
2013-12-24 13:00:00;2013;12;24;13;16.257;11.006;79.216;12.388;0.088;0.632;0.67;0.665;0.729
2013-12-24 14:00:00;2013;12;24;14;6.543;10.567;84.495;12.295;0.314;0.632;0.67;0.665;0.729
2013-12-24 15:00:00;2013;12;24;15;-2.175;10.657;84.768;11.475;0.265;0.633;0.67;0.665;0.729
2013-12-24 16:00:00;2013;12;24;16;-3.199;9.965;84.488;9.016;1.25;0.634;0.671;0.665;0.731
2013-12-24 17:00:00;2013;12;24;17;-3.128;8.708;88.452;5.05;0.94;0.639;0.674;0.665;0.733
2013-12-24 18:00:00;2013;12;24;18;-3.201;8.313;87.498;4.926;0.68;0.643;0.676;0.664;0.731
2013-12-24 19:00:00;2013;12;24;19;-2.542;8.023;86.98;6.45;2.43;0.661;0.677;0.666;0.73
2013-12-24 20:00:00;2013;12;24;20;-2.622;7.49;87.505;6.152;0.15;0.67;0.678;0.668;0.734
2013-12-24 21:00:00;2013;12;24;21;-2.718;7.216;86.868;5.475;0.0;0.671;0.678;0.668;0.734
2013-12-24 22:00:00;2013;12;24;22;-3.342;7.047;87.828;5.15;0.0;0.671;0.678;0.669;0.735
2013-12-24 23:00:00;2013;12;24;23;-3.527;7.066;90.048;5.108;0.54;0.672;0.678;0.669;0.735
2013-12-25 00:00:00;2013;12;25;0;-2.926;7.089;93.257;4.3;2.238;0.673;0.678;0.669;0.736
2013-12-25 01:00:00;2013;12;25;1;-2.493;7.366;93.65;4.649;2.083;0.676;0.68;0.67;0.737
2013-12-25 02:00:00;2013;12;25;2;-2.392;7.494;93.805;5.28;1.37;0.683;0.683;0.67;0.739
2013-12-25 03:00:00;2013;12;25;3;-2.871;7.488;92.26;4.882;0.01;0.683;0.682;0.671;0.738
2013-12-25 04:00:00;2013;12;25;4;-2.587;8.344;88.353;7.005;0.01;0.683;0.68;0.67;0.738
2013-12-25 05:00:00;2013;12;25;5;-3.043;8.357;82.41;7.162;0.0;0.683;0.679;0.671;0.738
2013-12-25 06:00:00;2013;12;25;6;-3.678;7.822;78.19;5.997;0.0;0.684;0.68;0.671;0.739
2013-12-25 07:00:00;2013;12;25;7;-1.853;7.178;77.773;5.442;0.0;0.684;0.68;0.671;0.739
2013-12-25 08:00:00;2013;12;25;8;20.636;6.569;83.093;4.931;0.0;0.684;0.68;0.671;0.739
2013-12-25 09:00:00;2013;12;25;9;149.896;7.465;78.468;5.433;0.0;0.683;0.683;0.671;0.739
2013-12-25 10:00:00;2013;12;25;10;142.083;7.608;77.105;5.827;0.0;0.683;0.685;0.671;0.739
2013-12-25 11:00:00;2013;12;25;11;134.63;7.434;77.276;5.334;0.0;0.684;0.685;0.671;0.739
2013-12-25 12:00:00;2013;12;25;12;118.115;7.473;76.822;6.144;0.0;0.684;0.685;0.671;0.739
2013-12-25 13:00:00;2013;12;25;13;98.531;7.457;76.007;6.066;0.0;0.684;0.683;0.671;0.739
2013-12-25 14:00:00;2013;12;25;14;38.572;6.884;78.409;5.277;0.0;0.684;0.68;0.671;0.739
2013-12-25 15:00:00;2013;12;25;15;1.454;6.06;81.167;4.587;0.0;0.685;0.679;0.671;0.739
2013-12-25 16:00:00;2013;12;25;16;-5.426;4.073;86.837;3.594;0.0;0.685;0.679;0.671;0.739
2013-12-25 17:00:00;2013;12;25;17;-5.323;2.592;90.835;3.393;0.01;0.685;0.68;0.671;0.739
2013-12-25 18:00:00;2013;12;25;18;-4.87;3.048;91.468;3.648;0.0;0.685;0.681;0.671;0.739
2013-12-25 19:00:00;2013;12;25;19;-5.098;2.92;91.623;3.361;0.0;0.685;0.68;0.671;0.74
2013-12-25 20:00:00;2013;12;25;20;-5.088;2.508;91.933;3.279;0.0;0.685;0.679;0.671;0.739
2013-12-25 21:00:00;2013;12;25;21;-4.83;2.434;91.565;3.376;0.0;0.684;0.68;0.67;0.739
2013-12-25 22:00:00;2013;12;25;22;-4.867;2.403;91.752;3.583;0.01;0.684;0.68;0.67;0.738
2013-12-25 23:00:00;2013;12;25;23;-4.706;3.057;90.033;3.642;0.0;0.684;0.679;0.67;0.738
2013-12-26 00:00:00;2013;12;26;0;-4.531;3.916;87.685;3.295;0.0;0.684;0.679;0.67;0.738
2013-12-26 01:00:00;2013;12;26;1;-5.446;3.016;89.188;1.585;0.0;0.684;0.678;0.669;0.738
2013-12-26 02:00:00;2013;12;26;2;-3.927;3.63;89.997;2.065;0.0;0.684;0.677;0.67;0.739
2013-12-26 03:00:00;2013;12;26;3;-3.831;4.565;88.817;2.572;0.0;0.684;0.677;0.67;0.738
2013-12-26 04:00:00;2013;12;26;4;-3.899;4.553;89.993;2.217;0.0;0.683;0.677;0.669;0.739
2013-12-26 05:00:00;2013;12;26;5;-3.918;4.966;88.803;2.847;0.0;0.683;0.678;0.67;0.739
2013-12-26 06:00:00;2013;12;26;6;-4.626;4.268;90.952;2.541;0.0;0.684;0.679;0.671;0.739
2013-12-26 07:00:00;2013;12;26;7;-2.888;3.578;91.297;2.539;0.0;0.683;0.678;0.671;0.739
2013-12-26 08:00:00;2013;12;26;8;19.268;3.61;93.453;2.113;0.0;0.683;0.678;0.671;0.74
2013-12-26 09:00:00;2013;12;26;9;54.67;4.945;91.77;1.983;0.0;0.683;0.679;0.671;0.74
2013-12-26 10:00:00;2013;12;26;10;92.031;6.017;88.523;2.19;0.0;0.683;0.679;0.671;0.74
2013-12-26 11:00:00;2013;12;26;11;112.106;6.617;86.733;2.252;0.0;0.683;0.68;0.671;0.74
2013-12-26 12:00:00;2013;12;26;12;73.039;6.863;86.27;2.958;0.0;0.684;0.679;0.671;0.74
2013-12-26 13:00:00;2013;12;26;13;70.483;6.972;86.333;3.317;0.0;0.684;0.678;0.67;0.739
2013-12-26 14:00:00;2013;12;26;14;34.46;6.575;85.328;3.491;0.0;0.684;0.677;0.67;0.738
2013-12-26 15:00:00;2013;12;26;15;6.103;6.342;86.922;3.226;0.0;0.684;0.676;0.67;0.738
2013-12-26 16:00:00;2013;12;26;16;-4.776;5.833;88.11;2.772;0.0;0.683;0.677;0.67;0.738
2013-12-26 17:00:00;2013;12;26;17;-4.512;5.553;88.355;3.412;0.0;0.683;0.677;0.67;0.738
2013-12-26 18:00:00;2013;12;26;18;-5.061;4.94;86.38;3.923;0.0;0.683;0.678;0.669;0.737
2013-12-26 19:00:00;2013;12;26;19;-4.524;4.394;81.255;4.464;0.0;0.682;0.682;0.669;0.736
2013-12-26 20:00:00;2013;12;26;20;-3.516;5.308;77.713;4.838;0.0;0.682;0.682;0.669;0.736
2013-12-26 21:00:00;2013;12;26;21;-5.178;3.703;82.854;3.624;0.0;0.682;0.68;0.668;0.735
2013-12-26 22:00:00;2013;12;26;22;-4.946;2.862;86.145;4.416;0.0;0.682;0.682;0.668;0.735
2013-12-26 23:00:00;2013;12;26;23;-4.909;2.362;89.303;4.809;0.0;0.681;0.685;0.668;0.735
2013-12-27 00:00:00;2013;12;27;0;-4.545;2.154;93.485;5.275;0.0;0.681;0.684;0.669;0.735
2013-12-27 01:00:00;2013;12;27;1;-4.406;2.251;93.245;5.361;0.0;0.68;0.683;0.669;0.735
2013-12-27 02:00:00;2013;12;27;2;-3.881;3.312;90.765;6.673;0.0;0.676;0.68;0.669;0.734
2013-12-27 03:00:00;2013;12;27;3;-3.467;4.231;86.948;8.22;0.0;0.678;0.682;0.668;0.734
2013-12-27 04:00:00;2013;12;27;4;-2.713;5.266;81.633;9.748;0.0;0.677;0.681;0.668;0.733
2013-12-27 05:00:00;2013;12;27;5;-2.677;6.089;76.788;10.955;0.0;0.678;0.682;0.668;0.733
2013-12-27 06:00:00;2013;12;27;6;-2.716;6.655;73.394;11.682;0.0;0.676;0.68;0.668;0.733
2013-12-27 07:00:00;2013;12;27;7;-1.75;7.171;70.436;12.029;0.0;0.675;0.68;0.668;0.733
2013-12-27 08:00:00;2013;12;27;8;3.433;7.667;71.866;11.567;0.07;0.673;0.678;0.668;0.732
2013-12-27 09:00:00;2013;12;27;9;15.177;7.873;77.117;11.859;0.0;0.673;0.678;0.668;0.733
2013-12-27 10:00:00;2013;12;27;10;16.001;8.236;79.268;12.131;0.02;0.673;0.678;0.668;0.733
2013-12-27 11:00:00;2013;12;27;11;39.043;7.899;86.723;11.205;0.12;0.673;0.678;0.668;0.733
2013-12-27 12:00:00;2013;12;27;12;32.42;7.797;89.547;10.224;0.2;0.672;0.678;0.668;0.732
2013-12-27 13:00:00;2013;12;27;13;20.527;8.178;89.772;9.674;0.09;0.672;0.678;0.668;0.733
2013-12-27 14:00:00;2013;12;27;14;3.389;8.458;90.533;8.854;0.33;0.673;0.679;0.667;0.733
2013-12-27 15:00:00;2013;12;27;15;-1.199;8.353;93.342;7.863;0.87;0.681;0.68;0.668;0.734
2013-12-27 16:00:00;2013;12;27;16;-2.376;8.438;94.257;6.403;1.53;0.685;0.677;0.67;0.738
2013-12-27 17:00:00;2013;12;27;17;-2.065;8.794;94.077;6.415;2.45;0.686;0.677;0.67;0.739
2013-12-27 18:00:00;2013;12;27;18;-2.007;8.845;92.752;6.031;1.466;0.685;0.679;0.671;0.738
2013-12-27 19:00:00;2013;12;27;19;-2.353;8.672;90.267;5.684;0.008;0.679;0.678;0.671;0.737
2013-12-27 20:00:00;2013;12;27;20;-2.747;8.467;87.538;4.725;0.075;0.678;0.679;0.67;0.737
2013-12-27 21:00:00;2013;12;27;21;-3.015;8.704;88.987;4.417;0.116;0.679;0.679;0.671;0.737
2013-12-27 22:00:00;2013;12;27;22;-3.084;8.521;88.512;4.881;0.015;0.679;0.68;0.671;0.737
2013-12-27 23:00:00;2013;12;27;23;-3.192;8.356;88.072;4.123;0.028;0.68;0.681;0.671;0.737
2013-12-28 00:00:00;2013;12;28;0;-3.369;8.044;90.435;3.455;0.692;0.679;0.68;0.671;0.737
2013-12-28 01:00:00;2013;12;28;1;-2.62;7.628;92.878;4.05;2.663;0.679;0.678;0.671;0.737
2013-12-28 02:00:00;2013;12;28;2;-2.358;7.259;93.262;3.957;1.93;0.678;0.677;0.671;0.737
2013-12-28 03:00:00;2013;12;28;3;-2.424;6.973;93.745;3.765;0.99;0.678;0.678;0.671;0.737
2013-12-28 04:00:00;2013;12;28;4;-2.364;6.908;93.913;3.909;2.181;0.677;0.678;0.671;0.737
2013-12-28 05:00:00;2013;12;28;5;-2.348;6.806;93.365;4.601;1.552;0.677;0.678;0.671;0.737
2013-12-28 06:00:00;2013;12;28;6;-2.515;6.637;92.998;3.929;0.483;0.678;0.678;0.671;0.738
2013-12-28 07:00:00;2013;12;28;7;-2.035;6.727;92.735;5.113;0.634;0.678;0.678;0.671;0.738
2013-12-28 08:00:00;2013;12;28;8;10.881;6.716;92.102;4.629;0.005;0.678;0.678;0.671;0.738
2013-12-28 09:00:00;2013;12;28;9;49.986;6.756;90.297;4.886;0.0;0.678;0.678;0.671;0.738
2013-12-28 10:00:00;2013;12;28;10;178.114;7.304;87.055;5.293;0.0;0.679;0.679;0.671;0.738
2013-12-28 11:00:00;2013;12;28;11;219.436;7.976;83.343;5.428;0.0;0.679;0.68;0.671;0.738
2013-12-28 12:00:00;2013;12;28;12;218.581;8.387;81.179;5.396;0.0;0.679;0.68;0.671;0.737
2013-12-28 13:00:00;2013;12;28;13;163.966;8.556;77.709;5.051;0.0;0.679;0.68;0.67;0.737
2013-12-28 14:00:00;2013;12;28;14;46.571;7.677;80.18;4.359;0.0;0.679;0.68;0.671;0.737
2013-12-28 15:00:00;2013;12;28;15;2.303;5.81;85.052;3.395;0.004;0.679;0.681;0.67;0.737
2013-12-28 16:00:00;2013;12;28;16;-4.931;4.379;90.695;3.432;0.004;0.679;0.68;0.671;0.738
2013-12-28 17:00:00;2013;12;28;17;-4.743;4.224;93.198;3.115;0.001;0.679;0.68;0.671;0.738
2013-12-28 18:00:00;2013;12;28;18;-4.468;5.607;92.47;3.666;0.001;0.679;0.68;0.671;0.738
2013-12-28 19:00:00;2013;12;28;19;-4.356;5.572;92.572;3.929;0.0;0.679;0.68;0.671;0.738
2013-12-28 20:00:00;2013;12;28;20;-4.812;5.371;92.118;3.202;0.001;0.678;0.681;0.67;0.737
2013-12-28 21:00:00;2013;12;28;21;-4.47;5.279;91.542;3.988;0.001;0.679;0.681;0.67;0.738
2013-12-28 22:00:00;2013;12;28;22;-4.622;5.121;91.008;3.486;0.0;0.679;0.681;0.67;0.737
2013-12-28 23:00:00;2013;12;28;23;-4.88;4.73;90.82;3.493;0.001;0.679;0.681;0.67;0.738
2013-12-29 00:00:00;2013;12;29;0;-4.773;4.427;91.688;3.83;0.001;0.679;0.68;0.671;0.738
2013-12-29 01:00:00;2013;12;29;1;-4.194;4.057;92.755;3.599;0.0;0.68;0.68;0.671;0.738
2013-12-29 02:00:00;2013;12;29;2;-3.387;5.094;89.59;4.514;0.0;0.68;0.681;0.671;0.738
2013-12-29 03:00:00;2013;12;29;3;-3.806;5.206;88.817;3.531;0.156;0.681;0.681;0.671;0.738
2013-12-29 04:00:00;2013;12;29;4;-3.543;5.103;90.08;4.557;0.44;0.681;0.681;0.672;0.738
2013-12-29 05:00:00;2013;12;29;5;-3.789;4.734;88.928;3.411;0.01;0.681;0.681;0.671;0.738
2013-12-29 06:00:00;2013;12;29;6;-3.588;4.661;89.165;3.412;0.0;0.681;0.681;0.671;0.738
2013-12-29 07:00:00;2013;12;29;7;-2.323;4.277;88.38;3.67;0.0;0.681;0.681;0.672;0.738
2013-12-29 08:00:00;2013;12;29;8;33.044;3.591;90.962;3.313;0.0;0.681;0.68;0.672;0.739
2013-12-29 09:00:00;2013;12;29;9;131.561;4.629;90.38;4.31;0.0;0.681;0.681;0.672;0.739
2013-12-29 10:00:00;2013;12;29;10;177.266;5.736;87.468;4.867;0.0;0.681;0.681;0.672;0.739
2013-12-29 11:00:00;2013;12;29;11;224.336;6.491;84.403;5.835;0.0;0.682;0.68;0.673;0.739
2013-12-29 12:00:00;2013;12;29;12;195.539;6.966;82.29;6.026;0.0;0.682;0.68;0.673;0.739
2013-12-29 13:00:00;2013;12;29;13;74.673;6.838;82.825;5.244;0.0;0.682;0.68;0.673;0.739
2013-12-29 14:00:00;2013;12;29;14;45.141;7.016;80.329;5.647;0.0;0.682;0.68;0.673;0.739
2013-12-29 15:00:00;2013;12;29;15;3.292;6.207;80.644;5.172;0.0;0.682;0.68;0.673;0.739
2013-12-29 16:00:00;2013;12;29;16;-4.992;5.187;82.842;4.374;0.0;0.682;0.68;0.673;0.739
2013-12-29 17:00:00;2013;12;29;17;-5.25;4.373;85.693;3.206;0.0;0.682;0.68;0.673;0.739
2013-12-29 18:00:00;2013;12;29;18;-4.825;4.478;86.45;4.476;0.0;0.682;0.68;0.673;0.739
2013-12-29 19:00:00;2013;12;29;19;-4.735;4.325;85.262;4.56;0.0;0.681;0.681;0.671;0.739
2013-12-29 20:00:00;2013;12;29;20;-5.098;3.819;86.247;3.615;0.0;0.681;0.681;0.671;0.738
2013-12-29 21:00:00;2013;12;29;21;-5.154;3.246;86.467;3.33;0.0;0.681;0.681;0.671;0.738
2013-12-29 22:00:00;2013;12;29;22;-5.091;2.807;87.892;4.293;0.01;0.682;0.681;0.671;0.738
2013-12-29 23:00:00;2013;12;29;23;-4.91;2.258;90.128;4.704;0.0;0.681;0.68;0.671;0.738
2013-12-30 00:00:00;2013;12;30;0;-4.877;1.973;91.052;4.371;0.0;0.682;0.68;0.673;0.739
2013-12-30 01:00:00;2013;12;30;1;-4.751;2.068;91.678;4.506;0.0;0.682;0.68;0.673;0.739
2013-12-30 02:00:00;2013;12;30;2;-4.871;1.953;91.62;4.296;0.0;0.682;0.68;0.673;0.739
2013-12-30 03:00:00;2013;12;30;3;-4.622;1.749;92.857;4.89;0.02;0.682;0.68;0.673;0.739
2013-12-30 04:00:00;2013;12;30;4;-4.458;1.994;92.58;5.689;0.01;0.682;0.68;0.673;0.739
2013-12-30 05:00:00;2013;12;30;5;-4.332;2.357;91.422;6.492;0.02;0.682;0.679;0.673;0.739
2013-12-30 06:00:00;2013;12;30;6;-4.373;2.623;89.892;6.721;0.01;0.682;0.679;0.672;0.739
2013-12-30 07:00:00;2013;12;30;7;0.282;2.333;90.092;6.567;0.01;0.681;0.679;0.672;0.739
2013-12-30 08:00:00;2013;12;30;8;54.323;3.179;86.805;8.078;0.01;0.682;0.679;0.673;0.739
2013-12-30 09:00:00;2013;12;30;9;129.643;4.377;82.785;8.578;0.0;0.682;0.679;0.673;0.739
2013-12-30 10:00:00;2013;12;30;10;141.938;5.348;79.296;8.73;0.0;0.682;0.679;0.673;0.739
2013-12-30 11:00:00;2013;12;30;11;209.52;6.412;74.86;9.023;0.0;0.682;0.679;0.673;0.739
2013-12-30 12:00:00;2013;12;30;12;125.441;6.703;72.383;9.916;0.0;0.683;0.679;0.673;0.739
2013-12-30 13:00:00;2013;12;30;13;74.806;6.597;72.677;9.584;0.0;0.682;0.679;0.672;0.739
2013-12-30 14:00:00;2013;12;30;14;33.76;6.418;72.753;9.183;0.0;0.682;0.679;0.672;0.739
2013-12-30 15:00:00;2013;12;30;15;1.261;6.193;72.304;8.989;0.0;0.682;0.679;0.672;0.738
2013-12-30 16:00:00;2013;12;30;16;-3.563;6.162;73.798;8.771;0.07;0.682;0.679;0.672;0.739
2013-12-30 17:00:00;2013;12;30;17;-3.8;6.196;77.385;8.752;0.34;0.682;0.679;0.672;0.738
2013-12-30 18:00:00;2013;12;30;18;-2.953;6.486;77.41;9.156;0.02;0.682;0.68;0.671;0.738
2013-12-30 19:00:00;2013;12;30;19;-2.834;6.72;77.003;8.582;0.0;0.682;0.68;0.671;0.737
2013-12-30 20:00:00;2013;12;30;20;-2.974;6.705;78.239;8.231;0.0;0.682;0.68;0.671;0.738
2013-12-30 21:00:00;2013;12;30;21;-3.336;6.63;79.474;7.573;0.0;0.682;0.68;0.671;0.738
2013-12-30 22:00:00;2013;12;30;22;-3.166;6.527;80.487;6.992;0.0;0.682;0.68;0.671;0.738
2013-12-30 23:00:00;2013;12;30;23;-3.347;6.245;81.723;5.497;0.0;0.681;0.681;0.67;0.738
2013-12-31 00:00:00;2013;12;31;0;-3.403;5.779;84.188;4.386;0.0;0.681;0.68;0.67;0.737
2013-12-31 01:00:00;2013;12;31;1;-3.239;5.388;85.247;4.591;0.0;0.681;0.68;0.67;0.738
2013-12-31 02:00:00;2013;12;31;2;-3.01;5.897;83.387;5.234;0.0;0.682;0.68;0.672;0.738
2013-12-31 03:00:00;2013;12;31;3;-3.014;6.0;82.768;5.835;0.0;0.682;0.679;0.672;0.738
2013-12-31 04:00:00;2013;12;31;4;-3.228;5.842;83.713;5.031;0.0;0.682;0.679;0.672;0.738
2013-12-31 05:00:00;2013;12;31;5;-3.127;5.806;83.028;5.884;0.0;0.682;0.679;0.672;0.738
2013-12-31 06:00:00;2013;12;31;6;-3.931;5.28;83.585;5.684;0.0;0.682;0.679;0.672;0.739
2013-12-31 07:00:00;2013;12;31;7;-1.685;4.995;85.068;6.24;0.0;0.681;0.679;0.672;0.738
2013-12-31 08:00:00;2013;12;31;8;49.375;5.41;84.588;6.291;0.0;0.681;0.679;0.672;0.738
2013-12-31 09:00:00;2013;12;31;9;89.467;5.917;81.773;7.196;0.0;0.681;0.679;0.671;0.738
2013-12-31 10:00:00;2013;12;31;10;123.299;6.635;77.048;7.081;0.0;0.679;0.679;0.671;0.738
2013-12-31 11:00:00;2013;12;31;11;198.947;7.621;72.374;6.933;0.0;0.677;0.679;0.67;0.738
2013-12-31 12:00:00;2013;12;31;12;129.612;7.709;73.438;6.082;0.0;0.676;0.676;0.671;0.737
2013-12-31 13:00:00;2013;12;31;13;123.596;8.261;73.363;6.879;0.0;0.68;0.679;0.671;0.738
2013-12-31 14:00:00;2013;12;31;14;46.714;7.957;74.73;6.086;0.0;0.686;0.679;0.67;0.738
2013-12-31 15:00:00;2013;12;31;15;3.375;7.569;74.208;5.6;0.02;0.685;0.68;0.669;0.738
2013-12-31 16:00:00;2013;12;31;16;-4.258;7.399;72.627;6.056;0.03;0.685;0.677;0.671;0.739
2013-12-31 17:00:00;2013;12;31;17;-3.626;7.252;68.928;6.192;0.0;0.685;0.679;0.67;0.738
2013-12-31 18:00:00;2013;12;31;18;-3.199;6.884;68.068;6.703;0.0;0.685;0.679;0.67;0.737
2013-12-31 19:00:00;2013;12;31;19;-3.14;6.612;66.872;6.524;0.0;0.684;0.68;0.669;0.737
2013-12-31 20:00:00;2013;12;31;20;-3.5;6.569;66.224;6.469;0.02;0.684;0.679;0.67;0.737
2013-12-31 21:00:00;2013;12;31;21;-3.633;6.101;71.205;5.67;0.0;0.684;0.679;0.67;0.738
2013-12-31 22:00:00;2013;12;31;22;-3.692;6.098;71.852;5.185;0.13;0.683;0.679;0.669;0.737
2013-12-31 23:00:00;2013;12;31;23;-3.865;5.739;81.448;5.635;0.63;0.684;0.679;0.67;0.737
2014-01-01 00:00:00;2014;1;1;0;-3.582;5.824;86.39;6.963;0.07;0.686;0.679;0.67;0.738
